# Blender 3.6.1
# www.blender.org
mtllib Dice.mtl
o Dice
v -1.205158 0.954999 -0.000000
v -1.240145 1.004994 -0.107677
v -1.271706 1.004994 -0.091596
v -1.296754 1.004994 -0.066548
v -1.312835 1.004994 -0.034986
v -0.705158 0.768845 -0.450005
v -1.405446 0.769186 0.250923
v -0.812835 0.803831 -0.500000
v -0.796754 0.835393 -0.500000
v -0.638610 0.677249 -0.500000
v -0.670172 0.661168 -0.500000
v -1.405163 0.054989 0.500000
v -1.405163 0.019637 0.485357
v -0.505153 0.019637 0.485357
v -0.505153 0.054989 0.500000
v -0.455158 0.054989 0.450005
v -0.469801 0.019637 0.450005
v -0.469801 0.019637 -0.450005
v -0.455158 0.054989 -0.450005
v -1.440515 0.054989 0.485357
v -1.405163 0.954999 0.500000
v -1.440515 0.954999 0.485357
v -0.469801 0.954999 -0.485357
v -0.455158 0.954999 -0.450005
v -0.469801 0.054989 -0.485357
v -1.405163 0.990351 -0.485357
v -1.405163 1.004994 -0.450005
v -0.505153 1.004994 -0.450005
v -0.505153 0.990351 -0.485357
v -1.440515 0.990351 0.450005
v -1.405163 1.004994 0.450005
v -1.440515 0.990351 -0.450005
v -1.205158 1.004994 -0.113218
v -1.318377 1.004994 -0.000000
v -1.455158 0.835393 0.158404
v -1.455158 0.803831 0.142323
v -1.455158 0.661168 0.284987
v -1.455158 0.677249 0.316548
v -1.097481 1.004994 -0.242244
v -1.091940 1.004994 -0.277231
v -1.205158 1.004994 -0.164012
v -1.170172 1.004994 -0.169554
v -1.097481 0.233859 0.500000
v -1.091940 0.268845 0.500000
v -0.455158 0.268845 -0.136781
v -0.455158 0.233859 -0.142323
v -0.455158 0.376522 -0.284986
v -0.455158 0.382063 -0.250000
v -1.205158 0.382063 0.500000
v -1.240145 0.376522 0.500000
v -1.113562 1.004994 -0.210683
v -1.138610 1.004994 -0.185635
v -1.170172 1.004994 -0.107677
v -1.312835 1.004994 0.034986
v -0.771706 0.860441 -0.500000
v -0.613562 0.702297 -0.500000
v -1.455158 0.860441 0.183452
v -1.455158 0.702297 0.341596
v -0.455158 0.303831 -0.142323
v -1.097481 0.303831 0.500000
v -1.170172 0.376522 0.500000
v -0.455158 0.376522 -0.215013
v -1.138610 0.360441 0.500000
v -0.455158 0.335393 -0.158404
v -0.455158 0.360441 -0.183452
v -1.113562 0.335393 0.500000
v -1.138610 1.004994 -0.091596
v -1.296754 1.004994 0.066548
v -1.205158 0.954999 0.278599
v -0.705158 0.954999 -0.277231
v -0.740145 0.876522 -0.500000
v -0.597481 0.733859 -0.500000
v -1.455158 0.876522 0.215014
v -1.455158 0.733859 0.357677
v -1.113562 1.004994 -0.066548
v -1.271706 1.004994 0.091596
v -1.205158 0.768845 0.450005
v -0.705158 0.268845 0.450005
v -0.955158 0.518845 0.450005
v -0.505153 0.518845 -0.000000
v -0.591940 0.768845 -0.500000
v -0.705158 0.882063 -0.500000
v -1.455158 0.768845 0.363219
v -1.455158 0.882063 0.250000
v -0.670172 0.876522 -0.500000
v -0.597481 0.803831 -0.500000
v -1.240145 1.004994 0.107677
v -1.097481 1.004994 -0.034986
v -1.455158 0.876522 0.284987
v -1.455158 0.803831 0.357677
v -0.638610 0.860441 -0.500000
v -0.613562 0.835393 -0.500000
v -1.455158 0.860441 0.316548
v -1.455158 0.835393 0.341596
v -1.271706 1.004994 0.187003
v -1.296754 1.004994 0.212051
v -0.771706 1.004994 -0.368826
v -0.796754 1.004994 -0.343779
v -0.505153 0.954999 -0.500000
v -0.476298 0.983853 -0.478860
v -1.455158 0.954999 0.450005
v -1.434018 0.983853 0.478860
v -0.476298 0.026134 0.478860
v -0.505153 0.004994 0.450005
v -1.205158 1.004994 0.113219
v -1.091940 1.004994 -0.000000
v -1.240145 1.004994 0.170922
v -0.740145 1.004994 -0.384908
v -0.812835 1.004994 -0.312217
v -1.312835 1.004994 0.243612
v -0.705158 0.954999 -0.000000
v -0.705158 1.004994 -0.390449
v -1.205158 1.004994 0.165380
v -1.318377 1.004994 0.278599
v -0.818377 1.004994 -0.277231
v -0.469801 0.990351 -0.450005
v -1.405163 0.990351 0.485357
v -0.469801 0.054989 0.485357
v -1.097481 1.004994 0.034986
v -1.170172 1.004994 0.107677
v -1.296754 0.702297 0.500000
v -1.271706 0.677249 0.500000
v -0.796754 0.202297 0.500000
v -0.771706 0.177249 0.500000
v -1.046754 0.452297 0.500000
v -1.021706 0.427249 0.500000
v -0.455158 0.427249 -0.066548
v -0.455158 0.452297 -0.091596
v -1.240145 0.661168 0.500000
v -1.312835 0.733859 0.500000
v -0.740145 0.161168 0.500000
v -0.812835 0.233859 0.500000
v -1.062835 0.483859 0.500000
v -0.990144 0.411168 0.500000
v -0.455158 0.411168 -0.034986
v -0.455158 0.483859 -0.107677
v -1.113562 1.004994 0.066548
v -1.138610 1.004994 0.091596
v -1.170172 1.004994 0.170922
v -0.670172 1.004994 -0.384908
v -1.312835 1.004994 0.313585
v -0.812835 1.004994 -0.242244
v -1.318377 0.768845 0.500000
v -1.205158 0.655626 0.500000
v -0.818377 0.268845 0.500000
v -0.705158 0.155626 0.500000
v -1.068377 0.518845 0.500000
v -0.955158 0.405627 0.500000
v -0.455158 0.405627 -0.000000
v -0.455158 0.518845 -0.113218
v -1.312835 0.803831 0.500000
v -1.062835 0.553831 0.500000
v -0.455158 0.553831 -0.107677
v -0.812835 0.303831 0.500000
v -0.920172 0.411168 0.500000
v -0.455158 0.411168 0.034987
v -1.170172 0.661168 0.500000
v -0.670172 0.161168 0.500000
v -1.138610 1.004994 0.187003
v -0.638610 1.004994 -0.368826
v -0.796754 1.004994 -0.210683
v -1.296754 1.004994 0.345147
v -0.705158 0.954999 0.278599
v -0.455158 0.585393 -0.091596
v -1.046754 0.585393 0.500000
v -0.888610 0.427249 0.500000
v -0.796754 0.335393 0.500000
v -0.455158 0.427249 0.066548
v -1.296754 0.835393 0.500000
v -1.138610 0.677249 0.500000
v -0.638610 0.177249 0.500000
v -0.771706 1.004994 -0.185635
v -1.113562 1.004994 0.212051
v -1.271706 1.004994 0.370194
v -0.613562 1.004994 -0.343779
v -0.705158 0.768845 0.450005
v -0.505153 0.768845 0.250000
v -1.113562 0.702297 0.500000
v -0.863562 0.452297 0.500000
v -0.613562 0.202297 0.500000
v -1.021675 0.610457 0.499450
v -0.455158 0.610441 -0.066548
v -0.455158 0.452297 0.091596
v -0.771706 0.360441 0.500000
v -1.271706 0.860441 0.500000
v -0.740145 1.004994 -0.169554
v -1.240145 1.004994 0.386276
v -1.097481 1.004994 0.243612
v -0.597481 1.004994 -0.312217
v -0.771706 1.004994 -0.091596
v -0.796754 1.004994 -0.066548
v -0.847481 0.483859 0.500000
v -1.097481 0.733859 0.500000
v -0.597481 0.233859 0.500000
v -0.455158 0.483859 0.107677
v -0.990176 0.626506 0.499450
v -0.455158 0.626522 -0.034986
v -0.740145 0.376522 0.500000
v -1.240145 0.876522 0.500000
v -0.705158 1.004994 -0.164012
v -1.205158 1.004994 0.391817
v -1.091940 1.004994 0.278599
v -0.591940 1.004994 -0.277231
v -0.740145 1.004994 -0.107677
v -0.812835 1.004994 -0.034986
v -0.705158 1.004994 -0.113218
v -0.818377 1.004994 -0.000000
v -0.597481 1.004994 -0.242244
v -1.097481 1.004994 0.313585
v -1.170172 1.004994 0.386276
v -0.670172 1.004994 -0.169554
v -1.091940 0.768845 0.500000
v -0.841940 0.518845 0.500000
v -0.591940 0.268845 0.500000
v -0.455158 0.518845 0.113219
v -0.955158 0.632063 0.500000
v -0.455158 0.632063 -0.000000
v -0.705158 0.382063 0.500000
v -1.205158 0.882063 0.500000
v -0.613562 1.004994 -0.210683
v -1.113562 1.004994 0.345147
v -1.138610 1.004994 0.370194
v -0.638610 1.004994 -0.185635
v -0.670172 1.004994 -0.107677
v -0.812835 1.004994 0.034986
v -0.455158 0.553831 0.107677
v -0.847481 0.553831 0.500000
v -1.097481 0.803831 0.500000
v -0.597481 0.303831 0.500000
v -0.920172 0.626522 0.500000
v -0.455158 0.626522 0.034987
v -0.670172 0.376522 0.500000
v -1.170172 0.876522 0.500000
v -0.455158 0.585393 0.091596
v -1.138610 0.860441 0.500000
v -0.638610 0.360441 0.500000
v -0.455158 0.610441 0.066548
v -0.888610 0.610441 0.500000
v -0.863562 0.585393 0.500000
v -0.613562 0.335393 0.500000
v -1.113562 0.835393 0.500000
v -0.638610 1.004994 -0.091596
v -0.796754 1.004994 0.066548
v -0.771706 1.004994 0.091596
v -0.613562 1.004994 -0.066548
v -0.740145 1.004994 0.107677
v -0.597481 1.004994 -0.034986
v -0.771706 1.004994 0.187003
v -0.796754 1.004994 0.212051
v -0.705158 1.004994 0.113219
v -0.591940 1.004994 -0.000000
v -0.740145 1.004994 0.170922
v -0.812835 1.004994 0.243612
v -0.705158 1.004994 0.165380
v -0.818377 1.004994 0.278599
v -0.597481 1.004994 0.034986
v -0.670172 1.004994 0.107677
v -0.796754 0.702297 0.500000
v -0.771706 0.677249 0.500000
v -0.455158 0.677249 0.183452
v -0.455158 0.702297 0.158404
v -0.476298 0.983853 0.478860
v -0.505153 0.954999 0.500000
v -0.469801 0.954999 0.485357
v -0.469801 0.990351 0.450005
v -0.505153 1.004994 0.450005
v -0.505153 0.990351 0.485357
v -0.455158 0.954999 0.450005
v -0.812835 0.733859 0.500000
v -0.740145 0.661168 0.500000
v -0.455158 0.661168 0.215014
v -0.455158 0.733859 0.142323
v -0.613562 1.004994 0.066548
v -0.638610 1.004994 0.091596
v -0.670172 1.004994 0.170922
v -0.812835 1.004994 0.313585
v -0.818377 0.768845 0.500000
v -0.455158 0.768845 0.136782
v -0.705158 0.655626 0.500000
v -0.455158 0.655627 0.250000
v -0.455158 0.803831 0.142323
v -0.812835 0.803831 0.500000
v -0.455158 0.661168 0.284987
v -0.670172 0.661168 0.500000
v -0.638610 1.004994 0.187003
v -0.796754 1.004994 0.345147
v -0.455158 0.835393 0.158404
v -0.455158 0.677249 0.316548
v -0.796754 0.835393 0.500000
v -0.638610 0.677249 0.500000
v -0.771706 1.004994 0.370194
v -0.613562 1.004994 0.212051
v -0.455158 0.860441 0.183452
v -0.455158 0.702297 0.341596
v -0.613562 0.702297 0.500000
v -0.771706 0.860441 0.500000
v -0.740145 1.004994 0.386276
v -0.597481 1.004994 0.243612
v -0.455158 0.733859 0.357677
v -0.597481 0.733859 0.500000
v -0.455158 0.876522 0.215014
v -0.740145 0.876522 0.500000
v -0.705158 1.004994 0.391817
v -0.591940 1.004994 0.278599
v -0.597481 1.004994 0.313585
v -0.670172 1.004994 0.386276
v -0.591940 0.768845 0.500000
v -0.455158 0.768845 0.363219
v -0.455158 0.882063 0.250000
v -0.705158 0.882063 0.500000
v -0.613562 1.004994 0.345147
v -0.638610 1.004994 0.370194
v -0.455158 0.803831 0.357677
v -0.597481 0.803831 0.500000
v -0.670172 0.876522 0.500000
v -0.455158 0.876522 0.284987
v -0.455158 0.835393 0.341596
v -0.638610 0.860441 0.500000
v -0.455158 0.860441 0.316548
v -0.613562 0.835393 0.500000
v -1.113562 0.202297 0.500000
v -1.138610 0.177249 0.500000
v -1.170172 0.161168 0.500000
v -1.205158 0.155626 0.500000
v -0.455158 0.155627 -0.250000
v -0.455158 0.161168 -0.215013
v -0.455158 0.177249 -0.183452
v -0.455158 0.202297 -0.158404
v -1.240145 0.161168 0.500000
v -1.271706 0.177249 0.500000
v -1.296754 0.202297 0.500000
v -1.312835 0.233859 0.500000
v -1.318377 0.268845 0.500000
v -1.312835 0.303831 0.500000
v -1.296754 0.335393 0.500000
v -1.271706 0.360441 0.500000
v -0.455158 0.360441 -0.316548
v -0.455158 0.335393 -0.341596
v -0.455158 0.303831 -0.357677
v -0.455158 0.268845 -0.363218
v -0.455158 0.233859 -0.357677
v -0.455158 0.202297 -0.341596
v -0.455158 0.177249 -0.316548
v -0.455158 0.161168 -0.284986
v -1.205158 1.004994 -0.390449
v -1.170172 1.004994 -0.384908
v -1.138610 1.004994 -0.368826
v -1.113562 1.004994 -0.343779
v -1.097481 1.004994 -0.312217
v -1.240145 1.004994 -0.169554
v -1.271706 1.004994 -0.185635
v -1.296754 1.004994 -0.210683
v -1.312835 1.004994 -0.242244
v -1.318377 1.004994 -0.277231
v -1.312835 1.004994 -0.312217
v -1.296754 1.004994 -0.343779
v -1.271706 1.004994 -0.368826
v -1.240145 1.004994 -0.384908
v -0.505153 0.268845 -0.250000
v -1.205158 0.268845 0.450005
v -1.455158 0.655627 0.250000
v -1.455158 0.768845 0.136782
v -0.705158 0.655626 -0.500000
v -0.818377 0.768845 -0.500000
v -0.505153 0.004994 -0.450005
v -1.405163 0.004994 0.450005
v -0.505153 0.054989 -0.500000
v -1.405163 0.954999 -0.500000
v -1.455158 0.954999 -0.450005
v -1.455158 0.054989 0.450005
v -1.205158 0.954999 -0.277231
v -1.455158 0.661168 0.215014
v -1.455158 0.733859 0.142323
v -0.740145 0.661168 -0.500000
v -0.812835 0.733859 -0.500000
v -1.455158 0.677249 0.183452
v -1.455158 0.702297 0.158404
v -0.796754 0.702297 -0.500000
v -0.771706 0.677249 -0.500000
v -1.405464 0.267198 0.250335
v -1.405448 0.767945 -0.249389
v -0.955158 0.054989 -0.000000
v -1.434018 0.026134 0.478860
v -0.476298 0.026134 -0.478860
v -1.434018 0.983853 -0.478860
v -1.455158 0.835393 -0.158404
v -1.455158 0.860441 -0.183452
v -1.455158 0.335393 0.341596
v -1.455158 0.360441 0.316548
v -1.455158 0.803831 -0.142323
v -1.455158 0.303831 0.357677
v -1.455158 0.376522 0.284987
v -1.455158 0.876522 -0.215013
v -0.863562 0.004994 0.066548
v -0.888610 0.004994 0.091596
v -0.505153 0.019637 -0.485357
v -1.440515 0.019637 0.450005
v -1.440515 0.954999 -0.485357
v -0.847481 0.004994 0.034986
v -0.920172 0.004994 0.107677
v -1.455158 0.268845 0.363219
v -1.455158 0.768845 -0.136781
v -1.455158 0.382063 0.250000
v -1.455158 0.882063 -0.250000
v -0.955158 0.004994 0.113219
v -0.841940 0.004994 -0.000000
v -1.455158 0.376522 0.215014
v -1.455158 0.876522 -0.284986
v -1.455158 0.233859 0.357677
v -1.455158 0.733859 -0.142323
v -0.847481 0.004994 -0.034986
v -0.990145 0.004994 0.107677
v -1.455158 0.202297 0.341596
v -1.455158 0.702297 -0.158404
v -1.455158 0.360441 0.183452
v -1.455158 0.860441 -0.316548
v -0.863562 0.004994 -0.066548
v -1.021706 0.004994 0.091596
v -1.455158 0.177249 0.316548
v -1.455158 0.677249 -0.183452
v -1.455158 0.835393 -0.341596
v -1.455158 0.335393 0.158404
v -1.405462 0.267378 -0.249350
v -1.205158 0.268845 -0.450005
v -0.888610 0.004994 -0.091596
v -1.046754 0.004994 0.066548
v -1.455158 0.161168 0.284987
v -1.455158 0.661168 -0.215013
v -1.455158 0.803831 -0.357677
v -1.455158 0.303831 0.142323
v -1.062835 0.004994 0.034986
v -0.920172 0.004994 -0.107677
v -1.455158 0.155627 0.250000
v -1.455158 0.655627 -0.250000
v -1.455158 0.268845 0.136782
v -1.455158 0.768845 -0.363218
v -1.068377 0.004994 -0.000000
v -0.955158 0.004994 -0.113218
v -1.455158 0.161168 0.215014
v -1.455158 0.233859 0.142323
v -1.455158 0.661168 -0.284986
v -1.455158 0.733859 -0.357677
v -1.062835 0.004994 -0.034986
v -0.990145 0.004994 -0.107677
v -1.455158 0.202297 0.158404
v -1.455158 0.177249 0.183452
v -1.455158 0.702297 -0.341596
v -1.455158 0.677249 -0.316548
v -1.046754 0.004994 -0.066548
v -1.021706 0.004994 -0.091596
v -1.455158 0.335393 -0.158404
v -1.455158 0.360441 -0.183452
v -1.138610 0.360441 -0.500000
v -1.113562 0.335393 -0.500000
v -1.455158 0.303831 -0.142323
v -1.455158 0.376522 -0.215013
v -1.097481 0.303831 -0.500000
v -1.170172 0.376522 -0.500000
v -1.455158 0.268845 -0.136781
v -1.455158 0.382063 -0.250000
v -1.434018 0.026134 -0.478860
v -1.455158 0.054989 -0.450005
v -1.440515 0.054989 -0.485357
v -1.405163 0.019637 -0.485357
v -1.405163 0.004994 -0.450005
v -1.405163 0.054989 -0.500000
v -1.440515 0.019637 -0.450005
v -1.091940 0.268845 -0.500000
v -1.205158 0.382063 -0.500000
v -1.455158 0.376522 -0.284986
v -1.455158 0.233859 -0.142323
v -1.097481 0.233859 -0.500000
v -1.240145 0.376522 -0.500000
v -1.455158 0.202297 -0.158404
v -1.455158 0.360441 -0.316548
v -1.113562 0.202297 -0.500000
v -1.271706 0.360441 -0.500000
v -1.455158 0.177249 -0.183452
v -1.455158 0.335393 -0.341596
v -1.138610 0.177249 -0.500000
v -1.296754 0.335393 -0.500000
v -1.455158 0.161168 -0.215013
v -1.455158 0.303831 -0.357677
v -1.170172 0.161168 -0.500000
v -1.312835 0.303831 -0.500000
v -1.455158 0.155627 -0.250000
v -1.455158 0.268845 -0.363218
v -1.205158 0.155626 -0.500000
v -1.318377 0.268845 -0.500000
v -1.455158 0.161168 -0.284986
v -1.455158 0.233859 -0.357677
v -1.240145 0.161168 -0.500000
v -1.312835 0.233859 -0.500000
v -1.455158 0.202297 -0.341596
v -1.455158 0.177249 -0.316548
v -1.296754 0.202297 -0.500000
v -1.271706 0.177249 -0.500000
v -1.205158 0.954999 -0.088466
v -1.205158 0.962159 -0.105969
v -1.205158 0.979447 -0.113218
v -1.177821 0.954999 -0.084136
v -1.172412 0.962159 -0.100782
v -1.170172 0.979447 -0.107677
v -1.289294 0.954999 0.027337
v -1.305940 0.962159 0.032746
v -1.312835 0.979447 0.034986
v -1.318377 0.979447 -0.000000
v -1.311127 0.962159 -0.000000
v -1.293624 0.954999 -0.000000
v -1.271706 0.979447 -0.091596
v -1.267445 0.962159 -0.085730
v -1.257157 0.954999 -0.071570
v -1.240144 0.979447 -0.107677
v -1.237904 0.962159 -0.100782
v -1.232495 0.954999 -0.084136
v -1.312835 0.979447 -0.034986
v -1.305940 0.962159 -0.032746
v -1.289294 0.954999 -0.027337
v -1.296754 0.979447 -0.066548
v -1.290888 0.962159 -0.062287
v -1.276728 0.954999 -0.051999
v -0.776728 0.716846 -0.450005
v -0.790888 0.706558 -0.457166
v -0.796754 0.702297 -0.474453
v -0.757157 0.697275 -0.450005
v -0.767445 0.683115 -0.457166
v -0.771706 0.677249 -0.474453
v -0.732496 0.684709 -0.450005
v -0.737904 0.668063 -0.457166
v -0.740145 0.661168 -0.474453
v -0.789294 0.741508 -0.450005
v -0.805940 0.736099 -0.457166
v -0.812835 0.733859 -0.474453
v -1.153159 0.954999 -0.071570
v -1.142871 0.962159 -0.085730
v -1.138610 0.979447 -0.091596
v -1.276728 0.954999 0.051999
v -1.290888 0.962159 0.062287
v -1.296754 0.979447 0.066548
v -1.405446 0.697473 0.198820
v -1.412524 0.683346 0.188460
v -1.429694 0.677424 0.183925
v -1.405446 0.717059 0.179175
v -1.412514 0.706797 0.164987
v -1.429673 0.702472 0.158877
v -0.776728 0.820844 -0.450005
v -0.790888 0.831132 -0.457166
v -0.796754 0.835393 -0.474453
v -0.812835 0.803831 -0.474453
v -0.805940 0.801591 -0.457166
v -0.789294 0.796182 -0.450005
v -0.677821 0.684709 -0.450005
v -0.672412 0.668063 -0.457166
v -0.670172 0.661168 -0.474453
v -0.638610 0.677249 -0.474453
v -0.642871 0.683115 -0.457166
v -0.653159 0.697275 -0.450005
v -1.405446 0.741775 0.166559
v -1.412507 0.736361 0.149915
v -1.429652 0.734034 0.142796
v -1.405446 0.684938 0.223549
v -1.412545 0.668305 0.218029
v -1.429745 0.661342 0.215485
v -0.793624 0.768845 -0.450005
v -0.811127 0.768845 -0.457166
v -0.818377 0.768845 -0.474453
v -0.705158 0.680379 -0.450005
v -0.705158 0.662876 -0.457166
v -0.705158 0.655627 -0.474453
v -1.405446 0.796589 0.166586
v -1.412528 0.801910 0.149929
v -1.429705 0.804006 0.142795
v -1.429760 0.835568 0.158876
v -1.412551 0.831451 0.165023
v -1.405446 0.821245 0.179271
v -1.405446 0.697700 0.302861
v -1.412633 0.683438 0.313054
v -1.429958 0.677422 0.317016
v -1.429884 0.661341 0.285456
v -1.412602 0.668341 0.283541
v -1.405446 0.685005 0.278275
v -1.405446 0.769186 0.162220
v -1.412513 0.769138 0.144726
v -1.429668 0.769020 0.137255
v -1.405446 0.680673 0.250923
v -1.412572 0.663145 0.250791
v -1.429810 0.655801 0.250471
v -1.091940 0.979447 -0.277231
v -1.099190 0.962159 -0.277231
v -1.116692 0.954999 -0.277231
v -1.097481 0.979447 -0.242244
v -1.104376 0.962159 -0.244485
v -1.121022 0.954999 -0.249893
v -1.170172 0.979447 -0.169554
v -1.172412 0.962159 -0.176449
v -1.177821 0.954999 -0.193095
v -1.205158 0.979447 -0.164012
v -1.205158 0.962159 -0.171262
v -1.205158 0.954999 -0.188765
v -1.133588 0.954999 -0.051999
v -1.119428 0.962159 -0.062287
v -1.113562 0.979447 -0.066548
v -1.257157 0.954999 0.071570
v -1.267445 0.962159 0.085730
v -1.271706 0.979447 0.091596
v -1.091940 0.268845 0.474453
v -1.099190 0.268845 0.457166
v -1.116692 0.268845 0.450005
v -1.097481 0.233859 0.474453
v -1.104376 0.236099 0.457166
v -1.121022 0.241508 0.450005
v -0.480705 0.233859 -0.142323
v -0.497992 0.236099 -0.149218
v -0.505153 0.241508 -0.165864
v -0.480705 0.268845 -0.136781
v -0.497992 0.268845 -0.144031
v -0.505153 0.268845 -0.161534
v -0.480705 0.382063 -0.250000
v -0.497992 0.374814 -0.250000
v -0.505153 0.357311 -0.250000
v -0.480705 0.376522 -0.284986
v -0.497992 0.369627 -0.282746
v -0.505153 0.352981 -0.277337
v -1.240144 0.376522 0.474453
v -1.237904 0.369627 0.457166
v -1.232495 0.352981 0.450005
v -1.205158 0.382063 0.474453
v -1.205158 0.374813 0.457166
v -1.205158 0.357311 0.450005
v -1.232495 0.954999 0.084136
v -1.237904 0.962159 0.100782
v -1.240144 0.979447 0.107677
v -1.121022 0.954999 -0.027337
v -1.104376 0.962159 -0.032746
v -1.097481 0.979447 -0.034986
v -1.113562 0.979447 -0.210683
v -1.119428 0.962159 -0.214944
v -1.133588 0.954999 -0.225232
v -1.138610 0.979447 -0.185635
v -1.142871 0.962159 -0.191500
v -1.153159 0.954999 -0.205661
v -1.205158 0.954999 0.088466
v -1.205158 0.962159 0.105969
v -1.205158 0.979447 0.113218
v -1.116692 0.954999 -0.000000
v -1.099190 0.962159 -0.000000
v -1.091940 0.979447 -0.000000
v -0.757157 0.840415 -0.450005
v -0.767445 0.854575 -0.457166
v -0.771706 0.860441 -0.474453
v -0.613562 0.702297 -0.474453
v -0.619428 0.706558 -0.457166
v -0.633588 0.716846 -0.450005
v -1.429829 0.860615 0.183922
v -1.412579 0.854881 0.188494
v -1.405446 0.840779 0.198907
v -1.405446 0.717286 0.322357
v -1.412661 0.706889 0.336466
v -1.430025 0.702469 0.342062
v -0.480705 0.303831 -0.142323
v -0.497992 0.301591 -0.149218
v -0.505153 0.296182 -0.165864
v -1.097481 0.303831 0.474453
v -1.104376 0.301591 0.457166
v -1.121022 0.296182 0.450005
v -1.170172 0.376522 0.474453
v -1.172412 0.369627 0.457166
v -1.177821 0.352981 0.450005
v -0.480705 0.376522 -0.215013
v -0.497992 0.369627 -0.217254
v -0.505153 0.352981 -0.222663
v -1.121022 0.954999 0.027337
v -1.104376 0.962159 0.032746
v -1.097481 0.979447 0.034986
v -1.177821 0.954999 0.084136
v -1.172412 0.962159 0.100782
v -1.170172 0.979447 0.107677
v -0.732496 0.852981 -0.450005
v -0.737904 0.869627 -0.457166
v -0.740145 0.876522 -0.474453
v -0.621022 0.741508 -0.450005
v -0.604376 0.736099 -0.457166
v -0.597481 0.733859 -0.474453
v -1.133588 0.954999 0.051999
v -1.119428 0.962159 0.062287
v -1.113562 0.979447 0.066548
v -1.153159 0.954999 0.071570
v -1.142871 0.962159 0.085730
v -1.138610 0.979447 0.091596
v -1.405446 0.853349 0.223577
v -1.412610 0.869926 0.218041
v -1.429903 0.876696 0.215482
v -1.405446 0.741916 0.334853
v -1.412684 0.736418 0.351488
v -1.430080 0.734031 0.358143
v -1.138610 0.360441 0.474453
v -1.142871 0.354575 0.457166
v -1.153159 0.340415 0.450005
v -0.480705 0.335393 -0.158404
v -0.497992 0.331132 -0.164270
v -0.505153 0.320844 -0.178430
v -0.480705 0.360441 -0.183452
v -0.497992 0.354575 -0.187713
v -0.505153 0.340415 -0.198001
v -1.113562 0.335393 0.474453
v -1.119428 0.331132 0.457166
v -1.133588 0.320844 0.450005
v -0.705158 0.857311 -0.450005
v -0.705158 0.874813 -0.457166
v -0.705158 0.882063 -0.474453
v -0.616692 0.768845 -0.450005
v -0.599189 0.768845 -0.457166
v -0.591939 0.768845 -0.474453
v -1.405446 0.857603 0.250923
v -1.412641 0.875081 0.250789
v -1.429976 0.882236 0.250468
v -1.405446 0.769186 0.339145
v -1.412700 0.769137 0.356657
v -1.430116 0.769017 0.363683
v -1.276728 0.954999 0.226600
v -1.290888 0.962159 0.216312
v -1.296754 0.979447 0.212051
v -1.257157 0.954999 0.207029
v -1.267445 0.962159 0.192868
v -1.271706 0.979447 0.187003
v -0.776728 0.954999 -0.329230
v -0.790888 0.962159 -0.339518
v -0.796754 0.979447 -0.343779
v -0.757157 0.954999 -0.348801
v -0.767445 0.962159 -0.362961
v -0.771706 0.979447 -0.368826
v -1.232495 0.954999 0.194463
v -1.237904 0.962159 0.177817
v -1.240144 0.979447 0.170922
v -0.732495 0.954999 -0.361367
v -0.737904 0.962159 -0.378013
v -0.740145 0.979447 -0.384908
v -1.289294 0.954999 0.251261
v -1.305940 0.962159 0.245853
v -1.312835 0.979447 0.243612
v -0.789294 0.954999 -0.304568
v -0.805940 0.962159 -0.309977
v -0.812835 0.979447 -0.312217
v -0.677821 0.852981 -0.450005
v -0.672412 0.869627 -0.457166
v -0.670172 0.876522 -0.474453
v -0.621022 0.796182 -0.450005
v -0.604376 0.801591 -0.457166
v -0.597481 0.803832 -0.474453
v -1.405446 0.853207 0.278223
v -1.412668 0.869867 0.283518
v -1.430041 0.876695 0.285453
v -1.405446 0.796448 0.334824
v -1.412706 0.801851 0.351473
v -1.430133 0.804003 0.358142
v -1.205158 0.954999 0.190133
v -1.205158 0.962159 0.172630
v -1.205158 0.979447 0.165380
v -0.705158 0.954999 -0.365696
v -0.705158 0.962159 -0.383199
v -0.705158 0.979447 -0.390449
v -1.293624 0.954999 0.278599
v -1.311127 0.962159 0.278599
v -1.318377 0.979447 0.278599
v -0.793624 0.954999 -0.277231
v -0.811127 0.962159 -0.277231
v -0.818377 0.979447 -0.277231
v -0.653159 0.840415 -0.450005
v -0.642871 0.854575 -0.457166
v -0.638610 0.860441 -0.474453
v -0.633588 0.820844 -0.450005
v -0.619428 0.831132 -0.457166
v -0.613562 0.835393 -0.474453
v -1.405446 0.840609 0.302814
v -1.412689 0.854803 0.313029
v -1.430091 0.860613 0.317014
v -1.405446 0.821052 0.322310
v -1.412699 0.831367 0.336441
v -1.430112 0.835565 0.342061
v -1.177821 0.954999 0.194463
v -1.172412 0.962159 0.177817
v -1.170172 0.979447 0.170922
v -0.677821 0.954999 -0.361367
v -0.672412 0.962159 -0.378013
v -0.670172 0.979447 -0.384908
v -1.289294 0.954999 0.305936
v -1.305940 0.962159 0.311345
v -1.312835 0.979447 0.313585
v -0.789294 0.954999 -0.249893
v -0.805940 0.962159 -0.244485
v -0.812835 0.979447 -0.242244
v -1.153159 0.954999 0.207029
v -1.142871 0.962159 0.192868
v -1.138610 0.979447 0.187003
v -0.653159 0.954999 -0.348801
v -0.642871 0.962159 -0.362961
v -0.638610 0.979447 -0.368826
v -0.776728 0.954999 -0.225232
v -0.790888 0.962159 -0.214944
v -0.796754 0.979447 -0.210683
v -1.276728 0.954999 0.330598
v -1.290888 0.962159 0.340886
v -1.296754 0.979447 0.345147
v -1.257157 0.697275 0.450005
v -1.267445 0.683115 0.457166
v -1.271706 0.677249 0.474453
v -1.276728 0.716846 0.450005
v -1.290888 0.706558 0.457166
v -1.296754 0.702297 0.474453
v -0.757157 0.197275 0.450005
v -0.767445 0.183115 0.457166
v -0.771706 0.177249 0.474453
v -0.776728 0.216846 0.450005
v -0.790888 0.206558 0.457166
v -0.796754 0.202297 0.474453
v -1.007157 0.447275 0.450005
v -1.017445 0.433115 0.457166
v -1.021706 0.427249 0.474453
v -1.026728 0.466846 0.450005
v -1.040888 0.456558 0.457166
v -1.046754 0.452297 0.474453
v -0.505153 0.466846 -0.071570
v -0.497992 0.456558 -0.085730
v -0.480705 0.452297 -0.091596
v -0.505153 0.447275 -0.051999
v -0.497992 0.433115 -0.062287
v -0.480705 0.427249 -0.066548
v -1.289294 0.741508 0.450005
v -1.305940 0.736099 0.457166
v -1.312835 0.733859 0.474453
v -1.232495 0.684709 0.450005
v -1.237904 0.668063 0.457166
v -1.240144 0.661168 0.474453
v -0.789294 0.241508 0.450005
v -0.805940 0.236099 0.457166
v -0.812835 0.233859 0.474453
v -0.732495 0.184709 0.450005
v -0.737904 0.168063 0.457166
v -0.740145 0.161168 0.474453
v -1.039294 0.491508 0.450005
v -1.055940 0.486099 0.457166
v -1.062835 0.483859 0.474453
v -0.982495 0.434709 0.450005
v -0.987904 0.418063 0.457166
v -0.990144 0.411168 0.474453
v -0.505153 0.434709 -0.027337
v -0.497992 0.418063 -0.032746
v -0.480705 0.411168 -0.034986
v -0.505153 0.491508 -0.084136
v -0.497992 0.486099 -0.100782
v -0.480705 0.483859 -0.107677
v -1.293624 0.768845 0.450005
v -1.311127 0.768845 0.457166
v -1.318377 0.768845 0.474453
v -1.205158 0.680379 0.450005
v -1.205158 0.662876 0.457166
v -1.205158 0.655626 0.474453
v -0.705158 0.180379 0.450005
v -0.705158 0.162876 0.457166
v -0.705158 0.155626 0.474453
v -0.793624 0.268845 0.450005
v -0.811127 0.268845 0.457166
v -0.818377 0.268845 0.474453
v -1.043624 0.518845 0.450005
v -1.061127 0.518845 0.457166
v -1.068377 0.518845 0.474453
v -0.955158 0.430379 0.450005
v -0.955158 0.412876 0.457166
v -0.955158 0.405627 0.474453
v -0.505153 0.430379 -0.000000
v -0.497992 0.412876 -0.000000
v -0.480705 0.405627 -0.000000
v -0.505153 0.518845 -0.088466
v -0.497992 0.518845 -0.105968
v -0.480705 0.518845 -0.113218
v -0.757157 0.954999 -0.205661
v -0.767445 0.962159 -0.191500
v -0.771706 0.979447 -0.185635
v -1.257157 0.954999 0.350169
v -1.267445 0.962159 0.364329
v -1.271706 0.979447 0.370194
v -1.133588 0.954999 0.226600
v -1.119428 0.962159 0.216312
v -1.113562 0.979447 0.212051
v -0.633588 0.954999 -0.329230
v -0.619428 0.962159 -0.339518
v -0.613562 0.979447 -0.343779
v -1.289294 0.796182 0.450005
v -1.305940 0.801591 0.457166
v -1.312835 0.803831 0.474453
v -1.177821 0.684709 0.450005
v -1.172412 0.668063 0.457166
v -1.170172 0.661168 0.474453
v -0.789294 0.296182 0.450005
v -0.805940 0.301591 0.457166
v -0.812835 0.303831 0.474453
v -0.677821 0.184709 0.450005
v -0.672412 0.168063 0.457166
v -0.670172 0.161168 0.474453
v -1.039294 0.546182 0.450005
v -1.055940 0.551591 0.457166
v -1.062835 0.553831 0.474453
v -0.505153 0.546182 -0.084136
v -0.497992 0.551591 -0.100782
v -0.480705 0.553831 -0.107677
v -0.927821 0.434709 0.450005
v -0.922412 0.418063 0.457166
v -0.920172 0.411168 0.474453
v -0.505153 0.434709 0.027337
v -0.497992 0.418063 0.032746
v -0.480705 0.411168 0.034987
v -0.732495 0.954999 -0.193095
v -0.737904 0.962159 -0.176449
v -0.740145 0.979447 -0.169554
v -1.232495 0.954999 0.362735
v -1.237904 0.962159 0.379381
v -1.240144 0.979447 0.386276
v -1.121022 0.954999 0.251261
v -1.104376 0.962159 0.245853
v -1.097481 0.979447 0.243612
v -0.621022 0.954999 -0.304568
v -0.604376 0.962159 -0.309977
v -0.597481 0.979447 -0.312217
v -0.505153 0.570844 -0.071570
v -0.497992 0.581132 -0.085730
v -0.480705 0.585393 -0.091596
v -1.153159 0.697275 0.450005
v -1.142871 0.683115 0.457166
v -1.138610 0.677249 0.474453
v -1.276728 0.820844 0.450005
v -1.290888 0.831132 0.457166
v -1.296754 0.835393 0.474453
v -0.776728 0.320844 0.450005
v -0.790888 0.331132 0.457166
v -0.796754 0.335393 0.474453
v -1.026728 0.570844 0.450005
v -1.040888 0.581132 0.457166
v -1.046754 0.585393 0.474453
v -0.653159 0.197275 0.450005
v -0.642871 0.183115 0.457166
v -0.638610 0.177249 0.474453
v -0.903159 0.447275 0.450005
v -0.892871 0.433115 0.457166
v -0.888610 0.427249 0.474453
v -0.505153 0.447275 0.051999
v -0.497992 0.433115 0.062287
v -0.480705 0.427249 0.066548
v -0.705158 0.954999 -0.188765
v -0.705158 0.962159 -0.171262
v -0.705158 0.979447 -0.164012
v -1.205158 0.954999 0.367064
v -1.205158 0.962159 0.384567
v -1.205158 0.979447 0.391817
v -0.616692 0.954999 -0.277231
v -0.599189 0.962159 -0.277231
v -0.591940 0.979447 -0.277231
v -1.116692 0.954999 0.278599
v -1.099190 0.962159 0.278599
v -1.091940 0.979447 0.278599
v -1.133588 0.716846 0.450005
v -1.119428 0.706558 0.457166
v -1.113562 0.702297 0.474453
v -0.633588 0.216846 0.450005
v -0.619428 0.206558 0.457166
v -0.613562 0.202297 0.474453
v -0.883588 0.466846 0.450005
v -0.869428 0.456558 0.457166
v -0.863562 0.452297 0.474453
v -1.257157 0.840415 0.450005
v -1.267445 0.854575 0.457166
v -1.271706 0.860441 0.474453
v -0.757157 0.340415 0.450005
v -0.767445 0.354575 0.457166
v -0.771706 0.360441 0.474453
v -1.007157 0.590415 0.450005
v -1.017445 0.604575 0.457166
v -1.021706 0.610441 0.474453
v -0.505153 0.590415 -0.051999
v -0.497992 0.604575 -0.062287
v -0.480705 0.610441 -0.066548
v -0.505153 0.466846 0.071570
v -0.497992 0.456558 0.085730
v -0.480705 0.452297 0.091596
v -0.621022 0.954999 -0.249893
v -0.604376 0.962159 -0.244485
v -0.597481 0.979447 -0.242244
v -1.121022 0.954999 0.305936
v -1.104376 0.962159 0.311345
v -1.097481 0.979447 0.313585
v -1.177821 0.954999 0.362735
v -1.172412 0.962159 0.379381
v -1.170172 0.979447 0.386276
v -0.677821 0.954999 -0.193095
v -0.672412 0.962159 -0.176449
v -0.670172 0.979447 -0.169554
v -0.633588 0.954999 -0.225232
v -0.619428 0.962159 -0.214944
v -0.613562 0.979447 -0.210683
v -1.133588 0.954999 0.330598
v -1.119428 0.962159 0.340885
v -1.113562 0.979447 0.345147
v -0.653159 0.954999 -0.205661
v -0.642871 0.962159 -0.191500
v -0.638610 0.979447 -0.185635
v -1.153159 0.954999 0.350169
v -1.142871 0.962159 0.364329
v -1.138610 0.979447 0.370194
v -1.121022 0.741508 0.450005
v -1.104376 0.736099 0.457166
v -1.097481 0.733859 0.474453
v -0.621022 0.241508 0.450005
v -0.604376 0.236099 0.457166
v -0.597481 0.233859 0.474453
v -0.871022 0.491508 0.450005
v -0.854376 0.486099 0.457166
v -0.847481 0.483859 0.474453
v -0.505153 0.491508 0.084136
v -0.497992 0.486099 0.100782
v -0.480705 0.483859 0.107677
v -0.982495 0.602981 0.450005
v -0.987904 0.619627 0.457166
v -0.990144 0.626522 0.474453
v -1.232495 0.852981 0.450005
v -1.237904 0.869627 0.457166
v -1.240144 0.876522 0.474453
v -0.505153 0.602981 -0.027337
v -0.497992 0.619627 -0.032746
v -0.480705 0.626522 -0.034986
v -0.732495 0.352981 0.450005
v -0.737904 0.369627 0.457166
v -0.740145 0.376522 0.474453
v -1.116692 0.768845 0.450005
v -1.099190 0.768845 0.457166
v -1.091940 0.768845 0.474453
v -0.616692 0.268845 0.450005
v -0.599189 0.268845 0.457166
v -0.591939 0.268845 0.474453
v -0.866692 0.518845 0.450005
v -0.849190 0.518845 0.457166
v -0.841940 0.518845 0.474453
v -0.505153 0.518845 0.088466
v -0.497992 0.518845 0.105969
v -0.480705 0.518845 0.113219
v -0.955158 0.607311 0.450005
v -0.955158 0.624813 0.457166
v -0.955158 0.632063 0.474453
v -0.505153 0.607311 -0.000000
v -0.497992 0.624814 -0.000000
v -0.480705 0.632063 -0.000000
v -1.205158 0.857311 0.450005
v -1.205158 0.874813 0.457166
v -1.205158 0.882063 0.474453
v -0.705158 0.357311 0.450005
v -0.705158 0.374813 0.457166
v -0.705158 0.382063 0.474453
v -0.776728 0.954999 -0.051999
v -0.790888 0.962159 -0.062287
v -0.796754 0.979447 -0.066548
v -0.757157 0.954999 -0.071570
v -0.767445 0.962159 -0.085730
v -0.771706 0.979447 -0.091596
v -0.732495 0.954999 -0.084136
v -0.737904 0.962159 -0.100782
v -0.740145 0.979447 -0.107677
v -0.789294 0.954999 -0.027337
v -0.805940 0.962159 -0.032746
v -0.812835 0.979447 -0.034986
v -1.121022 0.796182 0.450005
v -1.104376 0.801591 0.457166
v -1.097481 0.803832 0.474453
v -0.621022 0.296182 0.450005
v -0.604376 0.301591 0.457166
v -0.597481 0.303831 0.474453
v -0.505153 0.546182 0.084136
v -0.497992 0.551591 0.100782
v -0.480705 0.553831 0.107677
v -1.177821 0.852981 0.450005
v -1.172412 0.869627 0.457166
v -1.170172 0.876522 0.474453
v -0.871022 0.546182 0.450005
v -0.854376 0.551591 0.457166
v -0.847481 0.553831 0.474453
v -0.677821 0.352981 0.450005
v -0.672412 0.369627 0.457166
v -0.670172 0.376522 0.474453
v -0.927821 0.602981 0.450005
v -0.922412 0.619627 0.457166
v -0.920172 0.626522 0.474453
v -0.505153 0.602981 0.027337
v -0.497992 0.619627 0.032746
v -0.480705 0.626522 0.034987
v -0.705158 0.954999 -0.088466
v -0.705158 0.962159 -0.105969
v -0.705158 0.979447 -0.113218
v -0.793624 0.954999 -0.000000
v -0.811127 0.962159 -0.000000
v -0.818377 0.979447 -0.000000
v -1.153159 0.840415 0.450005
v -1.142871 0.854575 0.457166
v -1.138610 0.860441 0.474453
v -0.653159 0.340415 0.450005
v -0.642871 0.354575 0.457166
v -0.638610 0.360441 0.474453
v -0.505153 0.570844 0.071570
v -0.497992 0.581132 0.085730
v -0.480705 0.585393 0.091596
v -0.505153 0.590415 0.051999
v -0.497992 0.604575 0.062287
v -0.480705 0.610441 0.066548
v -0.903159 0.590415 0.450005
v -0.892871 0.604575 0.457166
v -0.888610 0.610441 0.474453
v -0.883588 0.570844 0.450005
v -0.869428 0.581132 0.457166
v -0.863562 0.585393 0.474453
v -1.133588 0.820844 0.450005
v -1.119428 0.831132 0.457166
v -1.113562 0.835393 0.474453
v -0.633588 0.320844 0.450005
v -0.619428 0.331132 0.457166
v -0.613562 0.335393 0.474453
v -0.677821 0.954999 -0.084136
v -0.672412 0.962159 -0.100782
v -0.670172 0.979447 -0.107677
v -0.789294 0.954999 0.027337
v -0.805940 0.962159 0.032746
v -0.812835 0.979447 0.034986
v -0.653159 0.954999 -0.071570
v -0.642871 0.962159 -0.085730
v -0.638610 0.979447 -0.091596
v -0.776728 0.954999 0.051999
v -0.790888 0.962159 0.062287
v -0.796754 0.979447 0.066548
v -0.757157 0.954999 0.071570
v -0.767445 0.962159 0.085730
v -0.771706 0.979447 0.091596
v -0.633588 0.954999 -0.051999
v -0.619428 0.962159 -0.062287
v -0.613562 0.979447 -0.066548
v -0.732495 0.954999 0.084136
v -0.737904 0.962159 0.100782
v -0.740145 0.979447 0.107677
v -0.621022 0.954999 -0.027337
v -0.604376 0.962159 -0.032746
v -0.597481 0.979447 -0.034986
v -0.705158 0.954999 0.088466
v -0.705158 0.962159 0.105969
v -0.705158 0.979447 0.113218
v -0.616692 0.954999 -0.000000
v -0.599189 0.962159 -0.000000
v -0.591940 0.979447 -0.000000
v -0.621022 0.954999 0.027337
v -0.604376 0.962159 0.032746
v -0.597481 0.979447 0.034986
v -0.677821 0.954999 0.084136
v -0.672412 0.962159 0.100782
v -0.670172 0.979447 0.107677
v -0.633588 0.954999 0.051999
v -0.619428 0.962159 0.062287
v -0.613562 0.979447 0.066548
v -0.653159 0.954999 0.071570
v -0.642871 0.962159 0.085730
v -0.638610 0.979447 0.091596
v -0.776728 0.954999 0.226600
v -0.790888 0.962159 0.216312
v -0.796754 0.979447 0.212051
v -0.757157 0.954999 0.207029
v -0.767445 0.962159 0.192868
v -0.771706 0.979447 0.187003
v -0.732495 0.954999 0.194463
v -0.737904 0.962159 0.177817
v -0.740145 0.979447 0.170922
v -0.789294 0.954999 0.251261
v -0.805940 0.962159 0.245853
v -0.812835 0.979447 0.243612
v -0.705158 0.954999 0.190133
v -0.705158 0.962159 0.172630
v -0.705158 0.979447 0.165380
v -0.793624 0.954999 0.278599
v -0.811127 0.962159 0.278599
v -0.818377 0.979447 0.278599
v -0.677821 0.954999 0.194463
v -0.672412 0.962159 0.177817
v -0.670172 0.979447 0.170922
v -0.789294 0.954999 0.305936
v -0.805940 0.962159 0.311345
v -0.812835 0.979447 0.313585
v -0.653159 0.954999 0.207029
v -0.642871 0.962159 0.192868
v -0.638610 0.979447 0.187003
v -0.776728 0.954999 0.330598
v -0.790888 0.962159 0.340886
v -0.796754 0.979447 0.345147
v -0.757157 0.697275 0.450005
v -0.767445 0.683115 0.457166
v -0.771706 0.677249 0.474453
v -0.776728 0.716846 0.450005
v -0.790888 0.706558 0.457166
v -0.796754 0.702297 0.474453
v -0.505153 0.716846 0.178430
v -0.497992 0.706558 0.164270
v -0.480705 0.702297 0.158404
v -0.505153 0.697275 0.198001
v -0.497992 0.683115 0.187713
v -0.480705 0.677249 0.183452
v -0.789294 0.741508 0.450005
v -0.805940 0.736099 0.457166
v -0.812835 0.733859 0.474453
v -0.732495 0.684709 0.450005
v -0.737904 0.668063 0.457166
v -0.740145 0.661168 0.474453
v -0.505153 0.741508 0.165864
v -0.497992 0.736099 0.149218
v -0.480705 0.733859 0.142323
v -0.505153 0.684709 0.222663
v -0.497992 0.668063 0.217254
v -0.480705 0.661168 0.215014
v -0.793624 0.768845 0.450005
v -0.811127 0.768845 0.457166
v -0.818377 0.768845 0.474453
v -0.505153 0.768845 0.161534
v -0.497992 0.768845 0.144032
v -0.480705 0.768845 0.136782
v -0.705158 0.680379 0.450005
v -0.705158 0.662876 0.457166
v -0.705158 0.655626 0.474453
v -0.505153 0.680379 0.250000
v -0.497992 0.662876 0.250000
v -0.480705 0.655627 0.250000
v -0.757157 0.954999 0.350169
v -0.767445 0.962159 0.364329
v -0.771706 0.979447 0.370194
v -0.633588 0.954999 0.226600
v -0.619428 0.962159 0.216312
v -0.613562 0.979447 0.212051
v -0.505153 0.796182 0.165864
v -0.497992 0.801591 0.149218
v -0.480705 0.803831 0.142323
v -0.505153 0.684709 0.277337
v -0.497992 0.668063 0.282746
v -0.480705 0.661168 0.284987
v -0.789294 0.796182 0.450005
v -0.805940 0.801591 0.457166
v -0.812835 0.803831 0.474613
v -0.677821 0.684709 0.450005
v -0.672412 0.668063 0.457166
v -0.670172 0.661168 0.474453
v -0.732495 0.954999 0.362735
v -0.737904 0.962159 0.379381
v -0.740145 0.979447 0.386276
v -0.621022 0.954999 0.251261
v -0.604376 0.962159 0.245853
v -0.597481 0.979447 0.243612
v -0.505153 0.820844 0.178430
v -0.497992 0.831132 0.164270
v -0.480705 0.835393 0.158404
v -0.505153 0.697275 0.301999
v -0.497992 0.683115 0.312287
v -0.480705 0.677249 0.316548
v -0.653159 0.697275 0.450005
v -0.642871 0.683115 0.457166
v -0.638610 0.677249 0.474453
v -0.776728 0.820844 0.450005
v -0.790888 0.831132 0.457166
v -0.796754 0.835393 0.474453
v -0.705158 0.954999 0.367064
v -0.705158 0.962159 0.384567
v -0.705158 0.979447 0.391817
v -0.616692 0.954999 0.278599
v -0.599189 0.962159 0.278599
v -0.591940 0.979447 0.278599
v -0.505153 0.840415 0.198001
v -0.497992 0.854575 0.187713
v -0.480705 0.860441 0.183452
v -0.505153 0.716846 0.321570
v -0.497992 0.706558 0.335730
v -0.480705 0.702297 0.341596
v -0.633588 0.716846 0.450005
v -0.619428 0.706558 0.457166
v -0.613562 0.702297 0.474453
v -0.757157 0.840415 0.450005
v -0.767445 0.854575 0.457166
v -0.771706 0.860441 0.474453
v -0.621022 0.954999 0.305936
v -0.604376 0.962159 0.311345
v -0.597481 0.979447 0.313585
v -0.677821 0.954999 0.362735
v -0.672412 0.962159 0.379381
v -0.670172 0.979447 0.386276
v -0.633588 0.954999 0.330598
v -0.619428 0.962159 0.340886
v -0.613562 0.979447 0.345147
v -0.653159 0.954999 0.350169
v -0.642871 0.962159 0.364329
v -0.638610 0.979447 0.370194
v -0.505153 0.741508 0.334136
v -0.497992 0.736099 0.350782
v -0.480705 0.733859 0.357677
v -0.621022 0.741508 0.450005
v -0.604376 0.736099 0.457166
v -0.597481 0.733859 0.474453
v -0.505153 0.852981 0.222663
v -0.497992 0.869627 0.217254
v -0.480705 0.876522 0.215014
v -0.732496 0.852981 0.450005
v -0.737904 0.869627 0.457166
v -0.740145 0.876522 0.474453
v -0.505153 0.768845 0.338466
v -0.497992 0.768845 0.355969
v -0.480705 0.768845 0.363219
v -0.616692 0.768845 0.450005
v -0.599189 0.768845 0.457166
v -0.591939 0.768845 0.474453
v -0.505153 0.857311 0.250000
v -0.497992 0.874813 0.250000
v -0.480705 0.882063 0.250000
v -0.705158 0.857311 0.450005
v -0.705158 0.874813 0.457166
v -0.705158 0.882063 0.474453
v -0.505153 0.796182 0.334136
v -0.497992 0.801591 0.350782
v -0.480705 0.803831 0.357677
v -0.621022 0.796182 0.450005
v -0.604376 0.801591 0.457166
v -0.597481 0.803832 0.474453
v -0.677821 0.852981 0.450005
v -0.672412 0.869627 0.457166
v -0.670172 0.876522 0.474453
v -0.505153 0.852981 0.277337
v -0.497992 0.869627 0.282746
v -0.480705 0.876522 0.284987
v -0.653159 0.840415 0.450005
v -0.642871 0.854575 0.457166
v -0.638610 0.860441 0.474453
v -0.505153 0.820844 0.321570
v -0.497992 0.831132 0.335730
v -0.480705 0.835393 0.341596
v -0.505153 0.840415 0.301999
v -0.497992 0.854575 0.312287
v -0.480705 0.860441 0.316548
v -0.633588 0.820844 0.450005
v -0.619428 0.831132 0.457166
v -0.613562 0.835393 0.474453
v -1.097481 0.979447 -0.312217
v -1.104376 0.962159 -0.309977
v -1.121022 0.954999 -0.304568
v -1.240144 0.979447 -0.169554
v -1.237904 0.962159 -0.176449
v -1.232495 0.954999 -0.193095
v -1.257157 0.340415 0.450005
v -1.267445 0.354575 0.457166
v -1.271706 0.360441 0.474453
v -0.480705 0.360441 -0.316548
v -0.497992 0.354575 -0.312287
v -0.505153 0.340415 -0.301999
v -0.505153 0.216846 -0.178430
v -0.497992 0.206558 -0.164270
v -0.480705 0.202297 -0.158404
v -1.113562 0.202297 0.474453
v -1.119428 0.206558 0.457166
v -1.133588 0.216846 0.450005
v -1.133588 0.954999 -0.329230
v -1.119428 0.962159 -0.339518
v -1.113562 0.979447 -0.343779
v -1.271706 0.979447 -0.185635
v -1.267445 0.962159 -0.191500
v -1.257157 0.954999 -0.205661
v -1.276728 0.320844 0.450005
v -1.290888 0.331132 0.457166
v -1.296754 0.335393 0.474453
v -0.505153 0.197275 -0.198001
v -0.497992 0.183115 -0.187713
v -0.480705 0.177249 -0.183452
v -1.138610 0.177249 0.474453
v -1.142871 0.183115 0.457166
v -1.153159 0.197275 0.450005
v -0.480705 0.335393 -0.341596
v -0.497992 0.331132 -0.335730
v -0.505153 0.320844 -0.321570
v -1.289294 0.296182 0.450005
v -1.305940 0.301591 0.457166
v -1.312835 0.303831 0.474453
v -1.170172 0.161168 0.474453
v -1.172412 0.168063 0.457166
v -1.177821 0.184709 0.450005
v -0.505153 0.184709 -0.222663
v -0.497992 0.168063 -0.217254
v -0.480705 0.161168 -0.215013
v -0.480705 0.303831 -0.357677
v -0.497992 0.301591 -0.350782
v -0.505153 0.296182 -0.334136
v -1.153159 0.954999 -0.348801
v -1.142871 0.962159 -0.362961
v -1.138610 0.979447 -0.368826
v -1.296754 0.979447 -0.210683
v -1.290888 0.962159 -0.214944
v -1.276728 0.954999 -0.225232
v -1.205158 0.180379 0.450005
v -1.205158 0.162876 0.457166
v -1.205158 0.155626 0.474453
v -1.293624 0.268845 0.450005
v -1.311127 0.268845 0.457166
v -1.318377 0.268845 0.474453
v -0.505153 0.180379 -0.250000
v -0.497992 0.162876 -0.250000
v -0.480705 0.155627 -0.250000
v -0.505153 0.268845 -0.338466
v -0.497992 0.268845 -0.355968
v -0.480705 0.268845 -0.363218
v -0.505153 0.184709 -0.277337
v -0.497992 0.168063 -0.282746
v -0.480705 0.161168 -0.284986
v -1.289294 0.241508 0.450005
v -1.305940 0.236099 0.457166
v -1.312835 0.233859 0.474453
v -0.505153 0.241508 -0.334136
v -0.497992 0.236099 -0.350782
v -0.480705 0.233859 -0.357677
v -1.232495 0.184709 0.450005
v -1.237904 0.168063 0.457166
v -1.240144 0.161168 0.474453
v -0.505153 0.197275 -0.301999
v -0.497992 0.183115 -0.312287
v -0.480705 0.177249 -0.316548
v -0.505153 0.216846 -0.321570
v -0.497992 0.206558 -0.335730
v -0.480705 0.202297 -0.341596
v -1.276728 0.216846 0.450005
v -1.290888 0.206558 0.457166
v -1.296754 0.202297 0.474453
v -1.257157 0.197275 0.450005
v -1.267445 0.183115 0.457166
v -1.271706 0.177249 0.474453
v -1.289294 0.954999 -0.249893
v -1.305940 0.962159 -0.244485
v -1.312835 0.979447 -0.242244
v -1.177821 0.954999 -0.361367
v -1.172412 0.962159 -0.378013
v -1.170172 0.979447 -0.384908
v -1.293624 0.954999 -0.277231
v -1.311127 0.962159 -0.277231
v -1.318377 0.979447 -0.277231
v -1.205158 0.954999 -0.365696
v -1.205158 0.962159 -0.383199
v -1.205158 0.979447 -0.390449
v -1.405464 0.339028 0.302522
v -1.412510 0.353265 0.312649
v -1.429634 0.359595 0.316720
v -1.405464 0.319331 0.322089
v -1.412554 0.329771 0.336088
v -1.429741 0.334551 0.341767
v -1.405448 0.839620 -0.197314
v -1.412571 0.853844 -0.187161
v -1.429806 0.859982 -0.183140
v -1.405448 0.819973 -0.177777
v -1.412605 0.830371 -0.163733
v -1.429887 0.834936 -0.158093
v -1.405464 0.294570 0.334576
v -1.412606 0.300193 0.351105
v -1.429866 0.302993 0.357848
v -1.405448 0.795272 -0.165286
v -1.412639 0.800815 -0.148713
v -1.429969 0.803375 -0.142013
v -1.405464 0.351698 0.277790
v -1.412477 0.368360 0.283081
v -1.429553 0.375674 0.285159
v -1.405448 0.852266 -0.221991
v -1.412541 0.868929 -0.216706
v -1.429733 0.876062 -0.214701
v -0.903159 0.054989 0.071570
v -0.892871 0.047828 0.085730
v -0.888610 0.030541 0.091596
v -0.883588 0.054989 0.051999
v -0.869428 0.047828 0.062287
v -0.863562 0.030541 0.066548
v -0.871022 0.054989 0.027337
v -0.854376 0.047828 0.032746
v -0.847481 0.030541 0.034986
v -0.927821 0.054989 0.084136
v -0.922412 0.047828 0.100782
v -0.920172 0.030541 0.107677
v -1.289294 0.954999 -0.304568
v -1.305940 0.962159 -0.309977
v -1.312835 0.979447 -0.312217
v -1.232495 0.954999 -0.361367
v -1.237904 0.962159 -0.378013
v -1.240144 0.979447 -0.384908
v -1.405464 0.267198 0.338781
v -1.412659 0.267436 0.356239
v -1.429993 0.268011 0.363388
v -1.405448 0.767945 -0.161040
v -1.412670 0.768076 -0.143562
v -1.430043 0.768390 -0.136473
v -1.405464 0.356071 0.250335
v -1.412459 0.373566 0.250288
v -1.429509 0.381213 0.250173
v -1.405448 0.856652 -0.249389
v -1.412518 0.874139 -0.249476
v -1.429676 0.881602 -0.249687
v -0.955158 0.054989 0.088466
v -0.955158 0.047828 0.105969
v -0.955158 0.030541 0.113218
v -0.866692 0.054989 -0.000000
v -0.849190 0.047828 -0.000000
v -0.841940 0.030541 -0.000000
v -1.276728 0.954999 -0.329230
v -1.290888 0.962159 -0.339518
v -1.296754 0.979447 -0.343779
v -1.257157 0.954999 -0.348801
v -1.267445 0.962159 -0.362961
v -1.271706 0.979447 -0.368826
v -1.405464 0.239907 0.334328
v -1.412708 0.234713 0.351002
v -1.430111 0.233028 0.357846
v -1.405448 0.740666 -0.165432
v -1.412695 0.735355 -0.148773
v -1.430103 0.733405 -0.142015
v -1.405464 0.351707 0.222876
v -1.412459 0.368368 0.217491
v -1.429510 0.375672 0.215186
v -1.405448 0.852332 -0.276808
v -1.412500 0.868958 -0.282255
v -1.429629 0.876060 -0.284672
v -0.871022 0.054989 -0.027337
v -0.854376 0.047828 -0.032746
v -0.847481 0.030541 -0.034986
v -0.982495 0.054989 0.084136
v -0.987904 0.047828 0.100782
v -0.990144 0.030541 0.107677
v -1.405464 0.215356 0.321689
v -1.412750 0.205221 0.335922
v -1.430210 0.201470 0.341764
v -1.405448 0.716088 -0.178014
v -1.412712 0.705850 -0.163830
v -1.430143 0.701844 -0.158097
v -1.405464 0.339043 0.198136
v -1.412471 0.353277 0.187916
v -1.429537 0.359591 0.183624
v -1.405448 0.839727 -0.301541
v -1.412499 0.853891 -0.311826
v -1.429632 0.859978 -0.316234
v -0.883588 0.054989 -0.051999
v -0.869428 0.047828 -0.062287
v -0.863562 0.030541 -0.066548
v -1.007157 0.054989 0.071570
v -1.017445 0.047828 0.085730
v -1.021706 0.030541 0.091596
v -1.405464 0.195917 0.302123
v -1.412780 0.181833 0.312483
v -1.430280 0.176425 0.316716
v -1.405448 0.696593 -0.197549
v -1.412718 0.682437 -0.187258
v -1.430157 0.676797 -0.183144
v -1.405464 0.319346 0.178559
v -1.412500 0.329783 0.164467
v -1.429608 0.334546 0.158576
v -1.405448 0.820081 -0.321148
v -1.412505 0.830417 -0.335286
v -1.429646 0.834931 -0.341282
v -0.903159 0.054989 -0.071570
v -0.892871 0.047828 -0.085730
v -0.888610 0.030541 -0.091596
v -1.026728 0.054989 0.051999
v -1.040888 0.047828 0.062287
v -1.046754 0.030541 0.066548
v -1.405464 0.183456 0.277544
v -1.412792 0.166824 0.282978
v -1.430307 0.160344 0.285154
v -1.405464 0.294580 0.166063
v -1.412541 0.300199 0.149442
v -1.429710 0.302988 0.142494
v -1.405448 0.795339 -0.333698
v -1.412522 0.800844 -0.350333
v -1.429686 0.803370 -0.357364
v -1.405448 0.684069 -0.222136
v -1.412718 0.667401 -0.216767
v -1.430160 0.660715 -0.214706
v -1.039294 0.054989 0.027337
v -1.055940 0.047828 0.032746
v -1.062835 0.030541 0.034986
v -0.927821 0.054989 -0.084136
v -0.922412 0.047828 -0.100782
v -0.920172 0.030541 -0.107677
v -1.405464 0.179161 0.250335
v -1.412792 0.161649 0.250285
v -1.430309 0.154803 0.250167
v -1.405464 0.267198 0.161852
v -1.412591 0.267434 0.144303
v -1.429830 0.268005 0.136952
v -1.405448 0.679728 -0.249389
v -1.412699 0.662208 -0.249478
v -1.430113 0.655173 -0.249692
v -1.405448 0.767945 -0.337968
v -1.412547 0.768073 -0.355496
v -1.429746 0.768385 -0.362906
v -1.043624 0.054989 -0.000000
v -1.061127 0.047828 -0.000000
v -1.068377 0.030541 -0.000000
v -0.955158 0.054989 -0.088466
v -0.955158 0.047828 -0.105969
v -0.955158 0.030541 -0.113218
v -1.405464 0.239895 0.166306
v -1.412644 0.234702 0.149541
v -1.429958 0.233023 0.142493
v -1.405464 0.183444 0.223121
v -1.412773 0.166813 0.217590
v -1.430264 0.160343 0.215181
v -1.405448 0.683999 -0.276664
v -1.412676 0.667369 -0.282199
v -1.430057 0.660713 -0.284678
v -1.405448 0.740597 -0.333556
v -1.412578 0.735322 -0.350276
v -1.429822 0.733400 -0.357365
v -1.039294 0.054989 -0.027337
v -1.055940 0.047828 -0.032746
v -1.062835 0.030541 -0.034986
v -0.982495 0.054989 -0.084136
v -0.987904 0.047828 -0.100782
v -0.990145 0.030541 -0.107677
v -1.405464 0.195898 0.198532
v -1.412740 0.181816 0.188077
v -1.430186 0.176422 0.183620
v -1.405464 0.215337 0.178954
v -1.412695 0.205204 0.164628
v -1.430080 0.201466 0.158573
v -1.405448 0.696481 -0.301310
v -1.412646 0.682385 -0.311735
v -1.429985 0.676793 -0.316239
v -1.405448 0.715976 -0.320918
v -1.412612 0.705797 -0.335194
v -1.429904 0.701840 -0.341285
v -1.026728 0.054989 -0.051999
v -1.040888 0.047828 -0.062287
v -1.046754 0.030541 -0.066548
v -1.007157 0.054989 -0.071570
v -1.017445 0.047828 -0.085730
v -1.021706 0.030541 -0.091596
v -1.405462 0.339149 -0.197205
v -1.412541 0.353396 -0.187099
v -1.429713 0.359690 -0.183119
v -1.405462 0.319461 -0.177664
v -1.412588 0.329906 -0.163671
v -1.429827 0.334646 -0.158073
v -1.405462 0.294722 -0.165194
v -1.412639 0.300337 -0.148661
v -1.429950 0.303088 -0.141993
v -1.405462 0.351827 -0.221911
v -1.412502 0.368493 -0.216655
v -1.429617 0.375768 -0.214679
v -1.133588 0.320844 -0.450005
v -1.119428 0.331132 -0.457166
v -1.113562 0.335393 -0.474453
v -1.153159 0.340415 -0.450005
v -1.142871 0.354575 -0.457166
v -1.138610 0.360441 -0.474453
v -1.121022 0.296182 -0.450005
v -1.104376 0.301591 -0.457166
v -1.097481 0.303831 -0.474453
v -1.177821 0.352981 -0.450005
v -1.172412 0.369627 -0.457166
v -1.170172 0.376522 -0.474453
v -1.405462 0.267378 -0.160989
v -1.412688 0.267592 -0.143526
v -1.430066 0.268104 -0.136453
v -1.405462 0.356221 -0.249350
v -1.412475 0.373707 -0.249442
v -1.429550 0.381308 -0.249665
v -1.116692 0.268845 -0.450005
v -1.099190 0.268845 -0.457166
v -1.091940 0.268845 -0.474453
v -1.205158 0.357311 -0.450005
v -1.205158 0.374813 -0.457166
v -1.205158 0.382063 -0.474453
v -1.405462 0.240110 -0.165425
v -1.412731 0.234877 -0.148756
v -1.430168 0.233121 -0.141996
v -1.405462 0.351884 -0.276808
v -1.412460 0.368520 -0.282237
v -1.429513 0.375765 -0.284651
v -1.121022 0.241508 -0.450005
v -1.104376 0.236099 -0.457166
v -1.097481 0.233859 -0.474453
v -1.232495 0.352981 -0.450005
v -1.237904 0.369627 -0.457166
v -1.240144 0.376522 -0.474453
v -1.405462 0.215566 -0.178037
v -1.412763 0.205387 -0.163825
v -1.430244 0.201562 -0.158078
v -1.405462 0.339243 -0.301563
v -1.412464 0.353439 -0.311818
v -1.429526 0.359684 -0.316213
v -1.133588 0.216846 -0.450005
v -1.119428 0.206558 -0.457166
v -1.113562 0.202297 -0.474453
v -1.257157 0.340415 -0.450005
v -1.267445 0.354575 -0.457166
v -1.271706 0.360441 -0.474453
v -1.405462 0.196117 -0.197576
v -1.412781 0.181994 -0.187253
v -1.430287 0.176515 -0.183126
v -1.405462 0.319555 -0.321165
v -1.412482 0.329948 -0.335277
v -1.429570 0.334638 -0.341261
v -1.153159 0.197275 -0.450005
v -1.142871 0.183115 -0.457166
v -1.138610 0.177249 -0.474453
v -1.276728 0.320844 -0.450005
v -1.290888 0.331132 -0.457166
v -1.296754 0.335393 -0.474453
v -1.405462 0.183631 -0.222139
v -1.412786 0.166974 -0.216752
v -1.430300 0.160434 -0.214688
v -1.405462 0.294781 -0.333688
v -1.412514 0.300362 -0.350314
v -1.429647 0.303079 -0.357343
v -1.177821 0.184709 -0.450005
v -1.172412 0.168063 -0.457166
v -1.170172 0.161168 -0.474453
v -1.289294 0.296182 -0.450005
v -1.305940 0.301591 -0.457166
v -1.312835 0.303831 -0.474453
v -1.405462 0.179308 -0.249350
v -1.412771 0.161787 -0.249446
v -1.430263 0.154892 -0.249674
v -1.405462 0.267378 -0.337916
v -1.412557 0.267588 -0.355460
v -1.429751 0.268095 -0.362886
v -1.205158 0.180379 -0.450005
v -1.205158 0.162876 -0.457166
v -1.205158 0.155626 -0.474453
v -1.293624 0.268845 -0.450005
v -1.311127 0.268845 -0.457166
v -1.318377 0.268845 -0.474453
v -1.405462 0.240048 -0.333465
v -1.412606 0.234844 -0.350224
v -1.429869 0.233112 -0.357346
v -1.405462 0.183568 -0.276582
v -1.412743 0.166942 -0.282149
v -1.430197 0.160431 -0.284660
v -1.232495 0.184709 -0.450005
v -1.237904 0.168063 -0.457166
v -1.240144 0.161168 -0.474453
v -1.289294 0.241508 -0.450005
v -1.305940 0.236099 -0.457166
v -1.312835 0.233859 -0.474453
v -1.405462 0.215465 -0.320803
v -1.412656 0.205335 -0.335132
v -1.429991 0.201554 -0.341266
v -1.405462 0.196015 -0.301199
v -1.412703 0.181942 -0.311673
v -1.430104 0.176510 -0.316220
v -1.276728 0.216846 -0.450005
v -1.290888 0.206558 -0.457166
v -1.296754 0.202297 -0.474453
v -1.257157 0.197275 -0.450005
v -1.267445 0.183115 -0.457166
v -1.271706 0.177249 -0.474453
v -1.247527 1.004994 -0.130397
v -1.285748 1.004994 -0.110922
v -1.316080 1.004994 -0.080590
v -1.335555 1.004994 -0.042369
v -0.835555 0.811213 -0.500000
v -0.816080 0.849435 -0.500000
v -0.624568 0.657923 -0.500000
v -0.662789 0.638448 -0.500000
v -1.205158 1.004994 -0.137107
v -1.342265 1.004994 -0.000000
v -1.454896 0.849434 0.139079
v -1.454787 0.811213 0.119606
v -1.455139 0.638448 0.292369
v -1.455286 0.657923 0.330589
v -1.074761 1.004994 -0.234862
v -1.068051 1.004994 -0.277231
v -1.205158 1.004994 -0.140123
v -1.162789 1.004994 -0.146834
v -1.074761 0.226476 0.500000
v -1.068051 0.268845 0.500000
v -0.455158 0.273305 -0.106592
v -0.455158 0.226476 -0.119603
v -0.455158 0.399242 -0.292369
v -0.455158 0.405952 -0.250000
v -1.205158 0.405952 0.500000
v -1.247527 0.399242 0.500000
v -1.094236 1.004994 -0.196641
v -1.124568 1.004994 -0.166309
v -1.162789 1.004994 -0.130397
v -1.335555 1.004994 0.042369
v -0.785748 0.879767 -0.500000
v -0.594236 0.688255 -0.500000
v -1.455030 0.879767 0.169411
v -1.455420 0.688256 0.360921
v -0.455158 0.311214 -0.119603
v -1.074761 0.311213 0.500000
v -1.162789 0.399242 0.500000
v -0.455158 0.399242 -0.207631
v -1.124568 0.379767 0.500000
v -0.455158 0.349435 -0.139078
v -0.455158 0.379767 -0.169410
v -1.094236 0.349435 0.500000
v -1.124568 1.004994 -0.110922
v -1.316080 1.004994 0.080590
v -0.747527 0.899242 -0.500000
v -0.574761 0.726476 -0.500000
v -1.455177 0.899242 0.207631
v -1.455529 0.726477 0.380394
v -1.094236 1.004994 -0.080590
v -1.285748 1.004994 0.110922
v -0.568050 0.768845 -0.500000
v -0.705158 0.905952 -0.500000
v -1.455601 0.768845 0.387103
v -1.455322 0.905952 0.250000
v -0.662789 0.899242 -0.500000
v -0.574761 0.811214 -0.500000
v -1.247527 1.004994 0.130397
v -1.074761 1.004994 -0.042369
v -1.455451 0.899240 0.292368
v -1.455630 0.811212 0.380393
v -0.624568 0.879767 -0.500000
v -0.594236 0.849435 -0.500000
v -1.455551 0.879765 0.330588
v -1.455613 0.849432 0.360919
v -1.285748 1.004994 0.167676
v -1.316080 1.004994 0.198009
v -0.785748 1.004994 -0.388153
v -0.816080 1.004994 -0.357821
v -1.205158 1.004994 0.137107
v -1.068051 1.004994 -0.000000
v -1.247527 1.004994 0.148202
v -0.747527 1.004994 -0.407628
v -0.835555 1.004994 -0.319599
v -1.335555 1.004994 0.236230
v -0.705158 1.004994 -0.414338
v -1.205158 1.004994 0.141491
v -1.342265 1.004994 0.278599
v -0.842265 1.004994 -0.277231
v -1.074761 1.004994 0.042369
v -1.162789 1.004994 0.130397
v -1.316080 0.688255 0.500000
v -1.285748 0.657923 0.500000
v -0.816080 0.188255 0.500000
v -0.785748 0.157923 0.500000
v -1.066080 0.438255 0.500000
v -1.035748 0.407923 0.500000
v -0.455158 0.407923 -0.080590
v -0.455158 0.438255 -0.110922
v -1.247527 0.638448 0.500000
v -1.335555 0.726476 0.500000
v -0.747527 0.138448 0.500000
v -0.835555 0.226476 0.500000
v -1.085555 0.476476 0.500000
v -0.997526 0.388448 0.500000
v -0.455158 0.388448 -0.042369
v -0.455158 0.476476 -0.130397
v -1.094236 1.004994 0.080590
v -1.124568 1.004994 0.110922
v -1.162789 1.004994 0.148202
v -0.662789 1.004994 -0.407628
v -1.335555 1.004994 0.320967
v -0.835555 1.004994 -0.234862
v -1.342265 0.768845 0.500000
v -1.205158 0.631738 0.500000
v -0.842265 0.268845 0.500000
v -0.705158 0.131738 0.500000
v -1.092265 0.518845 0.500000
v -0.955158 0.381738 0.500000
v -0.455158 0.375437 -0.004460
v -0.455158 0.518845 -0.137107
v -1.335555 0.811213 0.500000
v -1.085555 0.561213 0.500000
v -0.455158 0.561214 -0.130397
v -0.835555 0.311214 0.500000
v -0.912789 0.388448 0.500000
v -0.455158 0.388448 0.042369
v -1.162789 0.638448 0.500000
v -0.662789 0.138448 0.500000
v -1.124568 1.004994 0.167676
v -0.624568 1.004994 -0.388153
v -0.816080 1.004994 -0.196641
v -1.316080 1.004994 0.359188
v -0.455158 0.599435 -0.110922
v -1.066080 0.599435 0.500000
v -0.874568 0.407923 0.500000
v -0.816080 0.349435 0.500000
v -0.455158 0.407923 0.080590
v -1.316080 0.849435 0.500000
v -1.124568 0.657923 0.500000
v -0.624568 0.157923 0.500000
v -0.785748 1.004994 -0.166309
v -1.094236 1.004994 0.198009
v -1.285748 1.004994 0.389521
v -0.594236 1.004994 -0.357821
v -1.094236 0.688255 0.500000
v -0.844236 0.438255 0.500000
v -0.594236 0.188255 0.500000
v -1.035748 0.629767 0.500000
v -0.455158 0.629767 -0.080590
v -0.455158 0.438255 0.110922
v -0.785748 0.379767 0.500000
v -1.285748 0.879767 0.500000
v -0.747527 1.004994 -0.146834
v -1.247527 1.004994 0.408996
v -1.074761 1.004994 0.236230
v -0.574761 1.004994 -0.319599
v -0.785748 1.004994 -0.110922
v -0.816080 1.004994 -0.080590
v -0.824761 0.476476 0.500000
v -1.074761 0.726476 0.500000
v -0.574761 0.226476 0.500000
v -0.455158 0.476476 0.130397
v -0.997527 0.649242 0.500000
v -0.455158 0.649242 -0.042369
v -0.747527 0.399242 0.500000
v -1.247526 0.899242 0.500000
v -0.705158 1.004994 -0.140123
v -1.205158 1.004994 0.415706
v -1.068051 1.004994 0.278599
v -0.568051 1.004994 -0.277231
v -0.747527 1.004994 -0.130397
v -0.835555 1.004994 -0.042369
v -0.705158 1.004994 -0.137107
v -0.842265 1.004994 -0.000000
v -0.574761 1.004994 -0.234862
v -1.074761 1.004994 0.320967
v -1.162789 1.004994 0.408996
v -0.662789 1.004994 -0.146834
v -1.068051 0.768845 0.500000
v -0.818051 0.518845 0.500000
v -0.568050 0.268845 0.500000
v -0.455158 0.518845 0.137107
v -0.955158 0.655952 0.500000
v -0.455158 0.655952 -0.000000
v -0.705158 0.405952 0.500000
v -1.205158 0.905952 0.500000
v -0.594236 1.004994 -0.196641
v -1.094236 1.004994 0.359188
v -1.124568 1.004994 0.389521
v -0.624568 1.004994 -0.166309
v -0.662789 1.004994 -0.130397
v -0.835555 1.004994 0.042369
v -0.455158 0.561214 0.130397
v -0.824761 0.561213 0.500000
v -1.074761 0.811214 0.500000
v -0.574761 0.311214 0.500000
v -0.912789 0.649242 0.500000
v -0.455158 0.649242 0.042369
v -0.662789 0.399242 0.500000
v -1.162789 0.899242 0.500000
v -0.455158 0.599435 0.110922
v -1.124568 0.879767 0.500000
v -0.624568 0.379767 0.500000
v -0.455158 0.629767 0.080590
v -0.874568 0.629767 0.500000
v -0.844236 0.599435 0.500000
v -0.594236 0.349435 0.500000
v -1.094236 0.849435 0.500000
v -0.624568 1.004994 -0.110922
v -0.816080 1.004994 0.080590
v -0.785748 1.004994 0.110922
v -0.594236 1.004994 -0.080590
v -0.747527 1.004994 0.130397
v -0.574761 1.004994 -0.042369
v -0.785748 1.004994 0.167676
v -0.816080 1.004994 0.198009
v -0.705158 1.004994 0.137107
v -0.568051 1.004994 -0.000000
v -0.747527 1.004994 0.148202
v -0.835555 1.004994 0.236230
v -0.705158 1.004994 0.141491
v -0.842265 1.004994 0.278599
v -0.574761 1.004994 0.042369
v -0.662789 1.004994 0.130397
v -0.816080 0.688255 0.500000
v -0.785748 0.657923 0.500000
v -0.455158 0.657923 0.169410
v -0.455158 0.688255 0.139078
v -0.835555 0.726476 0.500000
v -0.747527 0.638448 0.500000
v -0.455158 0.638448 0.207631
v -0.455158 0.726476 0.119603
v -0.594236 1.004994 0.080590
v -0.624568 1.004994 0.110922
v -0.662789 1.004994 0.148202
v -0.835555 1.004994 0.320967
v -0.842265 0.768845 0.500000
v -0.455158 0.768845 0.112893
v -0.705158 0.631738 0.500000
v -0.455158 0.631738 0.250000
v -0.455158 0.811214 0.119603
v -0.835555 0.811213 0.500000
v -0.455158 0.638448 0.292369
v -0.662789 0.638448 0.500000
v -0.624568 1.004994 0.167676
v -0.816080 1.004994 0.359188
v -0.455158 0.849435 0.139078
v -0.455158 0.657923 0.330590
v -0.816080 0.849435 0.500000
v -0.624568 0.657923 0.500000
v -0.785748 1.004994 0.389521
v -0.594236 1.004994 0.198009
v -0.455158 0.879767 0.169410
v -0.455158 0.688255 0.360922
v -0.594236 0.688255 0.500000
v -0.785748 0.879767 0.500000
v -0.747527 1.004994 0.408996
v -0.574761 1.004994 0.236230
v -0.455158 0.726476 0.380397
v -0.574761 0.726476 0.500000
v -0.455158 0.899242 0.207631
v -0.747527 0.899242 0.500000
v -0.705158 1.004994 0.415706
v -0.568051 1.004994 0.278599
v -0.574761 1.004994 0.320967
v -0.662789 1.004994 0.408996
v -0.568050 0.768845 0.500000
v -0.455158 0.768845 0.387107
v -0.455158 0.905952 0.250000
v -0.705158 0.905952 0.500000
v -0.594236 1.004994 0.359188
v -0.624568 1.004994 0.389521
v -0.455158 0.811214 0.380397
v -0.574761 0.811214 0.500000
v -0.662789 0.899242 0.500000
v -0.455158 0.899242 0.292369
v -0.455158 0.849435 0.360922
v -0.624568 0.879767 0.500000
v -0.455158 0.879767 0.330590
v -0.594236 0.849435 0.500000
v -1.094236 0.188255 0.500000
v -1.124568 0.157923 0.500000
v -1.162789 0.138448 0.500000
v -1.205158 0.131738 0.500000
v -0.455158 0.131738 -0.250000
v -0.455158 0.138448 -0.207631
v -0.455158 0.157923 -0.169410
v -0.455158 0.188255 -0.139078
v -1.247527 0.138448 0.500000
v -1.285748 0.157923 0.500000
v -1.316080 0.188255 0.500000
v -1.335555 0.226476 0.500000
v -1.342265 0.268845 0.500000
v -1.335555 0.311214 0.500000
v -1.316080 0.349435 0.500000
v -1.285748 0.379767 0.500000
v -0.455158 0.379767 -0.330590
v -0.455158 0.349435 -0.360922
v -0.455158 0.311214 -0.380397
v -0.455158 0.268845 -0.387107
v -0.455158 0.226476 -0.380397
v -0.455158 0.188255 -0.360922
v -0.455158 0.157923 -0.330590
v -0.455158 0.138448 -0.292369
v -1.205158 1.004994 -0.414338
v -1.162789 1.004994 -0.407628
v -1.124568 1.004994 -0.388153
v -1.094236 1.004994 -0.357821
v -1.074761 1.004994 -0.319599
v -1.247527 1.004994 -0.146834
v -1.285748 1.004994 -0.166309
v -1.316080 1.004994 -0.196641
v -1.335555 1.004994 -0.234862
v -1.342265 1.004994 -0.277231
v -1.335555 1.004994 -0.319599
v -1.316080 1.004994 -0.357821
v -1.285748 1.004994 -0.388153
v -1.247527 1.004994 -0.407628
v -1.454994 0.631738 0.250000
v -1.454715 0.768845 0.112897
v -0.705158 0.631737 -0.500000
v -0.842265 0.768845 -0.500000
v -1.454865 0.638450 0.207632
v -1.454686 0.726478 0.119607
v -0.747527 0.638448 -0.500000
v -0.835555 0.726476 -0.500000
v -1.454765 0.657925 0.169412
v -1.454703 0.688258 0.139081
v -0.816080 0.688255 -0.500000
v -0.785748 0.657923 -0.500000
v -1.455141 0.849435 -0.139078
v -1.454981 0.879767 -0.169411
v -1.454823 0.349433 0.360920
v -1.454612 0.379762 0.330586
v -1.455304 0.811213 -0.119604
v -1.455066 0.311213 0.380397
v -1.454455 0.399232 0.292366
v -1.454837 0.899240 -0.207632
v -0.505153 0.004994 0.283721
v -0.703440 0.004994 0.450005
v -0.505153 0.004994 0.135002
v -0.747527 0.004994 0.450005
v -1.455319 0.268845 0.387107
v -1.455452 0.768845 -0.112894
v -1.454367 0.405940 0.250000
v -1.454726 0.905949 -0.250000
v -0.955158 0.004994 0.450005
v -0.505153 0.004994 -0.000000
v -1.454356 0.399229 0.207635
v -1.454656 0.899237 -0.292367
v -1.455556 0.226478 0.380394
v -1.455571 0.726478 -0.119606
v -0.505153 0.004994 -0.135002
v -1.162789 0.004994 0.450005
v -1.455753 0.188260 0.360916
v -1.455650 0.688258 -0.139082
v -1.454423 0.379758 0.169417
v -1.454636 0.879763 -0.330586
v -0.505153 0.004994 -0.207218
v -1.207634 0.004994 0.450005
v -1.455893 0.157932 0.330583
v -1.455680 0.657927 -0.169414
v -1.454666 0.849432 -0.360918
v -1.454563 0.349430 0.139084
v -0.505153 0.004994 -0.256062
v -1.405163 0.004994 0.203549
v -1.455960 0.138461 0.292365
v -1.455660 0.638453 -0.207633
v -1.454745 0.811212 -0.380394
v -1.454760 0.311212 0.119606
v -1.405163 0.004994 0.135002
v -0.820156 0.004994 -0.450005
v -1.455949 0.131750 0.250000
v -1.455590 0.631741 -0.250000
v -1.454997 0.268845 0.112893
v -1.454864 0.768845 -0.387106
v -1.405163 0.004994 -0.000000
v -0.955158 0.004994 -0.450005
v -1.455861 0.138458 0.207634
v -1.455250 0.226477 0.119604
v -1.455479 0.638450 -0.292368
v -1.455012 0.726477 -0.380396
v -1.405163 0.004994 -0.135002
v -1.090160 0.004994 -0.450005
v -1.455493 0.188257 0.139080
v -1.455704 0.157928 0.169414
v -1.455175 0.688255 -0.360922
v -1.455335 0.657923 -0.330589
v -1.405163 0.004994 -0.212592
v -1.405163 0.004994 -0.249676
v -1.454996 0.349434 -0.139078
v -1.454771 0.379764 -0.169412
v -1.124568 0.379767 -0.500000
v -1.094236 0.349435 -0.500000
v -1.455237 0.311213 -0.119603
v -1.454584 0.399235 -0.207633
v -1.074761 0.311213 -0.500000
v -1.162789 0.399242 -0.500000
v -1.455470 0.268845 -0.112895
v -1.454453 0.405942 -0.250000
v -1.068051 0.268845 -0.500000
v -1.205158 0.405952 -0.500000
v -1.454391 0.399231 -0.292365
v -1.455673 0.226478 -0.119608
v -1.074761 0.226476 -0.500000
v -1.247527 0.399242 -0.500000
v -1.455825 0.188261 -0.139085
v -1.454404 0.379758 -0.330583
v -1.094236 0.188255 -0.500000
v -1.285748 0.379767 -0.500000
v -1.455912 0.157932 -0.169417
v -1.454491 0.349429 -0.360915
v -1.124568 0.157923 -0.500000
v -1.316080 0.349435 -0.500000
v -1.455925 0.138459 -0.207635
v -1.454643 0.311212 -0.380392
v -1.162789 0.138448 -0.500000
v -1.335555 0.311214 -0.500000
v -1.455863 0.131748 -0.250000
v -1.454846 0.268845 -0.387105
v -1.205158 0.131738 -0.500000
v -1.342265 0.268845 -0.500000
v -1.455732 0.138455 -0.292367
v -1.455079 0.226477 -0.380397
v -1.247527 0.138448 -0.500000
v -1.335555 0.226476 -0.500000
v -1.455320 0.188256 -0.360922
v -1.455545 0.157926 -0.330588
v -1.316080 0.188255 -0.500000
v -1.285748 0.157923 -0.500000
v -1.205158 0.954999 0.500000
v -1.205158 0.990351 0.485357
v -1.205158 1.004994 0.450005
v -1.170172 1.004994 0.450005
v -1.170172 0.990351 0.485357
v -1.170172 0.954999 0.500000
v -1.247527 0.954999 0.500000
v -1.247527 0.990351 0.485357
v -1.247527 1.004994 0.450005
v -0.747527 1.004994 0.450005
v -0.747527 0.990351 0.485357
v -0.747527 0.954999 0.500000
v -0.705158 1.004994 0.450005
v -0.705158 0.990351 0.485357
v -0.705158 0.954999 0.500000
v -0.670172 1.004994 0.450005
v -0.670172 0.990351 0.485357
v -0.670172 0.954999 0.500000
v -1.205158 1.004994 -0.450005
v -1.205158 0.990351 -0.485357
v -1.205158 0.954999 -0.500000
v -1.247527 1.004994 -0.450005
v -1.247527 0.990351 -0.485357
v -1.247527 0.954999 -0.500000
v -1.162789 0.954999 -0.500000
v -1.162789 0.990351 -0.485357
v -1.162789 1.004994 -0.450005
v -0.705158 0.954999 -0.500000
v -0.705158 0.990351 -0.485357
v -0.705158 1.004994 -0.450005
v -0.740145 1.004994 -0.450005
v -0.740144 0.990351 -0.485357
v -0.740144 0.954999 -0.500000
v -0.662789 0.954999 -0.500000
v -0.662789 0.990351 -0.485357
v -0.662789 1.004994 -0.450005
v -1.405163 1.004994 -0.277231
v -1.440515 0.990351 -0.277231
v -1.455158 0.954999 -0.277231
v -1.405163 1.004994 -0.234862
v -1.440515 0.990351 -0.234862
v -1.455158 0.954999 -0.234862
v -1.405163 1.004994 -0.042369
v -1.440515 0.990351 -0.042368
v -1.455158 0.954999 -0.081486
v -1.405163 1.004994 -0.000000
v -1.440515 0.990351 -0.000000
v -1.455158 0.954999 -0.000000
v -1.405163 1.004994 0.042369
v -1.440515 0.990351 0.042369
v -1.455158 0.954999 0.081487
v -1.405163 1.004994 0.236230
v -1.440515 0.990351 0.236230
v -1.455158 0.954999 0.236230
v -1.405163 1.004994 0.278599
v -1.440515 0.990351 0.278599
v -1.455158 0.954999 0.278599
v -0.455158 0.954999 0.278599
v -0.469801 0.990351 0.278599
v -0.505153 1.004994 0.278599
v -0.505153 1.004994 0.236230
v -0.469801 0.990351 0.236230
v -0.455158 0.954999 0.236230
v -0.505153 1.004994 -0.000000
v -0.469801 0.990351 -0.000000
v -0.455158 0.954999 -0.000000
v -0.455158 0.954999 0.042368
v -0.469801 0.990351 0.042369
v -0.505153 1.004994 0.042369
v -0.505153 1.004994 -0.042368
v -0.469801 0.990351 -0.042368
v -0.455158 0.954999 -0.042369
v -0.505153 1.004994 -0.234862
v -0.469801 0.990351 -0.234862
v -0.455158 0.954999 -0.234862
v -0.505153 1.004994 -0.277231
v -0.469801 0.990351 -0.277231
v -0.455158 0.954999 -0.277231
v -0.637168 1.004994 0.450005
v -0.637168 0.990351 0.485357
v -0.637168 0.954999 0.500000
v -0.455158 0.954999 0.312880
v -0.469801 0.990351 0.312880
v -0.505153 1.004994 0.312880
v -0.505153 1.004994 -0.311786
v -0.469801 0.990351 -0.311786
v -0.455158 0.954999 -0.311786
v -0.631262 0.954999 -0.500000
v -0.631262 0.990351 -0.485357
v -0.631262 1.004994 -0.450005
v -1.279054 1.004994 -0.450005
v -1.279054 0.990351 -0.485357
v -1.279054 0.954999 -0.500000
v -1.455158 0.954999 -0.311786
v -1.440515 0.990351 -0.311786
v -1.405163 1.004994 -0.311786
v -1.279054 0.954999 0.500000
v -1.279054 0.990351 0.485357
v -1.279054 1.004994 0.450005
v -1.405163 1.004994 0.312880
v -1.440515 0.990351 0.312880
v -1.455158 0.954999 0.312880
v -0.955158 0.726476 0.500000
v -0.955158 0.768845 0.500000
v -0.955158 0.811213 0.500000
v -0.662789 0.518845 0.500000
v -0.705158 0.518845 0.500000
v -0.747527 0.518845 0.500000
v -1.162789 0.518845 0.500000
v -1.205158 0.518845 0.500000
v -1.247527 0.518845 0.500000
v -0.955158 0.226476 0.500000
v -0.955158 0.268845 0.500000
v -0.955158 0.311213 0.500000
v -0.574761 0.518845 0.500000
v -0.594236 0.518845 0.500000
v -0.624568 0.518845 0.500000
v -0.955158 0.849435 0.500000
v -0.955158 0.879767 0.500000
v -0.955158 0.899242 0.500000
v -1.335555 0.518845 0.500000
v -1.316080 0.518845 0.500000
v -1.285748 0.518845 0.500000
v -0.955158 0.188255 0.500000
v -0.955158 0.157923 0.500000
v -0.955158 0.138448 0.500000
v -0.958849 0.954999 0.500000
v -0.958849 0.990351 0.485357
v -0.958849 1.004994 0.450005
v -0.955158 1.004994 0.408996
v -0.955158 1.004994 0.389521
v -0.955158 1.004994 0.359188
v -0.955158 1.004994 0.320967
v -0.955158 1.004994 0.278599
v -0.955158 1.004994 0.236230
v -0.955158 1.004994 0.198009
v -0.955158 1.004994 0.167676
v -0.955158 1.004994 0.110922
v -0.955158 1.004994 0.080590
v -0.955158 1.004994 0.042369
v -0.955158 1.004994 -0.000000
v -0.955158 1.004994 -0.042369
v -0.955158 1.004994 -0.080590
v -0.955158 1.004994 -0.110922
v -0.955158 1.004994 -0.166309
v -0.955158 1.004994 -0.196641
v -0.955158 1.004994 -0.234862
v -0.955158 1.004994 -0.277231
v -0.955158 1.004994 -0.319599
v -0.955158 1.004994 -0.357821
v -0.955158 1.004994 -0.388153
v -0.955158 1.004994 -0.407628
v -0.951467 1.004994 -0.450005
v -0.951467 0.990351 -0.485357
v -0.951467 0.954999 -0.500000
v -0.455158 0.726476 0.450005
v -0.469801 0.726476 0.485357
v -0.505153 0.726476 0.500000
v -0.455158 0.518845 0.450005
v -0.469801 0.518845 0.485357
v -0.505153 0.518845 0.500000
v -0.455158 0.311214 0.450005
v -0.469801 0.311214 0.485357
v -0.505153 0.311213 0.500000
v -1.405163 0.518845 0.500000
v -1.440515 0.518845 0.485357
v -1.455158 0.518845 0.450005
v -1.455158 0.726476 0.450005
v -1.440515 0.726476 0.485357
v -1.405163 0.726476 0.500000
v -1.405163 0.311214 0.500000
v -1.440515 0.311214 0.485357
v -1.455158 0.311214 0.450005
v -1.455158 0.817885 0.450005
v -1.440515 0.817885 0.485357
v -1.405163 0.817885 0.500000
v -1.405163 0.772181 0.500000
v -1.440515 0.772181 0.485357
v -1.455158 0.772181 0.450005
v -0.505153 0.817885 0.500000
v -0.469801 0.817885 0.485357
v -0.455158 0.817885 0.450005
v -0.455158 0.772181 0.450005
v -0.469801 0.772181 0.485357
v -0.505153 0.772181 0.500000
v -0.455158 0.234346 0.450005
v -0.469801 0.234346 0.485357
v -0.505153 0.234346 0.500000
v -0.505153 0.272780 0.500000
v -0.469801 0.272780 0.485357
v -0.455158 0.272780 0.450005
v -1.405163 0.234346 0.500000
v -1.440515 0.234346 0.485357
v -1.455158 0.234346 0.450005
v -1.455158 0.272780 0.450005
v -1.440515 0.272780 0.485357
v -1.405163 0.272780 0.500000
v -0.955158 0.019637 0.485357
v -0.955158 0.054989 0.500000
v -1.162789 0.019637 0.485357
v -1.162789 0.054989 0.500000
v -0.747527 0.054989 0.500000
v -0.747527 0.019637 0.485357
v -1.207634 0.019637 0.485357
v -1.207634 0.054989 0.500000
v -1.250038 0.004994 0.450005
v -1.250038 0.019637 0.485357
v -1.250038 0.054989 0.500000
v -1.405163 0.187277 0.500000
v -1.440515 0.187277 0.485357
v -1.455158 0.187277 0.450005
v -0.455158 0.192685 0.450005
v -0.469801 0.192685 0.485357
v -0.505153 0.192685 0.500000
v -0.703440 0.054989 0.500000
v -0.703440 0.019637 0.485357
v -0.667026 0.054989 0.500000
v -0.667026 0.019637 0.485357
v -0.667026 0.004994 0.450005
v -0.469801 0.019637 -0.000000
v -0.455158 0.054989 -0.000000
v -1.455158 0.054989 -0.000000
v -1.440515 0.019637 -0.000000
v -0.955158 0.054989 -0.500000
v -0.955158 0.019637 -0.485357
v -1.455158 0.054989 0.135002
v -1.440515 0.019637 0.135002
v -1.440515 0.019637 -0.135002
v -1.455158 0.054989 -0.135002
v -1.090159 0.054989 -0.500000
v -1.090159 0.019637 -0.485357
v -0.820156 0.019637 -0.485357
v -0.820156 0.054989 -0.500000
v -0.455158 0.054989 -0.135002
v -0.469801 0.019637 -0.135002
v -0.469801 0.019637 0.135002
v -0.455158 0.054989 0.135002
v -1.405163 0.726477 -0.500000
v -1.440515 0.726477 -0.485357
v -1.455158 0.726477 -0.450005
v -1.455158 0.311212 -0.450005
v -1.440515 0.311212 -0.485357
v -1.405163 0.311211 -0.500000
v -1.405163 0.518844 -0.500000
v -1.440515 0.518844 -0.485357
v -1.455158 0.518844 -0.450005
v -1.454828 0.518844 -0.380394
v -1.454833 0.518842 -0.360919
v -1.454870 0.518841 -0.330586
v -1.454935 0.518840 -0.292366
v -1.455022 0.518842 -0.250000
v -1.455122 0.518844 -0.207633
v -1.455226 0.518846 -0.169413
v -1.455323 0.518846 -0.139080
v -1.454633 0.518844 0.139082
v -1.454594 0.518842 0.169414
v -1.454610 0.518840 0.207634
v -1.454680 0.518839 0.250000
v -1.454797 0.518840 0.292367
v -1.454949 0.518843 0.330588
v -1.455121 0.518845 0.360921
v -1.455298 0.518845 0.380395
v -1.455158 0.271860 -0.450005
v -1.440515 0.271860 -0.485357
v -1.405163 0.271860 -0.500000
v -1.455158 0.233832 -0.450005
v -1.440515 0.233832 -0.485357
v -1.405163 0.233832 -0.500000
v -1.455158 0.189715 -0.450005
v -1.440515 0.189715 -0.485357
v -1.405163 0.189714 -0.500000
v -1.455158 0.054989 0.203549
v -1.440515 0.019637 0.203549
v -1.455158 0.054989 0.242167
v -1.440515 0.019637 0.242167
v -1.405163 0.004994 0.242167
v -1.455158 0.054989 0.282269
v -1.440515 0.019637 0.282269
v -1.405163 0.004994 0.282269
v -1.440515 0.019637 -0.249676
v -1.455158 0.054989 -0.249676
v -1.455158 0.054989 -0.212592
v -1.440515 0.019637 -0.212592
v -1.405163 0.004994 -0.284619
v -1.440515 0.019637 -0.284619
v -1.455158 0.054989 -0.284619
v -1.455006 0.879767 0.002586
v -1.455017 0.849434 0.002124
v -1.455041 0.811213 0.001827
v -1.455078 0.768845 0.001725
v -1.455122 0.726478 0.001826
v -1.455169 0.688258 0.002123
v -1.454973 0.518845 0.002124
v -1.454776 0.349432 0.002126
v -1.454995 0.311213 0.001827
v -1.455230 0.268845 0.001723
v -1.455458 0.226478 0.001824
v -1.455657 0.188259 0.002121
v -1.455806 0.157930 0.002585
v -1.405163 0.814410 -0.500000
v -1.440515 0.814410 -0.485357
v -1.455158 0.814410 -0.450005
v -1.455158 0.776970 -0.450005
v -1.440515 0.776970 -0.485357
v -1.405163 0.776970 -0.500000
v -0.455158 0.054989 -0.256062
v -0.469801 0.019637 -0.256062
v -0.455158 0.054989 -0.296894
v -0.469801 0.019637 -0.296894
v -0.505153 0.004994 -0.296894
v -0.469801 0.019637 -0.207218
v -0.455158 0.054989 -0.207218
v -0.455158 0.162130 -0.450005
v -0.469801 0.162130 -0.485357
v -0.505153 0.162130 -0.500000
v -0.455158 0.209577 -0.450005
v -0.469801 0.209577 -0.485357
v -0.505153 0.209577 -0.500000
v -0.455158 0.261687 -0.450005
v -0.469801 0.261688 -0.485357
v -0.505153 0.261688 -0.500000
v -0.455158 0.311326 -0.450005
v -0.469801 0.311327 -0.485357
v -0.505153 0.311327 -0.500000
v -0.455158 0.352257 -0.450005
v -0.469801 0.352257 -0.485357
v -0.505153 0.352257 -0.500000
v -0.455158 0.385024 -0.450005
v -0.469801 0.385024 -0.485357
v -0.505153 0.385024 -0.500000
v -0.455158 0.542114 -0.450005
v -0.469801 0.542114 -0.485357
v -0.505153 0.542114 -0.500000
v -0.505153 0.412440 -0.500000
v -0.469801 0.412440 -0.485357
v -0.455158 0.412440 -0.450005
v -0.455158 0.585051 -0.450005
v -0.469801 0.585051 -0.485357
v -0.505153 0.585051 -0.500000
v -0.455158 0.621163 -0.450005
v -0.469801 0.621163 -0.485357
v -0.505153 0.621163 -0.500000
v -0.455158 0.770167 -0.450005
v -0.469801 0.770167 -0.485357
v -0.505153 0.770167 -0.500000
v -0.455158 0.811029 -0.450005
v -0.469801 0.811029 -0.485357
v -0.505153 0.811029 -0.500000
v -0.455158 0.848789 -0.450005
v -0.469801 0.848789 -0.485357
v -0.505153 0.848788 -0.500000
v -0.469801 0.019637 0.283721
v -0.455158 0.054989 0.283721
v -0.505153 0.727893 -0.500000
v -0.469801 0.727893 -0.485357
v -0.455158 0.727893 -0.450005
v -0.505153 0.682868 -0.500000
v -0.469801 0.682868 -0.485357
v -0.455158 0.682868 -0.450005
v -1.280871 0.798881 -0.500000
v -1.247527 0.804166 -0.500000
v -1.205158 0.805988 -0.500000
v -1.281255 0.765859 -0.500000
v -1.247527 0.772262 -0.500000
v -1.205158 0.774469 -0.500000
v -1.281770 0.721566 -0.500000
v -1.247527 0.729469 -0.500000
v -1.205158 0.732192 -0.500000
v -1.284227 0.510439 -0.500000
v -1.247527 0.525490 -0.500000
v -1.205158 0.530676 -0.500000
vn -0.1960 -0.2248 0.9545
vn -0.0498 -0.3766 0.9250
vn -0.0000 -0.3827 0.9239
vn 0.9547 -0.2269 0.1927
vn 0.9250 -0.3770 0.0469
vn 0.9239 -0.3827 -0.0000
vn -0.3757 -0.0570 0.9250
vn -0.3827 -0.0000 0.9239
vn 0.9249 0.0681 -0.3742
vn 0.9534 0.2355 -0.1888
vn 0.9239 -0.0000 -0.3827
vn -0.0593 0.9250 -0.3754
vn -0.2196 0.9542 -0.2031
vn -0.0000 0.9239 -0.3827
vn -0.3759 0.9250 0.0553
vn -0.2189 0.9542 0.2038
vn -0.3827 0.9239 -0.0000
vn 0.3253 0.3253 -0.8879
vn 0.3742 0.0681 -0.9249
vn 0.1976 0.2280 -0.9534
vn 0.0593 0.3754 -0.9250
vn -0.8879 0.3253 0.3253
vn -0.9250 0.3759 0.0553
vn -0.9545 0.2109 0.2109
vn -0.9250 0.0553 0.3759
vn 0.2115 -0.9553 0.2066
vn 0.3770 -0.9250 0.0469
vn 0.3253 -0.8879 0.3253
vn 0.0480 -0.9250 0.3769
vn 0.3253 0.8879 -0.3253
vn 0.0593 0.9250 -0.3754
vn 0.2196 0.9542 -0.2031
vn 0.3760 0.9250 -0.0549
vn 0.8879 -0.3253 0.3253
vn 0.9250 -0.0551 0.3760
vn 0.1953 -0.2246 0.9547
vn 0.0480 -0.3769 0.9250
vn 0.3253 -0.3253 0.8879
vn 0.3759 -0.0551 0.9250
vn 0.8879 0.3253 -0.3253
vn 0.9250 0.3760 -0.0549
vn -0.3253 0.8879 0.3253
vn -0.0593 0.9250 0.3754
vn -0.3253 0.3253 0.8879
vn -0.3759 0.0553 0.9250
vn -0.2189 0.2039 0.9542
vn -0.0593 0.3754 0.9250
vn 0.2145 0.2077 0.9544
vn 0.3759 0.0553 0.9250
vn 0.3253 0.3253 0.8879
vn 0.0571 0.3757 0.9250
vn 0.3253 0.8879 0.3253
vn 0.3759 0.9250 0.0553
vn 0.2145 0.9544 0.2077
vn 0.0571 0.9250 0.3757
vn 0.9545 0.2109 0.2109
vn 0.9250 0.3759 0.0553
vn 0.8879 0.3253 0.3253
vn 0.9250 0.0553 0.3759
vn 0.3827 -0.0000 0.9239
vn 0.9239 -0.0000 0.3827
vn -0.0000 0.3827 0.9239
vn 0.9239 0.3827 -0.0000
vn -0.0000 0.9239 0.3827
vn 0.3827 0.9239 -0.0000
vn 0.3827 -0.9239 -0.0000
vn -0.0498 -0.9250 0.3767
vn -0.2164 -0.9552 0.2021
vn -0.0000 -0.9239 0.3827
vn 0.3827 -0.0000 -0.9239
vn -0.2210 0.2014 -0.9542
vn -0.0593 0.3754 -0.9250
vn -0.0000 0.3827 -0.9239
vn -0.9239 0.3827 -0.0000
vn -0.9544 -0.2314 0.1884
vn -0.9250 -0.0570 0.3757
vn -0.9239 -0.0000 0.3827
vn -0.3253 -0.3253 0.8879
vn 0.8879 -0.3253 -0.3253
vn 0.9249 -0.0676 -0.3742
vn 0.9531 -0.2434 -0.1796
vn 0.9250 -0.3766 -0.0504
vn -0.3253 0.8879 -0.3253
vn -0.3760 0.9250 -0.0549
vn 0.3253 -0.8879 -0.3253
vn 0.3766 -0.9250 -0.0504
vn 0.1407 -0.9525 -0.2699
vn 0.0265 -0.9248 -0.3796
vn -0.3253 -0.8879 0.3253
vn -0.3771 -0.9250 0.0466
vn 0.1142 -0.2962 -0.9483
vn 0.3742 -0.0676 -0.9249
vn 0.3253 -0.3253 -0.8879
vn 0.0265 -0.3796 -0.9248
vn -0.8879 -0.3253 0.3253
vn -0.9250 -0.3771 0.0466
vn -0.9545 0.2092 -0.2123
vn -0.9250 0.3760 -0.0549
vn -0.8879 0.3253 -0.3253
vn -0.9250 0.0541 -0.3761
vn -0.3253 0.3253 -0.8879
vn -0.3761 0.0541 -0.9250
vn -0.9546 -0.2285 -0.1913
vn -0.9250 -0.0561 -0.3758
vn -0.8879 -0.3253 -0.3253
vn -0.9250 -0.3770 -0.0472
vn -0.3253 -0.8879 -0.3253
vn -0.0265 -0.9248 -0.3796
vn -0.1470 -0.9534 -0.2636
vn -0.3770 -0.9250 -0.0472
vn -0.3253 -0.3253 -0.8879
vn -0.3758 -0.0561 -0.9250
vn -0.1307 -0.2799 -0.9511
vn -0.0265 -0.3796 -0.9248
vn -0.0000 -0.9239 -0.3827
vn -0.3827 -0.9239 -0.0000
vn -0.0000 -0.3827 -0.9239
vn -0.3827 -0.0000 -0.9239
vn -0.9239 -0.3827 -0.0000
vn -0.9239 -0.0000 -0.3827
vn 0.9388 0.1600 -0.3050
vn 0.8771 0.3867 -0.2850
vn 0.9222 0.3867 -0.0000
vn 0.9871 0.1600 -0.0000
vn 0.3601 0.9256 -0.1170
vn 0.1331 0.9902 -0.0433
vn 0.1400 0.9902 -0.0000
vn 0.3786 0.9256 -0.0000
vn 0.7986 -0.5802 -0.1600
vn 0.7461 -0.5420 -0.3868
vn 0.8770 -0.2850 -0.3868
vn 0.9388 -0.3050 -0.1600
vn 0.3063 -0.2226 -0.9255
vn 0.1132 -0.0823 -0.9902
vn 0.1331 -0.0432 -0.9902
vn 0.3601 -0.1170 -0.9255
vn -0.3050 0.9388 -0.1600
vn -0.2850 0.8771 -0.3867
vn -0.5420 0.7461 -0.3868
vn -0.5802 0.7986 -0.1600
vn -0.1170 0.3601 -0.9255
vn -0.0433 0.1331 -0.9902
vn -0.0823 0.1132 -0.9902
vn -0.2226 0.3063 -0.9255
vn -0.1738 -0.3044 0.9366
vn -0.3974 -0.2852 0.8722
vn -0.3945 -0.5420 0.7420
vn -0.1702 -0.5798 0.7968
vn -0.9270 -0.1166 0.3566
vn -0.9904 -0.0432 0.1315
vn -0.9903 -0.0826 0.1115
vn -0.9267 -0.2217 0.3036
vn -0.1567 0.7986 -0.5812
vn -0.3832 0.7456 -0.5451
vn -0.3873 0.8760 -0.2875
vn -0.1617 0.9383 -0.3057
vn -0.9251 0.3065 -0.2240
vn -0.9901 0.1132 -0.0831
vn -0.9901 0.1328 -0.0447
vn -0.9257 0.3596 -0.1178
vn 0.9902 0.0432 -0.1331
vn 0.9255 0.1170 -0.3601
vn 0.9255 0.2226 -0.3063
vn 0.9902 0.0823 -0.1132
vn 0.3868 0.2850 -0.8770
vn 0.1600 0.3050 -0.9388
vn 0.1600 0.5802 -0.7986
vn 0.3868 0.5420 -0.7461
vn 0.0432 -0.1331 0.9902
vn 0.1170 -0.3601 0.9255
vn 0.2226 -0.3063 0.9255
vn 0.0823 -0.1132 0.9902
vn 0.2850 -0.8771 0.3868
vn 0.3050 -0.9388 0.1600
vn 0.5802 -0.7986 0.1600
vn 0.5420 -0.7461 0.3868
vn -0.1331 0.9902 0.0433
vn -0.3601 0.9255 0.1170
vn -0.3063 0.9256 0.2225
vn -0.1132 0.9902 0.0823
vn -0.8771 0.3867 0.2850
vn -0.9388 0.1600 0.3050
vn -0.7986 0.1600 0.5802
vn -0.7461 0.3867 0.5421
vn -0.0000 0.9902 0.1400
vn -0.0000 1.0000 -0.0000
vn -0.0433 0.9902 0.1331
vn 0.3090 -0.0000 0.9511
vn 0.5878 -0.0000 0.8090
vn 0.5802 0.1600 0.7986
vn 0.3050 0.1600 0.9388
vn 0.8090 -0.0000 0.5878
vn 0.9511 -0.0000 0.3090
vn 0.9388 0.1600 0.3050
vn 0.7986 0.1600 0.5802
vn 0.1132 0.0822 -0.9902
vn -0.0000 -0.0000 -1.0000
vn 0.0823 0.1132 -0.9902
vn 0.0433 0.1331 -0.9902
vn 0.1331 0.0432 -0.9902
vn -0.0823 0.9902 0.1132
vn 0.1132 0.9902 -0.0823
vn -0.9904 0.1120 0.0810
vn -1.0000 -0.0000 -0.0000
vn -0.9904 0.0812 0.1115
vn 0.9511 -0.3090 -0.0000
vn 0.8090 -0.5878 -0.0000
vn -0.5878 0.8090 -0.0000
vn -0.3090 0.9511 -0.0000
vn -0.9905 0.0426 0.1311
vn -0.9903 0.1320 0.0424
vn 0.1400 -0.0000 -0.9902
vn -0.0000 0.1400 -0.9902
vn -0.0000 -0.0000 1.0000
vn -0.0000 0.1600 0.9871
vn 1.0000 -0.0000 -0.0000
vn -0.0110 -0.5864 0.8099
vn -0.0155 -0.3078 0.9513
vn -0.0008 0.9517 -0.3071
vn 0.0053 0.8101 -0.5862
vn -0.9904 -0.0002 0.1380
vn -0.9903 0.1391 -0.0004
vn -0.9511 -0.0000 -0.3090
vn -0.9871 0.1600 -0.0000
vn -0.9388 0.1600 -0.3050
vn -0.3090 -0.0000 -0.9511
vn -0.3050 0.1600 -0.9388
vn -0.0000 0.1600 -0.9871
vn 0.0823 0.9902 -0.1132
vn -0.9511 0.3090 -0.0000
vn -0.9871 -0.0000 0.1600
vn -0.9388 0.3050 0.1600
vn -0.0000 0.3090 -0.9511
vn 0.1600 -0.0000 -0.9871
vn -0.0000 -0.9511 0.3090
vn -0.0000 -1.0000 -0.0000
vn 0.1600 -0.9871 -0.0000
vn 0.1600 -0.9388 0.3050
vn 0.3090 -0.9511 -0.0000
vn -0.0000 -0.9871 0.1600
vn 0.0433 0.9902 -0.1331
vn -0.8090 -0.0000 -0.5878
vn -0.7986 0.1600 -0.5802
vn -0.5878 -0.0000 -0.8090
vn -0.5802 0.1600 -0.7986
vn -0.3090 -0.0000 0.9511
vn -0.3050 0.1600 0.9388
vn 0.9511 -0.0000 -0.3090
vn -0.0000 0.9902 -0.1400
vn -0.1400 0.9902 -0.0000
vn 0.5878 -0.8090 -0.0000
vn 0.5802 -0.7986 -0.1600
vn -0.8090 0.5878 -0.0000
vn -0.7986 0.5802 -0.1600
vn 0.0823 -0.1132 -0.9902
vn -0.1132 0.0823 -0.9902
vn -0.0054 -0.8079 0.5893
vn -0.1655 -0.7983 0.5791
vn 0.0109 0.5894 -0.8078
vn -0.1522 0.5804 -0.8000
vn -0.0000 -0.3090 -0.9511
vn 0.1600 -0.3050 -0.9388
vn -0.9511 -0.3090 -0.0000
vn -0.9388 -0.3050 0.1600
vn -0.3090 -0.9511 -0.0000
vn -0.3050 -0.9388 0.1600
vn -0.0000 -0.9511 -0.3090
vn 0.1600 -0.9388 -0.3050
vn -0.9903 -0.1129 0.0815
vn -0.9900 0.0826 -0.1145
vn -0.1331 0.9902 -0.0433
vn -0.0432 0.9902 -0.1331
vn 0.0433 -0.1331 -0.9902
vn -0.1331 0.0432 -0.9902
vn -0.1132 0.9902 -0.0823
vn -0.0823 0.9902 -0.1132
vn -0.9901 -0.1335 0.0429
vn -0.9899 0.0434 -0.1348
vn -0.5878 -0.8090 -0.0000
vn -0.5802 -0.7986 0.1600
vn -0.0000 -0.5878 -0.8090
vn 0.1600 -0.5802 -0.7986
vn -0.0000 -0.8090 -0.5878
vn 0.1600 -0.7986 -0.5802
vn -0.8090 -0.5878 -0.0000
vn -0.7986 -0.5802 0.1600
vn -0.0000 -0.1400 -0.9901
vn -0.1400 -0.0000 -0.9902
vn -0.5878 -0.0000 0.8090
vn -0.5802 0.1600 0.7986
vn 0.8090 -0.0000 -0.5878
vn 0.7986 0.1600 -0.5802
vn -0.9901 -0.1407 -0.0006
vn -0.9899 -0.0002 -0.1420
vn 0.1132 0.9902 0.0823
vn 0.0823 0.9902 0.1132
vn 0.1133 0.9901 0.0823
vn 0.3050 -0.9388 -0.1600
vn -0.9388 0.3050 -0.1600
vn 0.0433 0.9902 0.1331
vn 0.1331 0.9902 0.0433
vn -0.0432 -0.1331 -0.9902
vn -0.1331 -0.0432 -0.9902
vn 0.0008 -0.9504 0.3109
vn -0.1603 -0.9390 0.3044
vn 0.0155 0.3101 -0.9506
vn -0.1484 0.3052 -0.9407
vn -0.9900 -0.1343 -0.0441
vn -0.9898 -0.0439 -0.1352
vn -0.0823 -0.1132 -0.9902
vn -0.1132 -0.0823 -0.9902
vn -0.9899 -0.1145 -0.0836
vn -0.9899 -0.0833 -0.1150
vn -0.0432 0.9902 0.1331
vn 0.1331 0.9902 -0.0432
vn -0.8090 -0.0000 0.5878
vn 0.5878 -0.0000 -0.8090
vn 0.5802 0.1600 -0.7986
vn 0.0823 0.1132 0.9902
vn 0.1132 0.0823 0.9902
vn 0.9902 0.0823 0.1132
vn 0.9902 0.1132 0.0823
vn 0.1331 0.0433 0.9902
vn 0.0433 0.1331 0.9902
vn 0.1331 0.0432 0.9902
vn 0.9902 0.1331 0.0432
vn 0.9902 0.0433 0.1331
vn -0.9871 -0.0000 -0.1600
vn -0.0000 -0.9871 -0.1600
vn 0.1400 -0.0000 0.9902
vn -0.0000 0.1400 0.9902
vn 0.9902 0.1400 -0.0000
vn 0.9901 -0.0000 0.1400
vn 0.0185 0.0007 -0.9998
vn -0.1459 -0.0002 -0.9893
vn 0.0068 -1.0000 0.0024
vn -0.1552 -0.9879 -0.0007
vn 0.0822 0.9902 -0.1133
vn 0.1331 -0.0432 0.9902
vn -0.0432 0.1331 0.9902
vn 0.9902 -0.0432 0.1331
vn 0.9902 0.1331 -0.0432
vn -0.3050 -0.9388 -0.1600
vn -0.9388 -0.3050 -0.1600
vn 0.9902 -0.0823 0.1132
vn -0.0823 0.1132 0.9902
vn 0.1132 -0.0823 0.9902
vn 0.9902 0.1132 -0.0823
vn 0.3090 -0.0000 -0.9511
vn 0.3050 0.1600 -0.9388
vn -0.9511 -0.0000 0.3090
vn 0.0122 -0.9516 -0.3070
vn -0.1508 -0.9400 -0.3061
vn 0.0198 -0.3089 -0.9509
vn -0.1448 -0.3058 -0.9410
vn -0.1132 0.0823 0.9902
vn 0.9902 -0.1132 0.0823
vn -0.5802 -0.7986 -0.1600
vn -0.7986 -0.5802 -0.1600
vn 0.0165 -0.8096 -0.5868
vn -0.1473 -0.7999 -0.5817
vn 0.0191 -0.5881 -0.8086
vn -0.1453 -0.5814 -0.8006
vn -0.1331 0.0433 0.9902
vn 0.0433 -0.1331 0.9902
vn 0.9902 -0.1331 0.0433
vn -0.1400 -0.0000 0.9901
vn -0.1400 -0.0000 0.9902
vn 0.9902 -0.0000 -0.1400
vn -0.0000 -0.1400 0.9901
vn 0.9902 -0.1400 -0.0000
vn 0.0432 0.9902 0.1331
vn -0.1331 -0.0433 0.9902
vn -0.1331 -0.0432 0.9902
vn 0.9902 -0.0432 -0.1331
vn -0.0432 -0.1331 0.9902
vn -0.0433 -0.1331 0.9902
vn 0.9902 -0.1331 -0.0432
vn -0.0823 -0.1132 0.9902
vn 0.9902 -0.0823 -0.1132
vn 0.9902 -0.1132 -0.0822
vn -0.1132 -0.0823 0.9902
vn 0.8090 0.5878 -0.0000
vn 0.5878 0.8090 -0.0000
vn 0.5802 0.7986 0.1600
vn 0.7986 0.5802 0.1600
vn -0.0000 0.8090 0.5878
vn -0.0000 0.5878 0.8090
vn 0.1600 0.5802 0.7986
vn 0.1600 0.7986 0.5802
vn 0.3090 0.9511 -0.0000
vn 0.3050 0.9388 0.1600
vn 0.9511 0.3090 -0.0000
vn 0.9388 0.3050 0.1600
vn -0.0000 0.9511 0.3090
vn 0.1600 0.9388 0.3050
vn -0.0000 0.3090 0.9511
vn 0.1600 0.3050 0.9388
vn 0.9871 -0.0000 0.1600
vn -0.0000 0.9871 0.1600
vn 0.1600 0.9871 -0.0000
vn 0.1600 -0.0000 0.9871
vn 0.9388 -0.3050 0.1600
vn -0.0000 -0.3090 0.9511
vn 0.1600 -0.3050 0.9388
vn -0.3050 0.9388 0.1600
vn -0.0000 0.9511 -0.3090
vn 0.1600 0.9388 -0.3050
vn -0.1331 0.9902 -0.0432
vn 0.1331 0.9902 0.0432
vn -0.0000 -0.5878 0.8090
vn 0.1600 -0.5802 0.7986
vn 0.8099 -0.5866 -0.0001
vn 0.7988 -0.5798 0.1604
vn -0.5802 0.7986 0.1600
vn 0.7986 -0.5802 0.1600
vn -0.0000 0.8090 -0.5878
vn 0.1600 0.7986 -0.5802
vn 0.9902 0.1331 0.0433
vn -0.7986 0.5802 0.1600
vn 0.5890 -0.8081 -0.0001
vn 0.5806 -0.7980 0.1615
vn -0.0000 -0.8090 0.5878
vn 0.1600 -0.7986 0.5802
vn -0.0000 0.5878 -0.8090
vn 0.3077 -0.9515 -0.0001
vn 0.3044 -0.9388 0.1615
vn 0.9902 -0.1331 0.0432
vn 0.9901 -0.1400 -0.0000
vn -0.0014 -1.0000 -0.0001
vn -0.0004 -0.9870 0.1604
vn 0.9902 -0.1132 -0.0823
vn 0.9871 -0.0001 0.1603
vn 0.9389 -0.3051 0.1595
vn 0.8087 -0.5882 -0.0000
vn 0.7986 -0.5801 0.1603
vn 0.3051 0.1600 -0.9388
vn 0.9902 -0.0433 -0.1331
vn -0.0069 1.0000 0.0022
vn -0.1668 0.9860 -0.0007
vn -0.0186 0.0007 0.9998
vn -0.1762 -0.0003 0.9844
vn -0.0000 0.9871 -0.1600
vn 0.9871 -0.0000 -0.1600
vn -0.0433 0.9902 -0.1331
vn -0.0123 0.9505 0.3105
vn -0.1713 0.9372 0.3039
vn -0.0198 0.3090 0.9508
vn -0.1773 0.3041 0.9360
vn 0.3050 0.9388 -0.1600
vn 0.9388 0.3050 -0.1600
vn 0.0432 0.9902 -0.1331
vn -0.0165 0.8083 0.5886
vn -0.1747 0.7968 0.5784
vn -0.0191 0.5872 0.8092
vn -0.1767 0.5787 0.7962
vn 0.7986 0.5802 -0.1600
vn 0.5802 0.7986 -0.1600
vn 0.9902 0.1331 -0.0433
vn 0.9902 -0.0433 0.1331
vn 0.9902 0.0432 0.1331
vn 0.0432 0.1331 0.9902
vn -0.9905 -0.1109 -0.0814
vn -0.9904 -0.0807 -0.1126
vn -0.9903 -0.1123 -0.0823
vn -0.9902 -0.0817 -0.1136
vn -0.9902 -0.0422 -0.1331
vn -0.9901 -0.0429 -0.1340
vn -0.9906 -0.1300 -0.0427
vn -0.9904 -0.1316 -0.0433
vn -0.0823 -0.9902 -0.1132
vn -0.1132 -0.9902 -0.0823
vn -0.1331 -0.9902 -0.0433
vn -0.0433 -0.9902 -0.1331
vn -0.9900 0.0010 -0.1408
vn -0.9900 0.0006 -0.1413
vn -0.9907 -0.1364 -0.0001
vn -0.9904 -0.1380 -0.0003
vn -0.0000 -0.9902 -0.1400
vn -0.1400 -0.9901 -0.0000
vn -0.9899 0.0447 -0.1346
vn -0.9899 0.0443 -0.1348
vn -0.9907 -0.1296 0.0423
vn -0.9905 -0.1310 0.0424
vn -0.1331 -0.9902 0.0433
vn 0.0432 -0.9902 -0.1331
vn -0.9898 0.0845 -0.1150
vn -0.9898 0.0838 -0.1149
vn -0.9906 -0.1103 0.0807
vn -0.9905 -0.1113 0.0809
vn -0.1132 -0.9902 0.0823
vn 0.0823 -0.9902 -0.1132
vn -0.9897 0.1162 -0.0839
vn -0.9898 0.1152 -0.0836
vn -0.9905 -0.0801 0.1115
vn -0.9905 -0.0808 0.1116
vn -0.0823 -0.9902 0.1132
vn 0.1132 -0.9902 -0.0823
vn -0.9896 0.1366 -0.0442
vn -0.9904 -0.0419 0.1316
vn -0.9904 -0.0423 0.1315
vn -0.9898 0.1353 -0.0441
vn 0.1331 -0.9902 -0.0433
vn -0.0433 -0.9902 0.1331
vn -0.9896 0.1436 -0.0001
vn -0.9903 0.0010 0.1392
vn -0.9899 0.1420 -0.0003
vn -0.9903 0.0006 0.1386
vn 0.1400 -0.9902 -0.0000
vn -0.0000 -0.9902 0.1400
vn -0.9901 0.0443 0.1332
vn -0.9897 0.1363 0.0438
vn -0.9900 0.1346 0.0432
vn -0.9902 0.0436 0.1323
vn 0.1331 -0.9902 0.0432
vn 0.0432 -0.9902 0.1331
vn -0.9898 0.1156 0.0832
vn -0.9899 0.0839 0.1139
vn -0.9900 0.1142 0.0823
vn -0.9901 0.0828 0.1129
vn -0.0008 -0.5898 -0.8075
vn -0.0075 -0.8102 -0.5861
vn -0.1669 -0.7972 -0.5802
vn -0.1613 -0.5794 -0.7989
vn -0.0141 -0.5902 -0.8071
vn -0.0229 -0.8103 -0.5856
vn -0.1796 -0.7953 -0.5790
vn -0.1723 -0.5781 -0.7976
vn 0.1132 -0.9902 0.0823
vn 0.0823 -0.9902 0.1132
vn 0.0061 -0.3110 -0.9504
vn -0.1558 -0.3045 -0.9397
vn -0.0039 -0.3122 -0.9500
vn -0.1638 -0.3036 -0.9386
vn -0.0294 -0.9512 -0.3073
vn -0.1850 -0.9344 -0.3043
vn -0.0134 -0.9515 -0.3074
vn -0.1719 -0.9367 -0.3050
vn -0.5802 -0.1600 -0.7986
vn -0.7986 -0.1600 -0.5802
vn -0.9388 -0.1600 -0.3050
vn -0.3050 -0.1600 -0.9388
vn 0.0066 -0.0033 -1.0000
vn -0.1552 0.0013 -0.9879
vn 0.0122 -0.0018 -0.9999
vn -0.1507 0.0007 -0.9886
vn -0.0331 -0.9995 0.0007
vn -0.1882 -0.9821 -0.0002
vn -0.0181 -0.9998 0.0012
vn -0.1757 -0.9844 -0.0005
vn -0.0000 -0.1600 -0.9871
vn -0.9871 -0.1600 -0.0000
vn -0.0336 -0.9506 0.3085
vn -0.1887 -0.9339 0.3036
vn -0.0210 -0.9507 0.3095
vn -0.1782 -0.9359 0.3039
vn 0.0166 0.3062 -0.9518
vn -0.1470 0.3067 -0.9404
vn 0.0173 0.3077 -0.9513
vn -0.1467 0.3062 -0.9406
vn -0.9388 -0.1600 0.3050
vn 0.3050 -0.1600 -0.9388
vn 0.0249 0.5858 -0.8101
vn -0.1403 0.5827 -0.8005
vn 0.0206 0.5871 -0.8093
vn -0.1440 0.5819 -0.8004
vn -0.0308 -0.8095 0.5864
vn -0.1865 -0.7945 0.5779
vn -0.0219 -0.8089 0.5876
vn -0.1790 -0.7959 0.5783
vn -0.7986 -0.1600 0.5802
vn 0.5802 -0.1600 -0.7986
vn 0.0307 0.8078 -0.5886
vn -0.1356 0.8019 -0.5819
vn 0.0219 0.8088 -0.5877
vn -0.1431 0.8007 -0.5817
vn -0.0206 -0.5883 0.8084
vn -0.1780 -0.5782 0.7963
vn -0.0250 -0.5894 0.8074
vn -0.1818 -0.5773 0.7961
vn -0.9904 -0.1114 -0.0819
vn -0.9903 -0.0811 -0.1132
vn -0.9901 -0.0425 -0.1338
vn -0.9905 -0.1305 -0.0430
vn -0.1132 -0.0822 -0.9902
vn -0.1331 -0.0433 -0.9902
vn -0.0433 -0.1331 -0.9902
vn -0.9900 0.0009 -0.1414
vn -0.9906 -0.1368 -0.0003
vn -0.5802 -0.1600 0.7986
vn 0.7986 -0.1600 -0.5802
vn -0.1400 -0.0000 -0.9901
vn -0.9898 0.0447 -0.1351
vn -0.9906 -0.1299 0.0421
vn -0.9897 0.0845 -0.1154
vn -0.9906 -0.1104 0.0805
vn 0.0336 0.9504 -0.3092
vn -0.1334 0.9426 -0.3061
vn 0.0210 0.9510 -0.3084
vn -0.1438 0.9411 -0.3060
vn -0.0173 -0.3102 0.9505
vn -0.1754 -0.3037 0.9365
vn -0.0167 -0.3117 0.9500
vn -0.1751 -0.3032 0.9367
vn -0.1132 0.0822 -0.9902
vn -0.9897 0.1162 -0.0841
vn -0.9906 -0.0801 0.1111
vn 0.9388 -0.1600 -0.3050
vn -0.3050 -0.1600 0.9388
vn -0.9896 0.1365 -0.0444
vn -0.9905 -0.0418 0.1311
vn -0.0432 0.1331 -0.9902
vn 0.1331 -0.0433 -0.9902
vn 0.0331 0.9995 0.0007
vn -0.1339 0.9910 -0.0002
vn 0.0181 0.9998 0.0012
vn -0.1463 0.9892 -0.0005
vn -0.0068 -0.0033 1.0000
vn -0.1670 0.0013 0.9860
vn -0.0123 -0.0018 0.9999
vn -0.1713 0.0007 0.9852
vn -0.9897 0.1432 -0.0003
vn -0.9904 0.0009 0.1385
vn 0.9871 -0.1600 -0.0000
vn -0.0000 -0.1600 0.9871
vn -0.9902 0.0440 0.1324
vn -0.9898 0.1358 0.0435
vn 0.0432 0.1331 -0.9902
vn -0.9901 0.0834 0.1133
vn -0.9899 0.1151 0.0826
vn 0.1132 0.0823 -0.9902
vn 0.0294 0.9501 0.3105
vn -0.1371 0.9423 0.3055
vn 0.0037 0.3055 0.9522
vn -0.1583 0.3063 0.9387
vn 0.0134 0.9504 0.3106
vn -0.1502 0.9405 0.3049
vn -0.0062 0.3070 0.9517
vn -0.1663 0.3055 0.9376
vn 0.9388 -0.1600 0.3050
vn 0.3050 -0.1600 0.9388
vn 0.0139 0.5852 0.8107
vn -0.1499 0.5821 0.7992
vn 0.0228 0.8073 0.5896
vn -0.1426 0.8013 0.5810
vn 0.0006 0.5860 0.8103
vn -0.1607 0.5808 0.7980
vn 0.0074 0.8078 0.5894
vn -0.1552 0.7997 0.5800
vn 0.7986 -0.1600 0.5802
vn 0.5802 -0.1600 0.7986
vn -0.0069 -0.5903 -0.8072
vn -0.0163 -0.8105 -0.5855
vn -0.1740 -0.7960 -0.5797
vn -0.1663 -0.5786 -0.7985
vn 0.0032 -0.3125 -0.9499
vn -0.1580 -0.3040 -0.9395
vn -0.0241 -0.9516 -0.3064
vn -0.1806 -0.9352 -0.3047
vn 0.0130 -0.0029 -0.9999
vn -0.1500 0.0011 -0.9887
vn -0.0295 -0.9996 0.0013
vn -0.1851 -0.9827 -0.0005
vn -0.0321 -0.9505 0.3092
vn -0.1874 -0.9342 0.3034
vn 0.0215 0.3067 -0.9516
vn -0.1431 0.3067 -0.9410
vn 0.0279 0.5862 -0.8097
vn -0.1379 0.5827 -0.8009
vn -0.0316 -0.8090 0.5869
vn -0.1870 -0.7946 0.5777
vn 0.0316 0.8082 -0.5880
vn -0.1350 0.8018 -0.5822
vn -0.0279 -0.5888 0.8078
vn -0.1842 -0.5772 0.7956
vn 0.0321 0.9507 -0.3085
vn -0.1347 0.9424 -0.3063
vn -0.0216 -0.3112 0.9501
vn -0.1790 -0.3031 0.9360
vn 0.0295 0.9996 0.0013
vn -0.1370 0.9906 -0.0005
vn -0.0132 -0.0029 0.9999
vn -0.1721 0.0011 0.9851
vn 0.0240 0.9500 0.3113
vn -0.1416 0.9417 0.3051
vn -0.0034 0.3060 0.9520
vn -0.1642 0.3060 0.9378
vn 0.0067 0.5847 0.8112
vn -0.1559 0.5816 0.7984
vn 0.0161 0.8070 0.5904
vn -0.1481 0.8007 0.5805
vn -0.0000 0.3867 0.9222
vn -0.2850 0.3867 0.8771
vn -0.0000 0.9256 0.3786
vn -0.1170 0.9256 0.3601
vn 0.3063 0.9256 -0.2225
vn 0.7461 0.3867 -0.5420
vn 0.8771 0.3867 0.2850
vn 0.3601 0.9256 0.1170
vn 0.5420 0.3867 0.7461
vn 0.2850 0.3867 0.8771
vn 0.2225 0.9256 0.3063
vn 0.1170 0.9256 0.3601
vn 0.7461 0.3867 0.5420
vn 0.3063 0.9256 0.2225
vn 0.3063 0.2226 -0.9255
vn 0.3601 0.1170 -0.9255
vn 0.7461 0.5420 -0.3868
vn 0.8770 0.2850 -0.3868
vn 0.5420 0.7461 -0.3868
vn 0.2226 0.3063 -0.9255
vn 0.2850 0.8771 -0.3867
vn 0.1170 0.3601 -0.9255
vn 0.3787 -0.0000 -0.9255
vn 0.9222 -0.0000 -0.3868
vn -0.5420 0.3867 0.7461
vn -0.2225 0.9256 0.3063
vn 0.2225 0.9256 -0.3063
vn 0.5420 0.3867 -0.7461
vn -0.9272 0.3034 0.2198
vn -0.9268 0.3573 0.1153
vn -0.3983 0.7429 0.5379
vn -0.3956 0.8741 0.2818
vn -0.3999 0.5394 0.7410
vn -0.9273 0.2202 0.3026
vn 0.2226 -0.3063 -0.9255
vn 0.5420 -0.7461 -0.3868
vn -0.0000 0.3787 -0.9255
vn -0.0000 0.9222 -0.3867
vn -0.7461 0.5420 -0.3868
vn -0.3063 0.2226 -0.9255
vn -0.4003 0.2832 0.8715
vn -0.9274 0.1157 0.3559
vn -0.9262 0.3769 -0.0006
vn -0.3917 0.9201 -0.0024
vn -0.9272 -0.0002 0.3746
vn -0.3994 -0.0009 0.9168
vn -0.3906 -0.7462 0.5391
vn -0.9261 -0.3055 0.2212
vn -0.9247 0.2232 -0.3084
vn -0.3796 0.5420 -0.7498
vn -0.9222 0.3867 -0.0000
vn -0.8771 0.3867 -0.2850
vn -0.3786 0.9255 -0.0000
vn -0.3601 0.9255 -0.1170
vn -0.7461 0.3867 -0.5421
vn -0.3063 0.9256 -0.2225
vn -0.2850 0.3867 -0.8771
vn -0.0000 0.3867 -0.9222
vn -0.1170 0.9256 -0.3601
vn -0.0000 0.9256 -0.3786
vn 0.2850 0.3867 -0.8771
vn 0.1170 0.9256 -0.3601
vn -0.9222 -0.0000 0.3867
vn -0.8771 0.2850 0.3868
vn -0.3787 -0.0000 0.9255
vn -0.3601 0.1170 0.9255
vn -0.7461 0.5420 0.3868
vn -0.3063 0.2226 0.9255
vn 0.3868 -0.0000 -0.9222
vn 0.9255 -0.0000 -0.3787
vn 0.3868 -0.2850 -0.8770
vn 0.9255 -0.1170 -0.3601
vn 0.3867 -0.9222 -0.0000
vn 0.3867 -0.8771 0.2850
vn 0.9255 -0.3787 -0.0000
vn 0.9255 -0.3601 0.1170
vn 0.3868 -0.7461 0.5420
vn 0.9255 -0.3063 0.2226
vn -0.0000 -0.9222 0.3867
vn -0.0000 -0.3787 0.9255
vn -0.2850 -0.8771 0.3868
vn -0.1170 -0.3601 0.9255
vn -0.5420 0.3867 -0.7461
vn -0.2225 0.9256 -0.3063
vn 0.1170 -0.3601 -0.9255
vn 0.2850 -0.8770 -0.3868
vn -0.9242 0.1175 -0.3633
vn -0.3763 0.2847 -0.8817
vn 0.3868 -0.5420 -0.7461
vn 0.9255 -0.2226 -0.3063
vn -0.3601 -0.1170 0.9255
vn -0.8771 -0.2850 0.3868
vn -0.5420 -0.7461 0.3868
vn -0.2226 -0.3063 0.9255
vn 0.9255 -0.3601 -0.1170
vn 0.3867 -0.8771 -0.2850
vn -0.3601 0.9256 -0.1170
vn -0.0000 -0.3787 -0.9255
vn -0.0000 -0.9222 -0.3867
vn -0.8770 0.2850 -0.3868
vn -0.3601 0.1170 -0.9255
vn -0.3859 -0.8782 0.2826
vn -0.9254 -0.3607 0.1165
vn -0.9239 -0.0002 -0.3827
vn -0.3740 -0.0009 -0.9274
vn -0.7461 -0.5420 0.3868
vn -0.3063 -0.2226 0.9255
vn 0.3868 -0.7461 -0.5420
vn 0.9255 -0.3063 -0.2226
vn -0.1170 -0.3601 -0.9255
vn -0.2850 -0.8771 -0.3868
vn -0.9222 -0.0000 -0.3868
vn -0.3787 -0.0000 -0.9255
vn -0.3815 -0.9244 -0.0026
vn -0.9247 -0.3806 -0.0009
vn -0.9237 -0.1183 -0.3643
vn -0.3731 -0.2867 -0.8824
vn 0.7461 0.3867 0.5421
vn 0.5421 0.3867 0.7461
vn -0.2226 -0.3063 -0.9255
vn -0.5420 -0.7461 -0.3868
vn -0.8770 -0.2850 -0.3868
vn -0.3601 -0.1170 -0.9255
vn -0.3779 -0.8799 -0.2882
vn -0.9242 -0.3629 -0.1187
vn -0.9237 -0.2249 -0.3100
vn -0.3735 -0.5446 -0.7509
vn -0.3063 -0.2226 -0.9255
vn -0.7461 -0.5420 -0.3868
vn -0.3751 -0.7490 -0.5461
vn -0.9239 -0.3092 -0.2253
vn 0.7461 0.3867 -0.5421
vn -0.5421 0.3867 0.7461
vn 0.5421 0.3867 -0.7461
vn 0.2226 0.3063 0.9255
vn 0.1170 0.3601 0.9255
vn 0.5420 0.7461 0.3868
vn 0.2850 0.8770 0.3868
vn 0.7461 0.5420 0.3868
vn 0.3063 0.2226 0.9255
vn 0.2850 0.8771 0.3867
vn 0.9255 0.2226 0.3063
vn 0.9255 0.1170 0.3601
vn 0.3868 0.5420 0.7461
vn 0.3868 0.2850 0.8771
vn 0.3868 0.7461 0.5420
vn 0.9255 0.3063 0.2226
vn 0.8770 0.2850 0.3868
vn 0.3601 0.1170 0.9255
vn -0.0000 0.3787 0.9255
vn -0.0000 0.9222 0.3868
vn -0.0000 0.9222 0.3867
vn 0.3867 0.8771 0.2850
vn 0.9255 0.3601 0.1170
vn 0.9255 -0.0000 0.3787
vn 0.3867 -0.0000 0.9222
vn 0.9222 -0.0000 0.3868
vn 0.3787 -0.0000 0.9255
vn -0.1170 0.3601 0.9255
vn -0.2850 0.8770 0.3868
vn -0.2850 0.8771 0.3867
vn 0.3867 0.9222 -0.0000
vn 0.9255 0.3787 -0.0000
vn 0.9255 -0.1170 0.3601
vn 0.3868 -0.2850 0.8771
vn 0.8770 -0.2850 0.3868
vn 0.3601 -0.1170 0.9255
vn -0.2226 0.3063 0.9255
vn -0.5420 0.7461 0.3868
vn 0.9255 -0.2226 0.3063
vn 0.3868 -0.5420 0.7461
vn 0.3867 0.8771 -0.2850
vn 0.9255 0.3601 -0.1170
vn -0.3601 0.9256 0.1170
vn 0.7461 -0.5420 0.3868
vn 0.3063 -0.2226 0.9255
vn 0.3868 0.7461 -0.5420
vn 0.9255 0.3063 -0.2226
vn -0.3786 0.9256 -0.0000
vn -0.8770 0.2850 0.3868
vn -0.2226 0.9256 -0.3063
vn -0.5421 0.3867 -0.7461
vn -0.7461 0.3867 -0.5420
vn -0.9222 -0.0000 0.3868
vn 0.2850 -0.8770 0.3868
vn -0.8770 -0.2850 0.3868
vn -0.0000 -0.9222 0.3868
vn -0.7461 0.3867 0.5420
vn 0.9225 -0.0012 0.3860
vn 0.8777 -0.2852 0.3852
vn 0.7466 -0.5418 0.3860
vn 0.3868 -0.8771 0.2850
vn 0.3868 -0.8770 -0.2850
vn -0.9274 -0.3020 -0.2207
vn -0.9281 -0.3539 -0.1156
vn -0.4018 -0.7389 -0.5409
vn -0.4066 -0.8682 -0.2844
vn -0.3956 -0.5365 -0.7454
vn -0.9265 -0.2201 -0.3051
vn -0.9260 -0.3048 -0.2226
vn -0.9266 -0.3574 -0.1169
vn -0.3913 -0.7429 -0.5432
vn -0.3955 -0.8728 -0.2860
vn -0.3866 -0.5397 -0.7479
vn -0.9254 -0.2220 -0.3072
vn -0.3885 -0.2804 -0.8778
vn -0.9256 -0.1156 -0.3605
vn -0.3820 -0.2828 -0.8798
vn -0.9248 -0.1167 -0.3622
vn -0.9285 -0.3713 -0.0001
vn -0.4093 -0.9124 -0.0008
vn -0.9271 -0.3748 -0.0005
vn -0.3989 -0.9170 -0.0017
vn -0.2226 -0.9255 -0.3063
vn -0.1170 -0.9255 -0.3601
vn -0.5420 -0.3868 -0.7461
vn -0.2850 -0.3867 -0.8771
vn -0.7461 -0.3868 -0.5420
vn -0.3063 -0.9255 -0.2226
vn -0.8771 -0.3868 -0.2850
vn -0.3601 -0.9255 -0.1170
vn -0.0000 -0.9255 -0.3787
vn -0.0000 -0.3867 -0.9222
vn -0.3812 0.0046 -0.9245
vn -0.9246 0.0015 -0.3810
vn -0.3777 0.0025 -0.9259
vn -0.9242 0.0009 -0.3819
vn -0.9286 -0.3527 0.1149
vn -0.4099 -0.8673 0.2824
vn -0.9275 -0.3557 0.1154
vn -0.4011 -0.8714 0.2823
vn 0.1170 -0.9255 -0.3601
vn 0.2850 -0.3867 -0.8771
vn -0.9222 -0.3868 -0.0000
vn -0.3787 -0.9255 -0.0000
vn -0.3744 0.2904 -0.8806
vn -0.9237 0.1197 -0.3640
vn -0.3744 0.2883 -0.8813
vn -0.9238 0.1190 -0.3639
vn -0.9285 -0.3000 0.2188
vn -0.4082 -0.7374 0.5381
vn -0.9276 -0.3022 0.2197
vn -0.4018 -0.7407 0.5384
vn -0.8771 -0.3868 0.2850
vn -0.3601 -0.9255 0.1170
vn 0.2226 -0.9255 -0.3063
vn 0.5420 -0.3868 -0.7461
vn -0.3688 0.5490 -0.7501
vn -0.9230 0.2272 -0.3107
vn -0.3723 0.5464 -0.7502
vn -0.9236 0.2257 -0.3100
vn -0.9281 -0.2180 0.3019
vn -0.4044 -0.5350 0.7417
vn -0.9275 -0.2194 0.3026
vn -0.4011 -0.5376 0.7417
vn -0.7461 -0.3868 0.5420
vn -0.3063 -0.9255 0.2226
vn 0.3063 -0.9255 -0.2226
vn 0.7461 -0.3868 -0.5420
vn -0.3650 0.7544 -0.5456
vn -0.9225 0.3127 -0.2262
vn -0.3715 0.7512 -0.5456
vn -0.9235 0.3105 -0.2254
vn -0.9274 -0.1143 0.3563
vn -0.3989 -0.2795 0.8734
vn -0.9273 -0.1151 0.3563
vn -0.3990 -0.2816 0.8727
vn -0.5420 -0.3868 0.7461
vn -0.2226 -0.9255 0.3063
vn 0.3601 -0.9255 -0.1170
vn 0.8770 -0.3868 -0.2850
vn -0.3634 0.8862 -0.2873
vn -0.9224 0.3675 -0.1191
vn -0.9265 0.0015 0.3763
vn -0.3921 0.0045 0.9199
vn -0.9269 0.0009 0.3754
vn -0.3957 0.0025 0.9184
vn -0.3723 0.8825 -0.2876
vn -0.9236 0.3645 -0.1186
vn 0.3787 -0.9255 -0.0000
vn 0.9222 -0.3868 -0.0000
vn -0.2850 -0.3867 0.8771
vn -0.1170 -0.9255 0.3601
vn -0.3639 0.9314 -0.0008
vn -0.9225 0.3860 -0.0002
vn -0.9255 0.1184 0.3597
vn -0.3848 0.2896 0.8764
vn -0.3745 0.9272 -0.0017
vn -0.9240 0.3825 -0.0005
vn -0.9263 0.1173 0.3580
vn -0.3914 0.2871 0.8743
vn 0.3601 -0.9255 0.1170
vn 0.8770 -0.3868 0.2850
vn -0.0000 -0.3867 0.9222
vn -0.0000 -0.9255 0.3787
vn -0.9246 0.2251 0.3075
vn -0.3777 0.5476 0.7466
vn -0.3667 0.8855 0.2853
vn -0.9230 0.3663 0.1183
vn -0.3779 0.8813 0.2839
vn -0.9245 0.3628 0.1171
vn -0.9257 0.2231 0.3055
vn -0.3868 0.5445 0.7443
vn 0.3063 -0.9255 0.2226
vn 0.7461 -0.3868 0.5420
vn 0.2850 -0.3867 0.8771
vn 0.1170 -0.9255 0.3601
vn -0.3715 0.7531 0.5430
vn -0.9237 0.3106 0.2244
vn -0.3821 0.7493 0.5409
vn -0.9251 0.3078 0.2225
vn 0.2226 -0.9255 0.3063
vn 0.5420 -0.3868 0.7461
vn -0.9268 -0.3032 -0.2217
vn -0.9275 -0.3552 -0.1163
vn -0.3972 -0.7403 -0.5425
vn -0.4027 -0.8696 -0.2856
vn -0.3906 -0.5376 -0.7473
vn -0.9259 -0.2210 -0.3065
vn -0.3836 -0.2812 -0.8797
vn -0.9249 -0.1161 -0.3620
vn -0.9281 -0.3722 -0.0005
vn -0.4067 -0.9135 -0.0017
vn -0.8771 -0.2850 -0.3868
vn -0.9222 -0.0000 -0.3867
vn -0.3769 0.0041 -0.9263
vn -0.9240 0.0014 -0.3823
vn -0.9285 -0.3532 0.1147
vn -0.4087 -0.8681 0.2817
vn -0.8771 0.2850 -0.3868
vn -0.3711 0.2902 -0.8821
vn -0.9233 0.1198 -0.3649
vn -0.9285 -0.3001 0.2186
vn -0.4086 -0.7378 0.5373
vn 0.2850 -0.8771 -0.3868
vn -0.3669 0.5487 -0.7512
vn -0.9228 0.2272 -0.3113
vn -0.9283 -0.2179 0.3013
vn -0.4063 -0.5353 0.7405
vn -0.3647 0.7539 -0.5465
vn -0.9225 0.3125 -0.2265
vn -0.9278 -0.1142 0.3552
vn -0.4021 -0.2798 0.8718
vn -0.2850 0.8770 -0.3868
vn -0.3645 0.8855 -0.2881
vn -0.9226 0.3670 -0.1193
vn -0.9270 0.0014 0.3750
vn -0.3964 0.0040 0.9181
vn -0.0000 0.9222 -0.3868
vn -0.3666 0.9304 -0.0018
vn -0.9229 0.3850 -0.0005
vn -0.9262 0.1179 0.3582
vn -0.3897 0.2887 0.8745
vn 0.2850 0.8770 -0.3868
vn -0.9252 0.2241 0.3061
vn -0.3828 0.5465 0.7449
vn -0.3706 0.8842 0.2842
vn -0.9235 0.3650 0.1176
vn -0.9243 0.3094 0.2233
vn -0.3762 0.7518 0.5415
vn -0.9999 0.0033 -0.0149
vn -0.9999 0.0047 -0.0098
vn -0.9999 0.0054 -0.0086
vn -1.0000 0.0029 -0.0049
vn -1.0000 -0.0015 -0.0020
vn -1.0000 -0.0021 -0.0026
vn -1.0000 0.0028 -0.0041
vn -1.0000 -0.0006 -0.0013
vn -1.0000 0.0053 -0.0065
vn -1.0000 0.0003 -0.0091
vn -0.9998 -0.0008 -0.0181
vn -1.0000 -0.0067 -0.0022
vn -0.9999 -0.0108 -0.0054
vn -0.9998 -0.0061 -0.0183
vn -0.9999 -0.0123 -0.0105
vn -0.9998 -0.0104 -0.0154
vn 0.0066 -0.0016 1.0000
vn 0.0119 -0.0120 0.9999
vn 0.0027 -0.0167 0.9999
vn -0.0026 -0.0063 1.0000
vn -1.0000 -0.0065 -0.0022
vn -0.9999 -0.0103 -0.0054
vn -0.9999 -0.0115 -0.0102
vn -1.0000 0.0073 0.0023
vn -1.0000 0.0025 -0.0010
vn -1.0000 0.0027 -0.0001
vn -1.0000 0.0043 0.0009
vn -0.9997 0.0198 0.0108
vn -0.9999 0.0110 0.0090
vn -1.0000 0.0005 -0.0064
vn -1.0000 0.0002 -0.0060
vn -1.0000 0.0049 0.0024
vn -0.9996 0.0280 0.0070
vn -0.9999 0.0131 0.0021
vn -1.0000 0.0039 -0.0066
vn -0.9999 0.0021 -0.0120
vn -0.9999 0.0019 -0.0113
vn -0.9995 0.0324 -0.0008
vn -0.9998 0.0177 -0.0014
vn -0.9995 0.0314 -0.0097
vn -0.9998 0.0193 -0.0070
vn -0.9999 0.0083 -0.0144
vn -0.9999 0.0067 -0.0156
vn -0.9997 0.0165 -0.0181
vn -0.9998 0.0125 -0.0158
vn -0.9995 0.0253 -0.0163
vn -0.9998 0.0173 -0.0125
vn -1.0000 0.0039 -0.0062
vn -1.0000 0.0055 0.0020
vn -1.0000 -0.0015 -0.0072
vn -0.9999 0.0104 0.0088
vn -1.0000 0.0005 -0.0003
vn -1.0000 0.0060 0.0031
vn -0.9999 0.0147 0.0067
vn -1.0000 0.0069 0.0032
vn -1.0000 0.0013 -0.0038
vn -1.0000 0.0026 -0.0042
vn -1.0000 0.0025 -0.0038
vn -0.9997 0.0231 0.0049
vn -0.9999 0.0035 -0.0128
vn -0.9999 0.0037 -0.0121
vn -0.9996 0.0289 -0.0015
vn -0.9995 0.0297 -0.0101
vn -0.9998 0.0092 -0.0192
vn -0.9996 0.0176 -0.0210
vn -0.9995 0.0254 -0.0175
vn -1.0000 -0.0042 -0.0010
vn -1.0000 -0.0048 -0.0022
vn -1.0000 -0.0043 -0.0025
vn -1.0000 -0.0043 -0.0033
vn -1.0000 -0.0043 -0.0019
vn -1.0000 0.0009 0.0035
vn -1.0000 -0.0001 0.0031
vn -1.0000 0.0010 0.0031
vn -1.0000 0.0012 0.0035
vn -1.0000 -0.0007 0.0026
vn -1.0000 0.0008 0.0021
vn -1.0000 -0.0026 -0.0022
vn -1.0000 -0.0027 -0.0034
vn -1.0000 -0.0020 -0.0010
vn -1.0000 0.0053 0.0017
vn -1.0000 0.0052 0.0019
vn -1.0000 0.0056 0.0019
vn -1.0000 0.0027 0.0046
vn -1.0000 0.0023 0.0019
vn -1.0000 -0.0036 -0.0005
vn -1.0000 -0.0032 -0.0030
vn -1.0000 0.0003 -0.0000
vn -1.0000 -0.0000 0.0032
vn -1.0000 -0.0012 0.0004
vn -1.0000 -0.0015 0.0006
vn -1.0000 -0.0020 -0.0004
vn -1.0000 -0.0008 0.0019
vn -1.0000 -0.0012 0.0025
vn -1.0000 -0.0033 -0.0015
vn -1.0000 -0.0020 -0.0007
vn -1.0000 -0.0023 -0.0048
vn -1.0000 -0.0017 -0.0074
vn -1.0000 0.0004 0.0003
vn -1.0000 0.0005 0.0009
vn -1.0000 0.0064 0.0009
vn -1.0000 0.0051 0.0012
vn -1.0000 0.0049 0.0009
vn -1.0000 -0.0014 -0.0091
vn -1.0000 -0.0009 0.0022
vn -1.0000 -0.0090 -0.0001
vn -1.0000 -0.0082 -0.0020
vn -1.0000 0.0028 -0.0019
vn -1.0000 0.0049 -0.0012
vn -1.0000 -0.0004 0.0047
vn -1.0000 -0.0004 0.0034
vn -1.0000 0.0002 0.0069
vn -1.0000 -0.0013 0.0062
vn -1.0000 0.0032 0.0004
vn -1.0000 0.0026 0.0040
vn -1.0000 0.0009 0.0062
vn -1.0000 -0.0012 0.0053
vn -1.0000 -0.0004 0.0061
vn -1.0000 -0.0024 0.0028
vn -1.0000 -0.0037 0.0006
vn -1.0000 -0.0047 -0.0011
vn -1.0000 -0.0045 -0.0034
vn -1.0000 -0.0037 -0.0050
vn -1.0000 -0.0015 0.0015
vn -1.0000 -0.0024 -0.0005
vn -1.0000 -0.0026 -0.0017
vn -1.0000 -0.0028 -0.0028
vn -1.0000 -0.0025 -0.0051
vn -1.0000 -0.0019 -0.0084
vn -0.9999 -0.0014 -0.0122
vn -1.0000 -0.0006 0.0003
vn -1.0000 -0.0006 0.0037
vn -1.0000 0.0020 0.0063
vn -1.0000 0.0032 0.0032
vn -1.0000 0.0028 -0.0004
vn -0.9999 -0.0100 0.0007
vn -1.0000 -0.0092 -0.0018
vn -1.0000 -0.0081 -0.0024
vn -1.0000 -0.0092 -0.0000
vn -1.0000 -0.0079 0.0014
vn -1.0000 -0.0062 -0.0026
vn -1.0000 0.0011 0.0035
vn -1.0000 0.0045 0.0016
vn -1.0000 0.0040 0.0013
vn -1.0000 0.0035 0.0009
vn -1.0000 -0.0059 0.0003
vn -1.0000 -0.0068 0.0003
vn -1.0000 -0.0021 -0.0001
vn -1.0000 -0.0019 -0.0001
vn -1.0000 -0.0011 -0.0006
vn -1.0000 -0.0033 -0.0011
vn -1.0000 0.0010 0.0054
vn -1.0000 0.0018 0.0034
vn -1.0000 0.0007 0.0054
vn -1.0000 -0.0002 0.0056
vn -1.0000 -0.0071 0.0007
vn -1.0000 0.0052 -0.0000
vn -1.0000 0.0033 0.0012
vn -1.0000 -0.0021 0.0031
vn -1.0000 -0.0044 -0.0013
vn -1.0000 0.0008 -0.0030
vn -1.0000 -0.0076 0.0010
vn -1.0000 -0.0003 0.0062
vt 0.345417 0.321181
vt 0.333324 0.321191
vt 0.333324 0.267924
vt 0.345417 0.267914
vt 0.654416 0.678796
vt 0.666320 0.678784
vt 0.666320 0.735883
vt 0.654416 0.735895
vt 0.345462 0.333330
vt 0.390840 0.321180
vt 0.390886 0.333329
vt 0.345451 1.000000
vt 0.345674 0.987872
vt 0.382109 0.987868
vt 0.381885 0.999997
vt 0.000000 0.012139
vt 0.012119 0.012143
vt 0.012119 0.055446
vt 0.000000 0.055443
vt 0.321184 -0.000000
vt 0.321164 0.012143
vt 0.274078 0.012143
vt 0.274098 -0.000000
vt 0.335558 0.335544
vt 0.345512 0.333330
vt 0.345617 0.345507
vt 0.333373 0.345469
vt 0.331099 0.335548
vt 0.333306 0.345464
vt 0.321114 0.345483
vt 0.321167 0.333325
vt 0.679025 0.346117
vt 0.666623 0.345990
vt 0.668725 0.336017
vt 0.678743 0.333836
vt 0.002241 0.331093
vt 0.000001 0.321186
vt 0.012120 0.321189
vt 0.012140 0.333325
vt 0.663992 0.668871
vt 0.654192 0.666646
vt 0.345417 0.012135
vt 0.333324 0.012145
vt 0.335575 0.002241
vt 0.345462 0.000006
vt 0.335454 0.997765
vt 0.333324 0.987862
vt 0.331101 0.002229
vt 0.333323 0.012139
vt 0.664424 0.331098
vt 0.654497 0.333325
vt 0.654451 0.321175
vt 0.666635 0.321185
vt 0.654451 0.012129
vt 0.654497 0.000000
vt 0.664424 0.002235
vt 0.666635 0.012139
vt 0.331102 0.331093
vt 0.321184 0.333325
vt 0.321165 0.321189
vt 0.333324 0.321186
vt 0.345674 0.678825
vt 0.333324 0.678816
vt 0.335454 0.668903
vt 0.345451 0.666675
vt 0.392743 0.000005
vt 0.392697 0.012134
vt 0.607180 0.678801
vt 0.606957 0.666651
vt 0.654451 0.277872
vt 0.666635 0.277882
vt 0.345674 0.725911
vt 0.333324 0.725902
vt 0.333323 0.055443
vt 0.321164 0.055446
vt 0.274099 0.333325
vt 0.274079 0.321189
vt 0.679025 0.403191
vt 0.666623 0.403065
vt 0.987303 0.333330
vt 0.987585 0.345611
vt 0.934402 0.345698
vt 0.934120 0.333418
vt 0.381974 0.333330
vt 0.382080 0.345507
vt 0.345567 0.654545
vt 0.333324 0.654507
vt 0.333331 0.611205
vt 0.345574 0.611243
vt 0.333308 0.392550
vt 0.321116 0.392569
vt 0.012085 0.345483
vt 0.012138 0.333325
vt 0.057561 0.333325
vt 0.057507 0.345483
vt 0.335575 0.331104
vt 0.663992 0.997734
vt 0.654192 0.999971
vt 0.654416 0.987842
vt 0.666320 0.987830
vt 0.002240 0.002229
vt 0.012139 0.000000
vt 0.668725 0.664741
vt 0.666623 0.654905
vt 0.679025 0.655032
vt 0.678743 0.667020
vt 0.997071 0.335479
vt 0.999424 0.345445
vt 0.654594 0.345507
vt 0.654489 0.333330
vt 0.664347 0.335544
vt 0.666623 0.345469
vt 0.002254 0.335548
vt 0.000000 0.345464
vt 0.321126 0.654528
vt 0.333318 0.654509
vt 0.331111 0.664409
vt 0.321180 0.666648
vt 0.335505 0.664398
vt 0.345458 0.666646
vt 0.012097 0.654528
vt 0.012151 0.666648
vt 0.002267 0.664409
vt 0.000012 0.654509
vt 0.997071 0.664203
vt 0.987303 0.666514
vt 0.987585 0.654526
vt 0.999424 0.654360
vt 0.664294 0.664398
vt 0.654435 0.666646
vt 0.654544 0.654545
vt 0.666573 0.654507
vt 0.879307 0.666691
vt 0.879590 0.654703
vt 0.999424 0.403018
vt 0.987585 0.403184
vt 0.654561 0.546382
vt 0.666591 0.546344
vt 0.393832 0.654545
vt 0.393723 0.666646
vt 0.012087 0.403080
vt 0.000002 0.403062
vt 0.272907 0.666648
vt 0.272853 0.654528
vt 0.913969 0.815619
vt 0.920005 0.816393
vt 0.919926 0.827634
vt 0.913884 0.827629
vt 0.693959 0.816047
vt 0.698199 0.811794
vt 0.705888 0.817381
vt 0.703169 0.822739
vt 0.863755 0.278616
vt 0.869688 0.280165
vt 0.869702 0.290069
vt 0.863771 0.289197
vt 0.118870 0.744875
vt 0.117985 0.750804
vt 0.108483 0.750804
vt 0.107488 0.744875
vt 0.986131 0.154633
vt 0.980204 0.155400
vt 0.980224 0.145253
vt 0.986152 0.143791
vt 0.087459 0.806545
vt 0.091763 0.802288
vt 0.099451 0.807874
vt 0.096668 0.813236
vt 0.974014 0.839857
vt 0.979917 0.839113
vt 0.979924 0.849209
vt 0.974012 0.850645
vt 0.841492 0.146866
vt 0.844266 0.141541
vt 0.853334 0.144443
vt 0.852331 0.150368
vt 0.988958 0.000000
vt 0.994907 0.001374
vt 0.994906 0.011487
vt 0.988970 0.010815
vt 0.852301 0.078488
vt 0.853317 0.084437
vt 0.844267 0.087329
vt 0.841472 0.081993
vt 0.269542 0.750826
vt 0.270590 0.744878
vt 0.281407 0.748398
vt 0.278573 0.753764
vt 0.950811 0.114364
vt 0.956765 0.115076
vt 0.956737 0.126029
vt 0.950784 0.124615
vt 0.750234 0.117648
vt 0.744320 0.118582
vt 0.744319 0.107197
vt 0.750233 0.108143
vt 0.237135 0.967374
vt 0.243141 0.967992
vt 0.243030 0.979123
vt 0.237032 0.977792
vt 0.133440 0.683058
vt 0.137699 0.678811
vt 0.144391 0.688022
vt 0.139026 0.690747
vt 0.936005 0.258359
vt 0.941968 0.259110
vt 0.941927 0.269968
vt 0.935967 0.268522
vt 0.746746 0.804105
vt 0.719679 0.790314
vt 0.749683 0.795066
vt 0.755381 0.322437
vt 0.755331 0.333263
vt 0.746559 0.333264
vt 0.746609 0.322437
vt 0.905451 0.850497
vt 0.905205 0.839647
vt 0.913969 0.839647
vt 0.914214 0.850496
vt 0.086176 0.767017
vt 0.113236 0.780808
vt 0.083240 0.776056
vt 0.083241 0.785560
vt 0.091760 0.759328
vt 0.749683 0.785562
vt 0.692613 0.804105
vt 0.828013 0.109657
vt 0.858077 0.114403
vt 0.828003 0.119182
vt 0.854998 0.289199
vt 0.854983 0.278618
vt 0.994925 0.143791
vt 0.994903 0.154633
vt 0.830945 0.128245
vt 0.830969 0.100607
vt 0.099447 0.753741
vt 0.086177 0.794599
vt 0.755398 0.310427
vt 0.746626 0.310427
vt 0.905121 0.827630
vt 0.965290 0.850590
vt 0.965274 0.839803
vt 0.980292 0.010968
vt 0.980305 0.000153
vt 0.836550 0.135951
vt 0.836577 0.092922
vt 0.950699 0.235068
vt 0.950740 0.247075
vt 0.941968 0.247090
vt 0.941927 0.235083
vt 0.277981 0.920381
vt 0.277981 0.908382
vt 0.286751 0.908351
vt 0.286751 0.920350
vt 0.746746 0.776523
vt 0.689676 0.795066
vt 0.090551 0.952131
vt 0.090558 0.964164
vt 0.081785 0.964164
vt 0.081778 0.952131
vt 0.965537 0.103016
vt 0.965537 0.115067
vt 0.956765 0.103025
vt 0.046285 0.902836
vt 0.046178 0.890772
vt 0.054936 0.890758
vt 0.055043 0.902822
vt 0.251909 0.955864
vt 0.251909 0.967966
vt 0.243141 0.955890
vt 0.689676 0.785562
vt 0.741159 0.768834
vt 0.950622 0.224251
vt 0.941850 0.224266
vt 0.278062 0.897586
vt 0.286832 0.897555
vt 0.755381 0.298410
vt 0.746609 0.298410
vt 0.905205 0.815620
vt 0.950515 0.215682
vt 0.941743 0.215696
vt 0.692613 0.776523
vt 0.733471 0.763247
vt 0.818225 0.994695
vt 0.818434 0.985625
vt 0.827203 0.985599
vt 0.826993 0.994670
vt 0.120062 0.941235
vt 0.120031 0.932542
vt 0.128803 0.932542
vt 0.128835 0.941234
vt 0.127022 0.753741
vt 0.108487 0.810811
vt 0.221358 0.979372
vt 0.221762 0.988223
vt 0.213053 0.987997
vt 0.212672 0.979146
vt 0.156818 0.994878
vt 0.156883 0.986096
vt 0.165514 0.986035
vt 0.165472 0.994817
vt 0.965509 0.091046
vt 0.956737 0.091055
vt 0.090551 0.976156
vt 0.081778 0.976157
vt 0.251799 0.943977
vt 0.243030 0.944003
vt 0.046285 0.878819
vt 0.055043 0.878804
vt 0.862844 0.144413
vt 0.862806 0.084454
vt 0.724432 0.760311
vt 0.698199 0.768834
vt 0.134709 0.759327
vt 0.117989 0.810811
vt 0.714927 0.760311
vt 0.705889 0.763248
vt 0.871885 0.141470
vt 0.871821 0.087396
vt 0.251589 0.933466
vt 0.242821 0.933492
vt 0.965454 0.080328
vt 0.956682 0.080337
vt 0.046594 0.868147
vt 0.055353 0.868132
vt 0.090530 0.986934
vt 0.081758 0.986935
vt 0.140295 0.767016
vt 0.127026 0.807874
vt 0.755331 0.287561
vt 0.746559 0.287561
vt 0.905451 0.804794
vt 0.914214 0.804793
vt 0.965379 0.071912
vt 0.956607 0.071921
vt 0.090499 0.995443
vt 0.081727 0.995443
vt 0.879554 0.135859
vt 0.879487 0.092971
vt 0.193900 0.736495
vt 0.189148 0.706491
vt 0.202939 0.733558
vt 0.270271 0.735274
vt 0.265519 0.705271
vt 0.279310 0.732337
vt 0.818545 0.974494
vt 0.827313 0.974468
vt 0.120083 0.952131
vt 0.128855 0.952131
vt 0.210628 0.727971
vt 0.286999 0.726751
vt 0.184396 0.736495
vt 0.260767 0.735274
vt 0.143232 0.776055
vt 0.134712 0.802288
vt 0.221145 0.968375
vt 0.212485 0.968150
vt 0.156925 0.975143
vt 0.165537 0.975082
vt 0.885112 0.128161
vt 0.885060 0.100636
vt 0.216214 0.720282
vt 0.292585 0.719062
vt 0.175357 0.733558
vt 0.251728 0.732337
vt 0.143232 0.785560
vt 0.140297 0.794598
vt 0.888019 0.119130
vt 0.888000 0.109647
vt 0.219151 0.711244
vt 0.295522 0.710023
vt 0.167668 0.727971
vt 0.244039 0.726751
vt 0.950692 0.126184
vt 0.950614 0.134816
vt 0.941842 0.134831
vt 0.941920 0.126198
vt 0.921358 0.062934
vt 0.921146 0.054268
vt 0.929916 0.054237
vt 0.930129 0.062903
vt 0.219151 0.701739
vt 0.295522 0.700518
vt 0.238453 0.719062
vt 0.162082 0.720282
vt 0.794030 0.157708
vt 0.780239 0.184775
vt 0.784991 0.154771
vt 0.794028 0.008879
vt 0.780238 0.035945
vt 0.784990 0.005942
vt 0.869602 0.011019
vt 0.855812 0.038086
vt 0.860563 0.008082
vt 0.820738 0.891422
vt 0.799279 0.869938
vt 0.826319 0.883734
vt 0.775487 0.154771
vt 0.801719 0.163295
vt 0.775486 0.005942
vt 0.801717 0.014466
vt 0.851059 0.008082
vt 0.877291 0.016606
vt 0.829253 0.874696
vt 0.813057 0.897007
vt 0.120090 0.964164
vt 0.128862 0.964164
vt 0.818545 0.962392
vt 0.827313 0.962367
vt 0.766449 0.157708
vt 0.807305 0.170984
vt 0.807303 0.022155
vt 0.766447 0.008879
vt 0.842021 0.011019
vt 0.882877 0.024294
vt 0.829253 0.865192
vt 0.804027 0.899942
vt 0.156939 0.963091
vt 0.165539 0.963030
vt 0.221145 0.956311
vt 0.212510 0.956086
vt 0.235516 0.710023
vt 0.159145 0.711243
vt 0.216214 0.692700
vt 0.292586 0.691480
vt 0.758760 0.163294
vt 0.810242 0.180023
vt 0.758759 0.014465
vt 0.810240 0.031194
vt 0.834332 0.016605
vt 0.794532 0.899940
vt 0.885814 0.033333
vt 0.826319 0.856153
vt 0.235516 0.700518
vt 0.159145 0.701739
vt 0.210628 0.685011
vt 0.286999 0.683790
vt 0.818434 0.950505
vt 0.827203 0.950479
vt 0.120083 0.976157
vt 0.128855 0.976157
vt 0.785502 0.897001
vt 0.810242 0.189527
vt 0.753174 0.170983
vt 0.753172 0.022154
vt 0.828746 0.024295
vt 0.810240 0.040698
vt 0.885814 0.042838
vt 0.820738 0.848462
vt 0.920991 0.043390
vt 0.929762 0.043359
vt 0.950733 0.115326
vt 0.941961 0.115340
vt 0.221358 0.944359
vt 0.212745 0.944135
vt 0.156925 0.951121
vt 0.165519 0.951060
vt 0.238453 0.691480
vt 0.162082 0.692700
vt 0.279310 0.678204
vt 0.202939 0.679425
vt 0.807305 0.198566
vt 0.807303 0.049737
vt 0.882878 0.051876
vt 0.750237 0.180022
vt 0.750236 0.031193
vt 0.825809 0.033333
vt 0.777820 0.891414
vt 0.813056 0.842875
vt 0.818225 0.939994
vt 0.826993 0.939969
vt 0.120062 0.986935
vt 0.128835 0.986935
vt 0.270271 0.675267
vt 0.193900 0.676488
vt 0.167668 0.685011
vt 0.244039 0.683791
vt 0.221762 0.933690
vt 0.213166 0.933466
vt 0.156883 0.940403
vt 0.165484 0.940342
vt 0.120031 0.995443
vt 0.128803 0.995443
vt 0.260767 0.675267
vt 0.184396 0.676488
vt 0.251728 0.678204
vt 0.175357 0.679425
vt 0.801719 0.206255
vt 0.801717 0.057426
vt 0.877291 0.059566
vt 0.804026 0.839936
vt 0.825810 0.042838
vt 0.750237 0.189526
vt 0.772239 0.883723
vt 0.750236 0.040697
vt 0.156818 0.931988
vt 0.165426 0.931926
vt 0.906153 0.206696
vt 0.905771 0.198077
vt 0.914534 0.198076
vt 0.914917 0.206695
vt 0.906149 0.134817
vt 0.905767 0.126198
vt 0.914531 0.126197
vt 0.914913 0.134816
vt 0.920910 0.031362
vt 0.929681 0.031331
vt 0.950733 0.103305
vt 0.941961 0.103320
vt 0.794030 0.211841
vt 0.794029 0.063012
vt 0.869603 0.065152
vt 0.794531 0.839934
vt 0.828747 0.051877
vt 0.769305 0.874684
vt 0.753174 0.198565
vt 0.753172 0.049736
vt 0.740587 0.322437
vt 0.740537 0.333263
vt 0.731765 0.333264
vt 0.731815 0.322437
vt 0.710999 0.322437
vt 0.710949 0.333263
vt 0.702177 0.333264
vt 0.702227 0.322437
vt 0.905521 0.115349
vt 0.914285 0.115348
vt 0.905525 0.187228
vt 0.914289 0.187227
vt 0.723608 0.742188
vt 0.718856 0.712184
vt 0.732646 0.739251
vt 0.740336 0.733664
vt 0.714103 0.742188
vt 0.784992 0.214778
vt 0.784990 0.065949
vt 0.785501 0.842869
vt 0.758760 0.206254
vt 0.860565 0.068089
vt 0.758759 0.057425
vt 0.834333 0.059566
vt 0.769305 0.865180
vt 0.745922 0.725975
vt 0.705065 0.739251
vt 0.766449 0.211841
vt 0.766448 0.063012
vt 0.777820 0.848454
vt 0.772239 0.856142
vt 0.842022 0.065152
vt 0.851061 0.068089
vt 0.775488 0.214778
vt 0.775486 0.065949
vt 0.711017 0.310427
vt 0.702245 0.310427
vt 0.740604 0.310427
vt 0.731832 0.310427
vt 0.905441 0.175210
vt 0.914204 0.175209
vt 0.905437 0.103331
vt 0.914201 0.103330
vt 0.748859 0.716936
vt 0.697376 0.733664
vt 0.950692 0.091299
vt 0.941920 0.091313
vt 0.920910 0.019363
vt 0.929681 0.019332
vt 0.949250 0.985628
vt 0.949234 0.994603
vt 0.940462 0.994605
vt 0.940477 0.985630
vt 0.877806 0.985628
vt 0.877791 0.994603
vt 0.869019 0.994605
vt 0.869034 0.985630
vt 0.892542 0.985628
vt 0.892527 0.994603
vt 0.883754 0.994605
vt 0.883770 0.985630
vt 0.980238 0.215682
vt 0.980223 0.224360
vt 0.971451 0.224363
vt 0.971465 0.215684
vt 0.748859 0.707432
vt 0.691789 0.725975
vt 0.784919 0.333264
vt 0.784897 0.322430
vt 0.793669 0.322429
vt 0.793691 0.333264
vt 0.949258 0.974556
vt 0.940485 0.974558
vt 0.869739 0.324318
vt 0.869717 0.313484
vt 0.878489 0.313484
vt 0.878511 0.324318
vt 0.877814 0.974556
vt 0.869042 0.974558
vt 0.892550 0.974556
vt 0.883778 0.974558
vt 0.770173 0.333264
vt 0.770151 0.322429
vt 0.778924 0.322429
vt 0.778946 0.333264
vt 0.994971 0.106755
vt 0.994975 0.117614
vt 0.986202 0.117614
vt 0.986199 0.106755
vt 0.980215 0.235248
vt 0.971443 0.235251
vt 0.950614 0.080481
vt 0.941842 0.080496
vt 0.920991 0.008567
vt 0.929762 0.008536
vt 0.740587 0.298410
vt 0.731815 0.298410
vt 0.710999 0.298410
vt 0.702227 0.298410
vt 0.905525 0.163200
vt 0.914289 0.163200
vt 0.905521 0.091321
vt 0.914285 0.091321
vt 0.950508 0.071912
vt 0.941736 0.071927
vt 0.688853 0.716936
vt 0.745922 0.698393
vt 0.949258 0.962470
vt 0.940485 0.962472
vt 0.784889 0.310417
vt 0.793662 0.310417
vt 0.877814 0.962470
vt 0.869042 0.962472
vt 0.869709 0.301472
vt 0.878482 0.301472
vt 0.892550 0.962470
vt 0.883778 0.962472
vt 0.770144 0.310417
vt 0.778916 0.310417
vt 0.994970 0.094734
vt 0.986197 0.094734
vt 0.980215 0.247278
vt 0.971443 0.247281
vt 0.688853 0.707432
vt 0.740336 0.690704
vt 0.691789 0.698393
vt 0.732647 0.685118
vt 0.949250 0.950552
vt 0.940477 0.950554
vt 0.892542 0.950552
vt 0.883770 0.950555
vt 0.980223 0.259274
vt 0.971451 0.259277
vt 0.877806 0.950552
vt 0.869034 0.950554
vt 0.770151 0.298402
vt 0.778924 0.298402
vt 0.994971 0.082728
vt 0.986199 0.082728
vt 0.784897 0.298402
vt 0.793669 0.298402
vt 0.869717 0.289457
vt 0.878489 0.289457
vt 0.740537 0.287561
vt 0.731765 0.287561
vt 0.710949 0.287561
vt 0.702177 0.287561
vt 0.905767 0.080496
vt 0.914531 0.080495
vt 0.905771 0.152374
vt 0.914534 0.152374
vt 0.723608 0.682181
vt 0.697376 0.690704
vt 0.714104 0.682181
vt 0.705065 0.685118
vt 0.040682 0.735030
vt 0.035930 0.705026
vt 0.049721 0.732093
vt 0.057410 0.726506
vt 0.031178 0.735030
vt 0.980238 0.270061
vt 0.971465 0.270064
vt 0.892527 0.939971
vt 0.883754 0.939973
vt 0.770173 0.287561
vt 0.778946 0.287561
vt 0.877791 0.939971
vt 0.869019 0.939973
vt 0.994975 0.071912
vt 0.986202 0.071912
vt 0.949234 0.939971
vt 0.940462 0.939973
vt 0.784919 0.287561
vt 0.793691 0.287561
vt 0.869739 0.278615
vt 0.878511 0.278615
vt 0.921360 0.206725
vt 0.921148 0.198060
vt 0.929918 0.198029
vt 0.930130 0.206694
vt 0.965221 0.850482
vt 0.965143 0.859115
vt 0.956371 0.859129
vt 0.956449 0.850497
vt 0.921356 0.134846
vt 0.921144 0.126181
vt 0.929914 0.126150
vt 0.930127 0.134815
vt 0.950694 0.054272
vt 0.950616 0.062904
vt 0.941844 0.062918
vt 0.941922 0.054286
vt 0.062996 0.718818
vt 0.022139 0.732093
vt 0.065933 0.709779
vt 0.014450 0.726507
vt 0.065933 0.700274
vt 0.008864 0.718817
vt 0.050302 0.753754
vt 0.036512 0.780820
vt 0.041263 0.750817
vt 0.740339 0.890254
vt 0.718875 0.868774
vt 0.745918 0.882566
vt 0.031759 0.750817
vt 0.057991 0.759340
vt 0.732658 0.895841
vt 0.748850 0.873527
vt 0.018620 0.932542
vt 0.018651 0.941235
vt 0.009879 0.941235
vt 0.009848 0.932542
vt 0.033392 0.932542
vt 0.033424 0.941235
vt 0.024651 0.941235
vt 0.024620 0.932542
vt 0.965454 0.215682
vt 0.965485 0.224374
vt 0.956713 0.224375
vt 0.956681 0.215682
vt 0.791211 0.985588
vt 0.791191 0.994670
vt 0.782422 0.994695
vt 0.782632 0.985625
vt 0.062743 0.922678
vt 0.062261 0.913830
vt 0.071019 0.913816
vt 0.071502 0.922664
vt 0.965511 0.054108
vt 0.965456 0.062890
vt 0.956684 0.062900
vt 0.956739 0.054117
vt 0.277870 0.952624
vt 0.277661 0.961695
vt 0.268892 0.961721
vt 0.269102 0.952650
vt 0.776327 0.985599
vt 0.776117 0.994670
vt 0.767348 0.994695
vt 0.767558 0.985625
vt 0.022721 0.753754
vt 0.723629 0.898778
vt 0.063577 0.767029
vt 0.748848 0.864023
vt 0.920993 0.187181
vt 0.929764 0.187150
vt 0.920990 0.115302
vt 0.929760 0.115271
vt 0.965262 0.839624
vt 0.956490 0.839639
vt 0.950734 0.043414
vt 0.941963 0.043428
vt 0.005927 0.709778
vt 0.062996 0.691235
vt 0.714134 0.898777
vt 0.745913 0.854984
vt 0.015032 0.759340
vt 0.066514 0.776068
vt 0.005927 0.700274
vt 0.057410 0.683546
vt 0.705103 0.895840
vt 0.740330 0.847295
vt 0.066514 0.785573
vt 0.009446 0.767030
vt 0.008864 0.691235
vt 0.049721 0.677960
vt 0.022379 0.923304
vt 0.021997 0.914685
vt 0.030760 0.914684
vt 0.031143 0.923303
vt 0.697420 0.890254
vt 0.732647 0.841708
vt 0.063578 0.794611
vt 0.006510 0.776068
vt 0.033444 0.952131
vt 0.024672 0.952131
vt 0.018672 0.952131
vt 0.009899 0.952131
vt 0.965505 0.235271
vt 0.956733 0.235271
vt 0.965539 0.043155
vt 0.956767 0.043164
vt 0.791322 0.974480
vt 0.782742 0.974494
vt 0.061951 0.902836
vt 0.070710 0.902822
vt 0.277981 0.941494
vt 0.269212 0.941520
vt 0.776437 0.974468
vt 0.767668 0.974494
vt 0.920912 0.175153
vt 0.929682 0.175122
vt 0.920908 0.103274
vt 0.929679 0.103243
vt 0.965262 0.827604
vt 0.956490 0.827618
vt 0.950734 0.031393
vt 0.941963 0.031408
vt 0.040682 0.675023
vt 0.014450 0.683546
vt 0.681412 0.322437
vt 0.681362 0.333263
vt 0.672590 0.333264
vt 0.672640 0.322437
vt 0.021751 0.903835
vt 0.030515 0.903835
vt 0.031178 0.675023
vt 0.022139 0.677960
vt 0.723616 0.838771
vt 0.057992 0.802301
vt 0.691838 0.882565
vt 0.006510 0.785572
vt 0.681429 0.310427
vt 0.672657 0.310427
vt 0.021667 0.891818
vt 0.030430 0.891817
vt 0.714122 0.838771
vt 0.050303 0.807887
vt 0.688902 0.873526
vt 0.009447 0.794612
vt 0.950694 0.019386
vt 0.941922 0.019401
vt 0.965221 0.815597
vt 0.956449 0.815612
vt 0.920908 0.091275
vt 0.929679 0.091244
vt 0.920912 0.163155
vt 0.929682 0.163124
vt 0.018679 0.964164
vt 0.009906 0.964164
vt 0.033451 0.964164
vt 0.024679 0.964164
vt 0.965512 0.247304
vt 0.956740 0.247304
vt 0.965539 0.031104
vt 0.956767 0.031113
vt 0.791510 0.962367
vt 0.782742 0.962392
vt 0.061844 0.890772
vt 0.070603 0.890758
vt 0.277981 0.929392
vt 0.269212 0.929418
vt 0.776437 0.962367
vt 0.767668 0.962392
vt 0.705092 0.841708
vt 0.041265 0.810824
vt 0.015033 0.802301
vt 0.688900 0.864022
vt 0.022722 0.807887
vt 0.697412 0.847294
vt 0.691832 0.854983
vt 0.031761 0.810824
vt 0.950616 0.008569
vt 0.941844 0.008584
vt 0.965143 0.804780
vt 0.956371 0.804794
vt 0.920990 0.080479
vt 0.929760 0.080448
vt 0.920993 0.152358
vt 0.929764 0.152327
vt 0.681412 0.298410
vt 0.672640 0.298410
vt 0.021751 0.879808
vt 0.030515 0.879808
vt 0.965037 0.796211
vt 0.956265 0.796225
vt 0.950510 0.000000
vt 0.941738 0.000015
vt 0.965511 0.019133
vt 0.956739 0.019143
vt 0.033444 0.976157
vt 0.024672 0.976157
vt 0.018672 0.976157
vt 0.009899 0.976157
vt 0.965505 0.259297
vt 0.956733 0.259297
vt 0.791400 0.950479
vt 0.782632 0.950505
vt 0.061951 0.878819
vt 0.070710 0.878804
vt 0.277870 0.917504
vt 0.269102 0.917530
vt 0.776327 0.950479
vt 0.767558 0.950505
vt 0.965456 0.008416
vt 0.956684 0.008425
vt 0.776117 0.939969
vt 0.767348 0.939994
vt 0.277661 0.906994
vt 0.268892 0.907020
vt 0.062261 0.868147
vt 0.071019 0.868132
vt 0.791191 0.939969
vt 0.782422 0.939994
vt 0.033424 0.986935
vt 0.024651 0.986935
vt 0.965485 0.270075
vt 0.956713 0.270075
vt 0.018651 0.986935
vt 0.009879 0.986935
vt 0.681362 0.287561
vt 0.672590 0.287561
vt 0.021997 0.868982
vt 0.030760 0.868982
vt 0.965381 -0.000000
vt 0.956609 0.000009
vt 0.033392 0.995443
vt 0.024620 0.995443
vt 0.965454 0.278583
vt 0.956681 0.278583
vt 0.018620 0.995443
vt 0.009848 0.995443
vt 0.921040 0.859145
vt 0.920828 0.850479
vt 0.929598 0.850448
vt 0.929811 0.859113
vt 0.950375 0.850482
vt 0.950298 0.859115
vt 0.941526 0.859129
vt 0.941604 0.850497
vt 0.920673 0.839601
vt 0.929444 0.839570
vt 0.950416 0.839624
vt 0.941644 0.839639
vt 0.906151 0.062905
vt 0.905769 0.054286
vt 0.914533 0.054285
vt 0.914915 0.062904
vt 0.920592 0.827573
vt 0.929363 0.827542
vt 0.950416 0.827604
vt 0.941644 0.827618
vt 0.696206 0.322437
vt 0.696156 0.333263
vt 0.687384 0.333264
vt 0.687434 0.322437
vt 0.905524 0.043437
vt 0.914287 0.043436
vt 0.696223 0.310427
vt 0.687451 0.310427
vt 0.905439 0.031419
vt 0.914203 0.031418
vt 0.950375 0.815597
vt 0.941604 0.815612
vt 0.920592 0.815574
vt 0.929363 0.815543
vt 0.919779 0.985628
vt 0.919763 0.994603
vt 0.910991 0.994605
vt 0.911006 0.985630
vt 0.980263 0.071912
vt 0.980248 0.080591
vt 0.971476 0.080593
vt 0.971490 0.071915
vt 0.919787 0.974556
vt 0.911014 0.974558
vt 0.976816 0.913793
vt 0.976794 0.902959
vt 0.985566 0.902959
vt 0.985588 0.913793
vt 0.994946 0.250525
vt 0.994949 0.261384
vt 0.986177 0.261384
vt 0.986173 0.250525
vt 0.980241 0.091478
vt 0.971468 0.091481
vt 0.950298 0.804780
vt 0.941526 0.804795
vt 0.920673 0.804778
vt 0.929444 0.804747
vt 0.696206 0.298410
vt 0.687434 0.298410
vt 0.905524 0.019409
vt 0.914287 0.019408
vt 0.950191 0.796211
vt 0.941419 0.796225
vt 0.919787 0.962470
vt 0.911014 0.962472
vt 0.980241 0.103509
vt 0.971468 0.103511
vt 0.976787 0.890946
vt 0.985559 0.890946
vt 0.994944 0.238504
vt 0.986172 0.238504
vt 0.980248 0.115504
vt 0.971476 0.115507
vt 0.919779 0.950552
vt 0.911061 0.950554
vt 0.994946 0.226497
vt 0.986173 0.226497
vt 0.976794 0.878931
vt 0.985566 0.878931
vt 0.696156 0.287561
vt 0.687384 0.287561
vt 0.905769 0.008583
vt 0.914533 0.008582
vt 0.980263 0.126292
vt 0.971490 0.126294
vt 0.994949 0.215682
vt 0.986177 0.215682
vt 0.919763 0.939971
vt 0.910991 0.939973
vt 0.976816 0.868090
vt 0.985588 0.868090
vt 0.921364 0.278615
vt 0.921151 0.269950
vt 0.929922 0.269919
vt 0.930134 0.278584
vt 0.950696 0.198062
vt 0.950618 0.206695
vt 0.941846 0.206710
vt 0.941924 0.198077
vt 0.006704 0.923291
vt 0.006222 0.914443
vt 0.014980 0.914429
vt 0.015463 0.923277
vt 0.965512 0.197899
vt 0.965458 0.206682
vt 0.956686 0.206691
vt 0.956740 0.197908
vt 0.105271 0.932542
vt 0.105303 0.941234
vt 0.096530 0.941235
vt 0.096499 0.932542
vt 0.236725 0.979097
vt 0.236516 0.988167
vt 0.227747 0.988193
vt 0.227957 0.979123
vt 0.920997 0.259072
vt 0.929767 0.259041
vt 0.950736 0.187205
vt 0.941964 0.187219
vt 0.965541 0.186946
vt 0.956769 0.186955
vt 0.105323 0.952131
vt 0.096551 0.952131
vt 0.005912 0.903449
vt 0.014671 0.903435
vt 0.236836 0.967966
vt 0.228067 0.967992
vt 0.920916 0.247044
vt 0.929686 0.247013
vt 0.950736 0.175184
vt 0.941964 0.175198
vt 0.950696 0.163178
vt 0.941924 0.163192
vt 0.920916 0.235045
vt 0.929686 0.235014
vt 0.105330 0.964164
vt 0.096558 0.964164
vt 0.965541 0.174895
vt 0.956769 0.174904
vt 0.005805 0.891385
vt 0.014564 0.891371
vt 0.236836 0.955864
vt 0.228067 0.955890
vt 0.950618 0.152360
vt 0.941846 0.152375
vt 0.920997 0.224249
vt 0.929767 0.224218
vt 0.950511 0.143791
vt 0.941739 0.143806
vt 0.965512 0.162925
vt 0.956740 0.162934
vt 0.105323 0.976156
vt 0.096551 0.976157
vt 0.236725 0.943977
vt 0.227957 0.944003
vt 0.005912 0.879432
vt 0.014671 0.879418
vt 0.965458 0.152207
vt 0.956686 0.152216
vt 0.236516 0.933466
vt 0.227747 0.933492
vt 0.006222 0.868760
vt 0.014980 0.868746
vt 0.105303 0.986934
vt 0.096530 0.986935
vt 0.965383 0.143791
vt 0.956610 0.143800
vt 0.105271 0.995443
vt 0.096499 0.995443
vt 0.950740 0.259095
vt 0.278062 0.932409
vt 0.286832 0.932377
vt 0.251799 0.979097
vt 0.046594 0.913830
vt 0.055353 0.913816
vt 0.965509 0.126020
vt 0.090530 0.941234
vt 0.081758 0.941235
vt 0.905833 0.859116
vt 0.914597 0.859115
vt 0.243336 0.759344
vt 0.264796 0.780828
vt 0.237755 0.767031
vt 0.766446 0.139962
vt 0.780236 0.112895
vt 0.775484 0.142899
vt 0.784988 0.142899
vt 0.234821 0.776070
vt 0.251018 0.753759
vt 0.758757 0.134376
vt 0.714927 0.820318
vt 0.741159 0.811794
vt 0.980280 0.022975
vt 0.988984 0.022821
vt 0.965264 0.827807
vt 0.974017 0.827862
vt 0.234821 0.785574
vt 0.753170 0.126687
vt 0.794027 0.139962
vt 0.260048 0.750824
vt 0.724431 0.820318
vt 0.733470 0.817381
vt 0.994895 0.166647
vt 0.986123 0.166647
vt 0.855006 0.301116
vt 0.863779 0.301114
vt 0.237756 0.794613
vt 0.801715 0.134376
vt 0.950699 0.269953
vt 0.278216 0.943287
vt 0.286987 0.943256
vt 0.243337 0.802303
vt 0.807301 0.126686
vt 0.107208 0.674535
vt 0.111960 0.704538
vt 0.098169 0.677472
vt 0.090480 0.683058
vt 0.116712 0.674535
vt 0.251589 0.988167
vt 0.242821 0.988193
vt 0.965454 0.134803
vt 0.956682 0.134812
vt 0.090499 0.932542
vt 0.081727 0.932542
vt 0.047077 0.922678
vt 0.055836 0.922664
vt 0.980271 0.034996
vt 0.988997 0.034842
vt 0.965262 0.815777
vt 0.974020 0.815831
vt 0.994903 0.178660
vt 0.986131 0.178660
vt 0.855006 0.313203
vt 0.863779 0.313201
vt 0.084893 0.690747
vt 0.125751 0.677472
vt 0.753170 0.099105
vt 0.286254 0.759352
vt 0.810238 0.117648
vt 0.251018 0.807891
vt 0.081956 0.699786
vt 0.980265 0.045855
vt 0.989009 0.045701
vt 0.965267 0.804889
vt 0.974019 0.804944
vt 0.854998 0.324275
vt 0.863771 0.324273
vt 0.994925 0.189494
vt 0.986152 0.189494
vt 0.965280 0.796211
vt 0.974024 0.796265
vt 0.758756 0.091415
vt 0.810238 0.108143
vt 0.291836 0.767042
vt 0.260049 0.810830
vt 0.081956 0.709290
vt 0.854983 0.333250
vt 0.863755 0.333248
vt 0.950621 0.278586
vt 0.941850 0.278600
vt 0.278429 0.951952
vt 0.287199 0.951921
vt 0.755406 0.298402
vt 0.755427 0.287561
vt 0.764200 0.287561
vt 0.764178 0.298402
vt 0.934499 0.939971
vt 0.934514 0.950552
vt 0.925742 0.950554
vt 0.925726 0.939973
vt 0.994636 0.796211
vt 0.994632 0.807026
vt 0.985860 0.807026
vt 0.985864 0.796211
vt 0.980250 0.043592
vt 0.980265 0.054380
vt 0.971492 0.054382
vt 0.971478 0.043595
vt 0.807301 0.099104
vt 0.766444 0.085829
vt 0.294770 0.776082
vt 0.269544 0.810832
vt 0.141963 0.699786
vt 0.084893 0.718329
vt 0.294770 0.785586
vt 0.775483 0.082892
vt 0.278574 0.807897
vt 0.801714 0.091415
vt 0.291836 0.794624
vt 0.286255 0.802312
vt 0.784987 0.082892
vt 0.794025 0.085829
vt 0.090479 0.726018
vt 0.141963 0.709291
vt 0.098168 0.731605
vt 0.139026 0.718329
vt 0.727888 0.092088
vt 0.706329 0.113643
vt 0.720158 0.086509
vt 0.720187 0.158417
vt 0.706377 0.185522
vt 0.711131 0.155502
vt 0.905529 0.235091
vt 0.905774 0.224265
vt 0.914538 0.224264
vt 0.914293 0.235090
vt 0.725743 0.287561
vt 0.725793 0.298410
vt 0.717021 0.298410
vt 0.716971 0.287561
vt 0.755398 0.310417
vt 0.764170 0.310417
vt 0.934522 0.962470
vt 0.925750 0.962472
vt 0.994631 0.819032
vt 0.985859 0.819032
vt 0.980243 0.031596
vt 0.971470 0.031599
vt 0.711090 0.083603
vt 0.701626 0.155530
vt 0.733513 0.099796
vt 0.727903 0.163996
vt 0.772295 0.777849
vt 0.799308 0.791639
vt 0.769365 0.786888
vt 0.769365 0.796393
vt 0.777871 0.770160
vt 0.107207 0.734542
vt 0.133440 0.726018
vt 0.701581 0.083646
vt 0.692604 0.158491
vt 0.736470 0.108873
vt 0.733516 0.171695
vt 0.785544 0.764573
vt 0.772295 0.805431
vt 0.116712 0.734542
vt 0.125750 0.731605
vt 0.692565 0.086620
vt 0.684943 0.164087
vt 0.736464 0.118420
vt 0.736469 0.180757
vt 0.777871 0.813120
vt 0.794565 0.761636
vt 0.994632 0.831053
vt 0.985860 0.831053
vt 0.755406 0.322430
vt 0.764178 0.322429
vt 0.934522 0.974556
vt 0.925750 0.974558
vt 0.980243 0.019566
vt 0.971470 0.019569
vt 0.684917 0.092225
vt 0.679385 0.171767
vt 0.733497 0.127491
vt 0.736468 0.190289
vt 0.905444 0.247101
vt 0.914208 0.247100
vt 0.725810 0.310427
vt 0.717038 0.310427
vt 0.785545 0.818706
vt 0.804051 0.761636
vt 0.980250 0.008679
vt 0.971478 0.008681
vt 0.994636 0.841913
vt 0.985864 0.841913
vt 0.934514 0.985628
vt 0.925742 0.985630
vt 0.755427 0.333263
vt 0.764200 0.333264
vt 0.679375 0.099904
vt 0.676466 0.180783
vt 0.727868 0.135187
vt 0.733514 0.199350
vt 0.980265 -0.000000
vt 0.971492 0.000003
vt 0.934499 0.994603
vt 0.925726 0.994605
vt 0.794565 0.821643
vt 0.813071 0.764572
vt 0.676468 0.108909
vt 0.720140 0.140755
vt 0.727901 0.207046
vt 0.676467 0.190257
vt 0.905529 0.259118
vt 0.914293 0.259118
vt 0.725793 0.322437
vt 0.717021 0.322437
vt 0.820745 0.770158
vt 0.804051 0.821643
vt 0.676472 0.118367
vt 0.711079 0.143652
vt 0.679387 0.199272
vt 0.720185 0.212623
vt 0.905774 0.269968
vt 0.914538 0.269967
vt 0.725743 0.333263
vt 0.716971 0.333264
vt 0.826320 0.777847
vt 0.813072 0.818705
vt 0.701581 0.143607
vt 0.679386 0.127367
vt 0.684946 0.206951
vt 0.711131 0.215535
vt 0.906156 0.278587
vt 0.914920 0.278586
vt 0.829251 0.786886
vt 0.820745 0.813119
vt 0.684930 0.135038
vt 0.692573 0.140635
vt 0.692607 0.212546
vt 0.701628 0.215506
vt 0.048274 0.940958
vt 0.048209 0.932542
vt 0.056915 0.932699
vt 0.056952 0.941114
vt 0.105395 0.940958
vt 0.105330 0.932542
vt 0.114095 0.932832
vt 0.114123 0.941247
vt 0.829251 0.796390
vt 0.826320 0.805429
vt 0.048316 0.951676
vt 0.056966 0.951831
vt 0.105437 0.951675
vt 0.114122 0.951963
vt 0.854983 0.278729
vt 0.854579 0.289398
vt 0.845817 0.289284
vt 0.846249 0.278615
vt 0.839891 0.278781
vt 0.839487 0.289449
vt 0.830781 0.289284
vt 0.831210 0.278615
vt 0.294553 0.897601
vt 0.294461 0.889032
vt 0.303233 0.889032
vt 0.303325 0.897602
vt 0.294612 0.908419
vt 0.303384 0.908419
vt 0.863079 0.939999
vt 0.862925 0.950794
vt 0.854155 0.950766
vt 0.854309 0.939971
vt 0.105451 0.963646
vt 0.114093 0.963932
vt 0.048330 0.963646
vt 0.056955 0.963801
vt 0.854366 0.301350
vt 0.845590 0.301236
vt 0.839275 0.301401
vt 0.830549 0.301236
vt 0.862844 0.962793
vt 0.854074 0.962765
vt 0.294633 0.920425
vt 0.303404 0.920426
vt 0.854366 0.313414
vt 0.845590 0.313300
vt 0.839275 0.313466
vt 0.830532 0.313300
vt 0.105437 0.975697
vt 0.114038 0.975982
vt 0.048316 0.975697
vt 0.056920 0.975852
vt 0.294612 0.932446
vt 0.303384 0.932446
vt 0.862844 0.974821
vt 0.854074 0.974792
vt 0.105395 0.986650
vt 0.113962 0.986934
vt 0.048274 0.986650
vt 0.056864 0.986805
vt 0.854579 0.324410
vt 0.845812 0.324297
vt 0.839487 0.324462
vt 0.830746 0.324296
vt 0.294553 0.943304
vt 0.303325 0.943304
vt 0.862925 0.985700
vt 0.854155 0.985672
vt 0.105330 0.995432
vt 0.113873 0.995715
vt 0.048209 0.995432
vt 0.056794 0.995587
vt 0.839891 0.333314
vt 0.831155 0.333148
vt 0.854983 0.333262
vt 0.846240 0.333149
vt 0.727886 0.014370
vt 0.706342 0.035904
vt 0.720161 0.008798
vt 0.711101 0.005895
vt 0.733511 0.022070
vt 0.216610 0.794598
vt 0.189549 0.780807
vt 0.219545 0.785560
vt 0.211025 0.802288
vt 0.219545 0.776055
vt 0.701602 0.005936
vt 0.736473 0.031140
vt 0.294461 0.951936
vt 0.303233 0.951937
vt 0.863079 0.994366
vt 0.854309 0.994338
vt 0.203339 0.807874
vt 0.216608 0.767016
vt 0.692592 0.008902
vt 0.736475 0.040686
vt 0.194302 0.810811
vt 0.211022 0.759327
vt 0.684945 0.014496
vt 0.733516 0.049760
vt 0.309049 0.962808
vt 0.309056 0.951993
vt 0.317599 0.951937
vt 0.317582 0.962752
vt 0.884472 0.289532
vt 0.884482 0.278717
vt 0.893067 0.278615
vt 0.893056 0.289431
vt 0.965545 0.198323
vt 0.965541 0.187535
vt 0.974288 0.187382
vt 0.974306 0.198169
vt 0.186173 0.986577
vt 0.186179 0.975789
vt 0.194918 0.975513
vt 0.194947 0.986299
vt 0.184800 0.810811
vt 0.203335 0.753741
vt 0.679397 0.022166
vt 0.727890 0.057464
vt 0.806584 0.940030
vt 0.806262 0.950854
vt 0.797499 0.950793
vt 0.797821 0.939969
vt 0.964034 0.950820
vt 0.963984 0.939971
vt 0.972756 0.939971
vt 0.972806 0.950819
vt 0.175763 0.807874
vt 0.194298 0.750804
vt 0.676480 0.031166
vt 0.720159 0.063039
vt 0.168076 0.802287
vt 0.184796 0.750804
vt 0.309044 0.974814
vt 0.317576 0.974759
vt 0.884464 0.301539
vt 0.893064 0.301437
vt 0.186194 0.963794
vt 0.194892 0.963519
vt 0.965545 0.175539
vt 0.974271 0.175386
vt 0.676473 0.040627
vt 0.711093 0.065943
vt 0.162490 0.794599
vt 0.175759 0.753741
vt 0.806093 0.962862
vt 0.797330 0.962801
vt 0.964052 0.962837
vt 0.972824 0.962837
vt 0.701585 0.065899
vt 0.679379 0.049635
vt 0.159553 0.785560
vt 0.168073 0.759327
vt 0.692568 0.062922
vt 0.684920 0.057317
vt 0.162488 0.767017
vt 0.159553 0.776055
vt 0.309041 0.986835
vt 0.317589 0.986780
vt 0.186217 0.951763
vt 0.194870 0.951490
vt 0.884458 0.313560
vt 0.893077 0.313458
vt 0.965556 0.163509
vt 0.974256 0.163356
vt 0.806093 0.974880
vt 0.797330 0.974819
vt 0.964034 0.974847
vt 0.972806 0.974847
vt 0.186245 0.940876
vt 0.194857 0.940604
vt 0.309042 0.997695
vt 0.317616 0.997639
vt 0.965574 0.152622
vt 0.974246 0.152469
vt 0.884455 0.324419
vt 0.893099 0.324318
vt 0.186276 0.932197
vt 0.194851 0.931926
vt 0.965597 0.143943
vt 0.974241 0.143791
vt 0.806262 0.985731
vt 0.797499 0.985670
vt 0.963984 0.985673
vt 0.972756 0.985673
vt 0.806584 0.994353
vt 0.797821 0.994292
vt 0.142193 0.940342
vt 0.142128 0.931927
vt 0.150866 0.932183
vt 0.150892 0.940598
vt 0.033451 0.995443
vt 0.033482 0.986935
vt 0.042255 0.986935
vt 0.042223 0.995443
vt 0.142235 0.951060
vt 0.150891 0.951314
vt 0.824425 0.278756
vt 0.824021 0.289425
vt 0.815280 0.289255
vt 0.815717 0.278587
vt 0.033503 0.976157
vt 0.042275 0.976157
vt 0.833452 0.950507
vt 0.833242 0.939996
vt 0.842011 0.939971
vt 0.842220 0.950481
vt 0.142249 0.963030
vt 0.150866 0.963284
vt 0.823809 0.301377
vt 0.815045 0.301207
vt 0.033510 0.964164
vt 0.042282 0.964164
vt 0.833562 0.962394
vt 0.842330 0.962369
vt 0.823809 0.313442
vt 0.815032 0.313271
vt 0.142234 0.975082
vt 0.150816 0.975334
vt 0.033503 0.952131
vt 0.042275 0.952131
vt 0.833562 0.974496
vt 0.842330 0.974470
vt 0.142193 0.986035
vt 0.150748 0.986286
vt 0.824021 0.324438
vt 0.815249 0.324267
vt 0.033482 0.941235
vt 0.042255 0.941235
vt 0.833452 0.985627
vt 0.842220 0.985601
vt 0.142128 0.994817
vt 0.150668 0.995068
vt 0.824425 0.333290
vt 0.815668 0.333119
vt 0.033451 0.932542
vt 0.042223 0.932542
vt 0.833242 0.994698
vt 0.842011 0.994672
vt 0.294479 0.962860
vt 0.294490 0.952044
vt 0.303030 0.951937
vt 0.303015 0.962752
vt 0.171501 0.986548
vt 0.171505 0.975761
vt 0.180265 0.975514
vt 0.180288 0.986301
vt 0.993465 0.939971
vt 0.993443 0.950812
vt 0.984670 0.950812
vt 0.984692 0.939971
vt 0.949273 0.950555
vt 0.949258 0.939973
vt 0.958030 0.939971
vt 0.958045 0.950552
vt 0.294470 0.974866
vt 0.303019 0.974758
vt 0.171518 0.963765
vt 0.180243 0.963519
vt 0.993435 0.962827
vt 0.984663 0.962827
vt 0.949281 0.962472
vt 0.958053 0.962470
vt 0.294464 0.986887
vt 0.303035 0.986779
vt 0.171538 0.951735
vt 0.180223 0.951490
vt 0.993443 0.974840
vt 0.984670 0.974839
vt 0.949281 0.974558
vt 0.958053 0.974556
vt 0.171565 0.940848
vt 0.180207 0.940604
vt 0.294461 0.997747
vt 0.303064 0.997638
vt 0.949273 0.985630
vt 0.958045 0.985628
vt 0.993465 0.985673
vt 0.984692 0.985673
vt 0.171594 0.932169
vt 0.180197 0.931926
vt 0.949258 0.994605
vt 0.958030 0.994603
vt 0.740667 0.310422
vt 0.740651 0.299174
vt 0.752110 0.806837
vt 0.755628 0.796009
vt 0.687267 0.806837
vt 0.920234 0.806260
vt 0.920005 0.838882
vt 0.713996 0.826257
vt 0.740604 0.331796
vt 0.740651 0.321663
vt 0.736208 0.822739
vt 0.745419 0.816047
vt 0.920234 0.849037
vt 0.725381 0.826257
vt 0.920592 0.857104
vt 0.080766 0.764295
vt 0.087456 0.755085
vt 0.869702 0.322899
vt 0.869710 0.312536
vt 0.869688 0.331299
vt 0.077250 0.775123
vt 0.980224 0.188029
vt 0.980204 0.177889
vt 0.077251 0.786507
vt 0.096663 0.748393
vt 0.869709 0.301224
vt 0.740604 0.289020
vt 0.755628 0.784625
vt 0.683749 0.796009
vt 0.914597 0.796211
vt 0.920592 0.798228
vt 0.822042 0.108733
vt 0.825565 0.097900
vt 0.994907 0.044157
vt 0.994906 0.033983
vt 0.979924 0.798282
vt 0.979916 0.806407
vt 0.822042 0.120126
vt 0.129694 0.748393
vt 0.832875 0.992723
vt 0.833071 0.984234
vt 0.080769 0.797335
vt 0.980197 0.166646
vt 0.134734 0.934540
vt 0.134763 0.942676
vt 0.107493 0.816754
vt 0.979913 0.816605
vt 0.825566 0.130962
vt 0.832262 0.088688
vt 0.994905 0.022726
vt 0.832269 0.140177
vt 0.979913 0.827876
vt 0.207251 0.985886
vt 0.206882 0.977592
vt 0.863718 0.150353
vt 0.863679 0.078491
vt 0.171411 0.992781
vt 0.171462 0.984559
vt 0.936005 0.247109
vt 0.935967 0.235871
vt 0.128489 0.672120
vt 0.117662 0.668602
vt 0.935894 0.225746
vt 0.106277 0.668602
vt 0.292739 0.909117
vt 0.292739 0.920348
vt 0.086240 0.678811
vt 0.079548 0.688021
vt 0.292815 0.931605
vt 0.076030 0.698849
vt 0.935887 0.132832
vt 0.935960 0.124752
vt 0.752110 0.773797
vt 0.683749 0.784625
vt 0.935889 0.052768
vt 0.935745 0.042586
vt 0.075840 0.964138
vt 0.075834 0.952875
vt 0.796777 0.145311
vt 0.805987 0.138620
vt 0.075815 0.942676
vt 0.812679 0.129409
vt 0.950811 0.103084
vt 0.259217 0.744875
vt 0.950784 0.091880
vt 0.248400 0.748391
vt 0.061003 0.890821
vt 0.061103 0.902112
vt 0.229000 0.786501
vt 0.232515 0.797329
vt 0.061393 0.912402
vt 0.239200 0.806540
vt 0.237135 0.956048
vt 0.747838 0.129409
vt 0.237032 0.944921
vt 0.754529 0.138620
vt 0.687267 0.773797
vt 0.935669 0.031329
vt 0.935998 0.114590
vt 0.745419 0.764587
vt 0.286987 0.889019
vt 0.292960 0.891023
vt 0.292815 0.899012
vt 0.095450 0.672119
vt 0.693959 0.764587
vt 0.935669 0.020098
vt 0.935998 0.103339
vt 0.736208 0.757896
vt 0.138903 0.755085
vt 0.833175 0.973816
vt 0.874498 0.082008
vt 0.171493 0.974312
vt 0.950733 0.081849
vt 0.239199 0.755081
vt 0.785951 0.148829
vt 0.075834 0.975363
vt 0.236836 0.935084
vt 0.763740 0.145311
vt 0.229000 0.775117
vt 0.061103 0.879633
vt 0.935960 0.092101
vt 0.725381 0.754377
vt 0.703170 0.757895
vt 0.935745 0.009993
vt 0.145593 0.764295
vt 0.833175 0.962489
vt 0.134782 0.952874
vt 0.118874 0.816754
vt 0.935887 0.081976
vt 0.713997 0.754377
vt 0.929916 -0.000000
vt 0.935889 0.002004
vt 0.206694 0.967298
vt 0.874543 0.146826
vt 0.883700 0.088692
vt 0.171501 0.963041
vt 0.075785 0.993414
vt 0.075815 0.985450
vt 0.774566 0.148829
vt 0.055836 0.859786
vt 0.061844 0.861832
vt 0.061393 0.869644
vt 0.232514 0.764290
vt 0.149111 0.775122
vt 0.833071 0.951362
vt 0.134789 0.964137
vt 0.129699 0.813236
vt 0.206705 0.956006
vt 0.883742 0.140121
vt 0.890388 0.097891
vt 0.171485 0.951849
vt 0.194850 0.742434
vt 0.183465 0.742434
vt 0.920554 0.196617
vt 0.920325 0.186462
vt 0.920912 0.204684
vt 0.205677 0.738916
vt 0.271221 0.741213
vt 0.259836 0.741213
vt 0.920551 0.124738
vt 0.920321 0.114583
vt 0.920908 0.132805
vt 0.282048 0.737695
vt 0.725811 0.331796
vt 0.725857 0.321663
vt 0.214887 0.732224
vt 0.696223 0.331797
vt 0.696270 0.321663
vt 0.291258 0.731004
vt 0.172638 0.738916
vt 0.920246 0.175214
vt 0.249009 0.737695
vt 0.920242 0.103335
vt 0.149112 0.786507
vt 0.832875 0.941525
vt 0.134782 0.975362
vt 0.138906 0.806545
vt 0.206914 0.944826
vt 0.890418 0.130905
vt 0.893910 0.108705
vt 0.171449 0.941826
vt 0.725874 0.310422
vt 0.221579 0.723014
vt 0.696286 0.310422
vt 0.297950 0.721793
vt 0.163428 0.732224
vt 0.920325 0.163973
vt 0.239799 0.731004
vt 0.920321 0.092095
vt 0.145596 0.797334
vt 0.134734 0.993413
vt 0.134763 0.985450
vt 0.207300 0.934850
vt 0.893921 0.120080
vt 0.171391 0.933951
vt 0.725857 0.299174
vt 0.225097 0.712187
vt 0.696270 0.299174
vt 0.301468 0.710966
vt 0.156736 0.723014
vt 0.920554 0.153840
vt 0.233107 0.721793
vt 0.920551 0.081962
vt 0.725811 0.289020
vt 0.225097 0.700802
vt 0.696223 0.289020
vt 0.301468 0.699581
vt 0.229589 0.710966
vt 0.914913 0.071912
vt 0.920908 0.073929
vt 0.153218 0.712187
vt 0.914917 0.143791
vt 0.920912 0.145808
vt 0.796780 0.152348
vt 0.805990 0.159039
vt 0.799635 0.331799
vt 0.799615 0.321659
vt 0.934522 0.992659
vt 0.934537 0.984260
vt 0.785954 0.148829
vt 0.796779 0.003518
vt 0.805989 0.010210
vt 0.884455 0.322854
vt 0.884435 0.312713
vt 0.863079 0.992659
vt 0.863093 0.984260
vt 0.785952 0.000000
vt 0.872352 0.005658
vt 0.881562 0.012350
vt 0.784890 0.331799
vt 0.784869 0.321659
vt 0.877814 0.992659
vt 0.877829 0.984260
vt 0.861525 0.002140
vt 0.825093 0.895661
vt 0.815892 0.902351
vt 0.965519 0.225810
vt 0.965512 0.236000
vt 0.965533 0.217687
vt 0.831778 0.886452
vt 0.934544 0.973896
vt 0.774569 0.148829
vt 0.812682 0.168250
vt 0.799608 0.310416
vt 0.863101 0.973896
vt 0.774568 -0.000000
vt 0.812680 0.019421
vt 0.884428 0.301470
vt 0.877836 0.973896
vt 0.850141 0.002140
vt 0.888254 0.021560
vt 0.784862 0.310416
vt 0.980268 0.116159
vt 0.980264 0.105995
vt 0.835292 0.875625
vt 0.805075 0.905866
vt 0.965512 0.247260
vt 0.934544 0.962584
vt 0.763742 0.152347
vt 0.816200 0.179077
vt 0.799615 0.299170
vt 0.816198 0.030248
vt 0.884435 0.290225
vt 0.863101 0.962584
vt 0.763741 0.003518
vt 0.877836 0.962584
vt 0.839314 0.005658
vt 0.891772 0.032387
vt 0.784869 0.299170
vt 0.980263 0.094744
vt 0.835292 0.864241
vt 0.793702 0.905864
vt 0.965519 0.258488
vt 0.229589 0.699581
vt 0.935891 0.196560
vt 0.935746 0.186377
vt 0.153218 0.700802
vt 0.935887 0.124681
vt 0.935743 0.114498
vt 0.950416 0.857130
vt 0.950489 0.849051
vt 0.221579 0.689975
vt 0.935889 0.060920
vt 0.935962 0.052840
vt 0.297950 0.688754
vt 0.934537 0.951430
vt 0.754533 0.159039
vt 0.816200 0.190462
vt 0.799635 0.289023
vt 0.863093 0.951430
vt 0.754531 0.010209
vt 0.816198 0.041633
vt 0.884455 0.280077
vt 0.877829 0.951430
vt 0.830104 0.012350
vt 0.782885 0.902344
vt 0.965533 0.268584
vt 0.891772 0.043772
vt 0.784890 0.289023
vt 0.980264 0.083507
vt 0.831777 0.853413
vt 0.233107 0.688754
vt 0.935671 0.175120
vt 0.156736 0.689975
vt 0.935667 0.103241
vt 0.950527 0.838888
vt 0.214887 0.680764
vt 0.936000 0.042678
vt 0.291258 0.679544
vt 0.773683 0.895651
vt 0.077511 0.920683
vt 0.077059 0.912402
vt 0.812682 0.201289
vt 0.003906 0.934541
vt 0.003936 0.942677
vt 0.934522 0.941525
vt 0.747841 0.168249
vt 0.863079 0.941525
vt 0.747840 0.019420
vt 0.877814 0.941525
vt 0.823413 0.021560
vt 0.812680 0.052460
vt 0.950740 0.217681
vt 0.950769 0.225817
vt 0.888255 0.054599
vt 0.018679 0.934541
vt 0.018708 0.942677
vt 0.980268 0.073383
vt 0.825092 0.844202
vt 0.239799 0.679544
vt 0.935671 0.163889
vt 0.163428 0.680764
vt 0.935667 0.092010
vt 0.936000 0.031427
vt 0.282048 0.672852
vt 0.950527 0.827637
vt 0.205677 0.674073
vt 0.805991 0.210499
vt 0.003955 0.952875
vt 0.805989 0.061670
vt 0.950788 0.236015
vt 0.881563 0.063810
vt 0.018727 0.952875
vt 0.761363 0.992784
vt 0.761560 0.984295
vt 0.744323 0.179076
vt 0.262907 0.959810
vt 0.263103 0.951320
vt 0.744322 0.030247
vt 0.776437 0.992784
vt 0.776633 0.984295
vt 0.819896 0.032388
vt 0.766998 0.886439
vt 0.076769 0.902112
vt 0.950735 0.060923
vt 0.950786 0.052703
vt 0.815891 0.837508
vt 0.935962 0.020189
vt 0.271221 0.669334
vt 0.950489 0.816399
vt 0.194850 0.670555
vt 0.172638 0.674073
vt 0.935743 0.081906
vt 0.249009 0.672852
vt 0.935747 0.153785
vt 0.935889 0.010064
vt 0.259836 0.669334
vt 0.950416 0.806275
vt 0.183466 0.670555
vt 0.929918 0.143791
vt 0.935891 0.145795
vt 0.929914 0.071912
vt 0.935887 0.073916
vt 0.796781 0.217191
vt 0.003961 0.964138
vt 0.796779 0.068362
vt 0.950795 0.247278
vt 0.872353 0.070501
vt 0.018733 0.964138
vt 0.950813 0.042452
vt 0.805074 0.833988
vt 0.776736 0.973876
vt 0.819896 0.043772
vt 0.761663 0.973876
vt 0.744323 0.190461
vt 0.763483 0.875611
vt 0.076669 0.890821
vt 0.263206 0.940902
vt 0.744322 0.041631
vt 0.785954 0.220709
vt 0.003955 0.975363
vt 0.785952 0.071879
vt 0.950788 0.258503
vt 0.861527 0.074019
vt 0.018727 0.975363
vt 0.950813 0.031172
vt 0.793700 0.833986
vt 0.776736 0.962550
vt 0.823414 0.054599
vt 0.763483 0.864227
vt 0.076769 0.879633
vt 0.761663 0.962550
vt 0.747842 0.201288
vt 0.263206 0.929575
vt 0.747840 0.052459
vt 0.724557 0.748127
vt 0.713173 0.748127
vt 0.036780 0.913225
vt 0.036551 0.903070
vt 0.037138 0.921292
vt 0.735384 0.744609
vt 0.666635 0.331796
vt 0.666682 0.321663
vt 0.744595 0.737917
vt 0.702345 0.744609
vt 0.036472 0.891822
vt 0.774570 0.220708
vt 0.003936 0.985451
vt 0.774568 0.071879
vt 0.950769 0.268591
vt 0.950786 0.019968
vt 0.782884 0.837502
vt 0.761560 0.951423
vt 0.754533 0.210498
vt 0.850143 0.074019
vt 0.018708 0.985451
vt 0.263103 0.918449
vt 0.754531 0.061669
vt 0.776633 0.951423
vt 0.830106 0.063810
vt 0.766998 0.853400
vt 0.077059 0.869644
vt 0.666698 0.310422
vt 0.751287 0.728707
vt 0.693135 0.737917
vt 0.036551 0.880581
vt 0.761363 0.941586
vt 0.763743 0.217190
vt 0.262907 0.908612
vt 0.763741 0.068361
vt 0.950735 0.009937
vt 0.773682 0.844191
vt 0.071502 0.859786
vt 0.077511 0.861832
vt 0.776437 0.941586
vt 0.839316 0.070501
vt 0.018679 0.993414
vt 0.003906 0.993414
vt 0.950740 0.276554
vt 0.666682 0.299174
vt 0.754805 0.717880
vt 0.686444 0.728706
vt 0.036780 0.870448
vt 0.666635 0.289020
vt 0.754805 0.706495
vt 0.682926 0.717879
vt 0.031143 0.860399
vt 0.037138 0.862416
vt 0.682926 0.706495
vt 0.935571 0.848979
vt 0.935427 0.838797
vt 0.935571 0.857130
vt 0.935644 0.849051
vt 0.751287 0.695668
vt 0.686444 0.695667
vt 0.935351 0.827540
vt 0.935682 0.838888
vt 0.744595 0.686457
vt 0.693136 0.686457
vt 0.935351 0.816309
vt 0.935682 0.827637
vt 0.735385 0.679765
vt 0.935644 0.816400
vt 0.724558 0.676247
vt 0.702346 0.679765
vt 0.935427 0.806204
vt 0.935571 0.806275
vt 0.713173 0.676247
vt 0.929598 0.796211
vt 0.935571 0.798215
vt 0.041631 0.740969
vt 0.030247 0.740969
vt 0.920553 0.052826
vt 0.920323 0.042671
vt 0.920910 0.060893
vt 0.052459 0.737451
vt 0.681429 0.331796
vt 0.681476 0.321663
vt 0.061669 0.730759
vt 0.019420 0.737451
vt 0.920244 0.031423
vt 0.681492 0.310422
vt 0.068361 0.721549
vt 0.010209 0.730759
vt 0.920323 0.020182
vt 0.681476 0.299174
vt 0.071879 0.710722
vt 0.003518 0.721549
vt 0.920553 0.010049
vt 0.681429 0.289020
vt 0.071879 0.699337
vt 0.000000 0.710722
vt 0.914915 0.000000
vt 0.920910 0.002016
vt 0.053052 0.748393
vt 0.062262 0.755085
vt 0.991532 0.912328
vt 0.991512 0.902188
vt 0.905051 0.992659
vt 0.905065 0.984260
vt 0.042225 0.744875
vt 0.744694 0.894492
vt 0.735494 0.901184
vt 0.965544 0.082040
vt 0.965537 0.092230
vt 0.965558 0.073917
vt 0.751377 0.885283
vt 0.905073 0.973896
vt 0.030841 0.744875
vt 0.068954 0.764295
vt 0.991505 0.890945
vt 0.724678 0.904702
vt 0.965537 0.103490
vt 0.980242 0.259929
vt 0.980239 0.249765
vt 0.754890 0.874455
vt 0.905073 0.962584
vt 0.020014 0.748393
vt 0.713304 0.904702
vt 0.965544 0.114718
vt 0.072472 0.775122
vt 0.991512 0.879699
vt 0.980238 0.238513
vt 0.754887 0.863071
vt 0.000000 0.699337
vt 0.935895 0.268450
vt 0.935750 0.258268
vt 0.935891 0.204711
vt 0.935964 0.196631
vt 0.068361 0.688510
vt 0.702487 0.901183
vt 0.965558 0.124815
vt 0.980239 0.227276
vt 0.751370 0.852244
vt 0.905065 0.951430
vt 0.010805 0.755085
vt 0.072472 0.786507
vt 0.991532 0.869552
vt 0.003518 0.688510
vt 0.935674 0.247011
vt 0.936002 0.186468
vt 0.061669 0.679299
vt 0.693284 0.894492
vt 0.021472 0.921296
vt 0.021020 0.913015
vt 0.980242 0.217153
vt 0.744683 0.843033
vt 0.068955 0.797334
vt 0.090558 0.934541
vt 0.090587 0.942676
vt 0.905051 0.941525
vt 0.004113 0.764295
vt 0.010210 0.679299
vt 0.935674 0.235780
vt 0.936002 0.175217
vt 0.052459 0.672608
vt 0.686597 0.885281
vt 0.020730 0.902725
vt 0.950736 0.204714
vt 0.950787 0.196495
vt 0.735481 0.836342
vt 0.062264 0.806545
vt 0.090606 0.952875
vt 0.221762 0.986282
vt 0.221958 0.977792
vt 0.000596 0.775122
vt 0.935964 0.163980
vt 0.041632 0.669090
vt 0.019420 0.672608
vt 0.935750 0.225675
vt 0.935891 0.153855
vt 0.030247 0.669090
vt 0.929922 0.215682
vt 0.935895 0.217686
vt 0.950814 0.186243
vt 0.724663 0.832823
vt 0.053054 0.813236
vt 0.090613 0.964138
vt 0.683081 0.874454
vt 0.020630 0.891434
vt 0.222061 0.967374
vt 0.000596 0.786507
vt 0.950814 0.174963
vt 0.713290 0.832823
vt 0.042227 0.816754
vt 0.090606 0.975363
vt 0.683078 0.863070
vt 0.020730 0.880246
vt 0.222061 0.956048
vt 0.004114 0.797334
vt 0.950787 0.163759
vt 0.702474 0.836341
vt 0.030843 0.816754
vt 0.090587 0.985450
vt 0.221958 0.944921
vt 0.010806 0.806545
vt 0.686591 0.852242
vt 0.021020 0.870257
vt 0.221762 0.935084
vt 0.020016 0.813236
vt 0.950736 0.153728
vt 0.693274 0.843033
vt 0.015463 0.860399
vt 0.021472 0.862445
vt 0.090558 0.993414
vt 0.292960 0.941787
vt 0.076029 0.710233
vt 0.747837 0.096370
vt 0.236836 0.986282
vt 0.061844 0.920683
vt 0.248401 0.813234
vt 0.290609 0.755091
vt 0.950733 0.132835
vt 0.075785 0.934541
vt 0.816196 0.118582
vt 0.147909 0.698849
vt 0.935894 0.276602
vt 0.914920 0.215682
vt 0.920916 0.217698
vt 0.920558 0.225731
vt 0.079548 0.721061
vt 0.754528 0.087160
vt 0.919787 0.941525
vt 0.919801 0.951430
vt 0.297294 0.764303
vt 0.979929 0.797682
vt 0.979926 0.807805
vt 0.770144 0.289023
vt 0.770123 0.299170
vt 0.816196 0.107197
vt 0.965560 0.052903
vt 0.965546 0.042806
vt 0.259218 0.816754
vt 0.763738 0.080468
vt 0.919809 0.962584
vt 0.300809 0.775131
vt 0.979924 0.819042
vt 0.147908 0.710234
vt 0.711017 0.289020
vt 0.711064 0.299174
vt 0.770116 0.310416
vt 0.812678 0.096370
vt 0.774565 0.076950
vt 0.919809 0.973896
vt 0.300809 0.786515
vt 0.979926 0.830294
vt 0.965539 0.031578
vt 0.270592 0.816756
vt 0.297294 0.797342
vt 0.979929 0.840458
vt 0.785949 0.076950
vt 0.919801 0.984260
vt 0.965539 0.020318
vt 0.281408 0.813240
vt 0.770123 0.321659
vt 0.805986 0.087160
vt 0.290610 0.806550
vt 0.965560 0.002005
vt 0.965546 0.010128
vt 0.796776 0.080468
vt 0.919787 0.992659
vt 0.770144 0.331799
vt 0.920328 0.235864
vt 0.086239 0.730271
vt 0.144390 0.721061
vt 0.711080 0.310422
vt 0.920249 0.247105
vt 0.095449 0.736963
vt 0.137699 0.730271
vt 0.711064 0.321663
vt 0.732149 0.087902
vt 0.738856 0.097120
vt 0.840488 0.280035
vt 0.840097 0.290030
vt 0.119964 0.935036
vt 0.120010 0.942930
vt 0.722923 0.081214
vt 0.722937 0.153113
vt 0.732158 0.159801
vt 0.825407 0.280015
vt 0.825017 0.290002
vt 0.062822 0.934836
vt 0.062871 0.942723
vt 0.712103 0.149604
vt 0.120031 0.952975
vt 0.712085 0.077708
vt 0.062899 0.952760
vt 0.700719 0.149616
vt 0.742382 0.107963
vt 0.839891 0.301232
vt 0.738861 0.169015
vt 0.824810 0.301197
vt 0.767107 0.775122
vt 0.773785 0.765911
vt 0.848412 0.941430
vt 0.848268 0.951534
vt 0.309153 0.891052
vt 0.309239 0.899073
vt 0.763596 0.785949
vt 0.309294 0.909197
vt 0.763596 0.797334
vt 0.782977 0.759219
vt 0.848192 0.962765
vt 0.920328 0.258353
vt 0.106277 0.740481
vt 0.128488 0.736963
vt 0.711017 0.331797
vt 0.120026 0.964183
vt 0.700700 0.077725
vt 0.062902 0.963962
vt 0.689900 0.153143
vt 0.742380 0.119365
vt 0.839892 0.312541
vt 0.742386 0.179852
vt 0.824804 0.312500
vt 0.793782 0.755701
vt 0.848192 0.974022
vt 0.309313 0.920435
vt 0.767107 0.808161
vt 0.920558 0.268508
vt 0.117661 0.740481
vt 0.920916 0.276575
vt 0.119996 0.975455
vt 0.689883 0.081257
vt 0.062879 0.975233
vt 0.680701 0.159838
vt 0.738849 0.130206
vt 0.840095 0.322846
vt 0.742386 0.191248
vt 0.825002 0.322803
vt 0.309294 0.931686
vt 0.773785 0.817371
vt 0.805144 0.755701
vt 0.848268 0.984205
vt 0.119942 0.985690
vt 0.680691 0.087954
vt 0.062834 0.985472
vt 0.674022 0.169044
vt 0.732140 0.139419
vt 0.200842 0.992649
vt 0.194975 0.994821
vt 0.200828 0.984655
vt 0.738861 0.202084
vt 0.825383 0.331093
vt 0.309239 0.941849
vt 0.782977 0.824063
vt 0.815950 0.759218
vt 0.848412 0.992316
vt 0.119871 0.993891
vt 0.674017 0.097159
vt 0.062772 0.993682
vt 0.670511 0.179861
vt 0.722913 0.146103
vt 0.200820 0.974543
vt 0.732159 0.211297
vt 0.980197 0.196604
vt 0.980187 0.186496
vt 0.309153 0.949928
vt 0.793782 0.827580
vt 0.825142 0.765910
vt 0.791970 0.941396
vt 0.791669 0.951526
vt 0.323609 0.953399
vt 0.323598 0.963510
vt 0.670511 0.107972
vt 0.712077 0.149604
vt 0.200817 0.963309
vt 0.722938 0.217985
vt 0.980182 0.175260
vt 0.899055 0.280039
vt 0.899046 0.290152
vt 0.670511 0.191233
vt 0.831820 0.775120
vt 0.791510 0.962766
vt 0.978674 0.941430
vt 0.978721 0.951584
vt 0.805144 0.827580
vt 0.323593 0.974729
vt 0.670511 0.119337
vt 0.700695 0.149585
vt 0.200820 0.952054
vt 0.899045 0.301377
vt 0.674021 0.202050
vt 0.712104 0.221493
vt 0.980182 0.163998
vt 0.835331 0.785947
vt 0.791511 0.974015
vt 0.978737 0.962832
vt 0.815950 0.824062
vt 0.689881 0.146051
vt 0.200829 0.941878
vt 0.323597 0.985963
vt 0.674017 0.130149
vt 0.899047 0.312619
vt 0.680701 0.211257
vt 0.700720 0.221481
vt 0.980187 0.153813
vt 0.835331 0.797332
vt 0.791669 0.984171
vt 0.978721 0.974073
vt 0.825142 0.817370
vt 0.323609 0.996118
vt 0.680690 0.139353
vt 0.200842 0.933774
vt 0.899055 0.322782
vt 0.689900 0.217953
vt 0.980197 0.145701
vt 0.831820 0.808159
vt 0.978601 0.992240
vt 0.972678 0.994257
vt 0.978674 0.984206
vt 0.732151 0.010191
vt 0.738857 0.019406
vt 0.809939 0.279974
vt 0.809546 0.289965
vt 0.156752 0.934374
vt 0.156796 0.942267
vt 0.722928 0.003505
vt 0.156818 0.952308
vt 0.712094 0.000000
vt 0.742384 0.030247
vt 0.809337 0.301165
vt 0.221909 0.797334
vt 0.215219 0.806544
vt 0.048183 0.985450
vt 0.048202 0.975362
vt 0.048154 0.993413
vt 0.225425 0.786507
vt 0.206012 0.813236
vt 0.048209 0.964137
vt 0.847893 0.941527
vt 0.848089 0.951364
vt 0.225424 0.775122
vt 0.156814 0.963512
vt 0.700713 0.000014
vt 0.742384 0.041648
vt 0.809332 0.312474
vt 0.195187 0.816754
vt 0.048202 0.952874
vt 0.848192 0.962491
vt 0.221906 0.764295
vt 0.156786 0.974782
vt 0.689898 0.003543
vt 0.738856 0.052489
vt 0.809533 0.322780
vt 0.183805 0.816754
vt 0.048183 0.942676
vt 0.848192 0.973818
vt 0.215216 0.755085
vt 0.156736 0.985016
vt 0.680705 0.010235
vt 0.732147 0.061705
vt 0.186173 0.992673
vt 0.180308 0.994823
vt 0.186162 0.984680
vt 0.172981 0.813236
vt 0.048154 0.934540
vt 0.848089 0.984236
vt 0.206007 0.748393
vt 0.156669 0.993218
vt 0.674028 0.019435
vt 0.722920 0.068392
vt 0.186155 0.974568
vt 0.163772 0.806545
vt 0.978764 0.941432
vt 0.978744 0.951580
vt 0.847893 0.992725
vt 0.195182 0.744875
vt 0.309041 0.953365
vt 0.309030 0.963474
vt 0.670516 0.030246
vt 0.712080 0.071895
vt 0.186152 0.963330
vt 0.157081 0.797334
vt 0.978737 0.962825
vt 0.963962 0.941521
vt 0.963977 0.951425
vt 0.183801 0.744875
vt 0.309027 0.974693
vt 0.670511 0.041612
vt 0.700694 0.071875
vt 0.186154 0.952071
vt 0.153564 0.786507
vt 0.978744 0.974068
vt 0.963984 0.962579
vt 0.172976 0.748393
vt 0.689877 0.068339
vt 0.186162 0.941891
vt 0.309030 0.985930
vt 0.674013 0.052428
vt 0.153563 0.775122
vt 0.978764 0.984209
vt 0.963984 0.973891
vt 0.163769 0.755085
vt 0.680684 0.061637
vt 0.186173 0.933786
vt 0.309041 0.996088
vt 0.963977 0.984255
vt 0.157079 0.764295
vt 0.963962 0.992654
vt 0.135189 0.057969
vt 0.129668 0.068807
vt 0.121866 0.066272
vt 0.128553 0.053148
vt 0.154628 0.043846
vt 0.143790 0.049368
vt 0.138969 0.042732
vt 0.152093 0.036045
vt 0.386662 0.445635
vt 0.397496 0.451157
vt 0.394961 0.458958
vt 0.381840 0.452271
vt 0.446481 0.402170
vt 0.440962 0.391333
vt 0.447598 0.386511
vt 0.454281 0.399635
vt 0.127765 0.080821
vt 0.119562 0.080821
vt 0.166642 0.041943
vt 0.166641 0.033741
vt 0.269213 0.451134
vt 0.280050 0.445613
vt 0.284872 0.452248
vt 0.271749 0.458935
vt 0.225747 0.391309
vt 0.220226 0.402147
vt 0.212424 0.399612
vt 0.219110 0.386488
vt 0.071446 0.119698
vt 0.083460 0.117795
vt 0.085995 0.125597
vt 0.071446 0.127901
vt 0.108420 0.092834
vt 0.110323 0.080821
vt 0.118526 0.080821
vt 0.116222 0.095369
vt 0.418848 0.213625
vt 0.406835 0.215528
vt 0.404300 0.207726
vt 0.418848 0.205422
vt 0.593056 0.882196
vt 0.581054 0.880294
vt 0.579524 0.869928
vt 0.595589 0.874394
vt 0.542216 0.919175
vt 0.544116 0.931188
vt 0.536323 0.933724
vt 0.534021 0.919176
vt 0.455821 0.264515
vt 0.457723 0.252501
vt 0.465926 0.252501
vt 0.463622 0.267050
vt 0.094298 0.112273
vt 0.099119 0.118909
vt 0.102899 0.103672
vt 0.109535 0.108494
vt 0.129668 0.092834
vt 0.121866 0.095369
vt 0.178655 0.043846
vt 0.181190 0.036045
vt 0.378064 0.437034
vt 0.371429 0.441856
vt 0.432365 0.382732
vt 0.437186 0.376096
vt 0.288650 0.437012
vt 0.295286 0.441833
vt 0.234347 0.382708
vt 0.229525 0.376073
vt 0.569053 0.882198
vt 0.566520 0.874397
vt 0.430861 0.215527
vt 0.433396 0.207726
vt 0.455821 0.240488
vt 0.463622 0.237952
vt 0.544116 0.907161
vt 0.536323 0.904627
vt 0.450299 0.229650
vt 0.456935 0.224828
vt 0.558225 0.887721
vt 0.553408 0.881085
vt 0.549633 0.896323
vt 0.543003 0.891502
vt 0.441698 0.221049
vt 0.446520 0.214413
vt 0.135190 0.103672
vt 0.128553 0.108494
vt 0.189493 0.049368
vt 0.194314 0.042732
vt 0.372545 0.426197
vt 0.364745 0.428732
vt 0.421530 0.377210
vt 0.424066 0.369409
vt 0.294171 0.426174
vt 0.301972 0.428709
vt 0.245184 0.377186
vt 0.242648 0.369386
vt 0.143791 0.112273
vt 0.138969 0.118909
vt 0.198094 0.057969
vt 0.204730 0.053148
vt 0.409519 0.375307
vt 0.409521 0.367104
vt 0.370645 0.414183
vt 0.362444 0.414183
vt 0.257197 0.375283
vt 0.257195 0.367083
vt 0.296073 0.414160
vt 0.304275 0.414161
vt 0.372549 0.402170
vt 0.364750 0.399635
vt 0.397508 0.377210
vt 0.394975 0.369409
vt 0.203616 0.068807
vt 0.211417 0.066272
vt 0.154628 0.117795
vt 0.152093 0.125597
vt 0.294170 0.402147
vt 0.301969 0.399612
vt 0.269210 0.377186
vt 0.271742 0.369387
vt 0.378072 0.391333
vt 0.371438 0.386511
vt 0.386672 0.382732
vt 0.381853 0.376096
vt 0.288648 0.391309
vt 0.295281 0.386489
vt 0.280047 0.382708
vt 0.284866 0.376074
vt 0.239455 0.049368
vt 0.230854 0.057969
vt 0.224218 0.053148
vt 0.234634 0.042732
vt 0.048596 0.221059
vt 0.039995 0.229660
vt 0.033358 0.224838
vt 0.043774 0.214423
vt 0.205519 0.080821
vt 0.213721 0.080821
vt 0.166642 0.119698
vt 0.166642 0.127901
vt 0.225333 0.068807
vt 0.217531 0.066272
vt 0.034473 0.240498
vt 0.026671 0.237963
vt 0.059433 0.215537
vt 0.056898 0.207736
vt 0.250293 0.043846
vt 0.247758 0.036045
vt 0.032570 0.252511
vt 0.024367 0.252511
vt 0.223430 0.080821
vt 0.215227 0.080821
vt 0.262307 0.041943
vt 0.262307 0.033741
vt 0.071447 0.213634
vt 0.071447 0.205431
vt 0.178655 0.117795
vt 0.181190 0.125597
vt 0.203616 0.092834
vt 0.211417 0.095369
vt 0.559081 0.275351
vt 0.567681 0.283951
vt 0.562860 0.290588
vt 0.552445 0.280172
vt 0.387397 0.103663
vt 0.395998 0.112264
vt 0.391176 0.118900
vt 0.380761 0.108485
vt 0.473239 0.189507
vt 0.481839 0.198108
vt 0.477018 0.204744
vt 0.466603 0.194329
vt 0.518122 0.864784
vt 0.526715 0.856183
vt 0.533345 0.861004
vt 0.522939 0.871420
vt 0.553559 0.264513
vt 0.545758 0.267048
vt 0.578519 0.289473
vt 0.575984 0.297275
vt 0.381875 0.092826
vt 0.374074 0.095361
vt 0.406835 0.117786
vt 0.404300 0.125587
vt 0.492677 0.203629
vt 0.490142 0.211431
vt 0.467717 0.178669
vt 0.459916 0.181204
vt 0.532231 0.845344
vt 0.540025 0.847879
vt 0.507295 0.870307
vt 0.509828 0.878109
vt 0.189493 0.112273
vt 0.194315 0.118909
vt 0.198094 0.103672
vt 0.204730 0.108494
vt 0.225333 0.092834
vt 0.217531 0.095369
vt 0.034473 0.264525
vt 0.026671 0.267060
vt 0.274320 0.043846
vt 0.276855 0.036045
vt 0.083460 0.215537
vt 0.085995 0.207735
vt 0.590532 0.291376
vt 0.590532 0.299579
vt 0.551656 0.252499
vt 0.543454 0.252500
vt 0.418848 0.119689
vt 0.418848 0.127891
vt 0.379972 0.080812
vt 0.371770 0.080812
vt 0.504690 0.205532
vt 0.504690 0.213735
vt 0.465814 0.166656
vt 0.457612 0.166656
vt 0.534132 0.833331
vt 0.544489 0.834861
vt 0.495294 0.872211
vt 0.495294 0.880414
vt 0.602545 0.289473
vt 0.605080 0.297274
vt 0.516703 0.203629
vt 0.519238 0.211431
vt 0.483292 0.870310
vt 0.480759 0.878111
vt 0.430861 0.117785
vt 0.433396 0.125587
vt 0.467717 0.154642
vt 0.459916 0.152107
vt 0.532231 0.821317
vt 0.540025 0.818781
vt 0.553559 0.240486
vt 0.545758 0.237951
vt 0.381875 0.068798
vt 0.374074 0.066263
vt 0.230855 0.103672
vt 0.224218 0.108494
vt 0.039995 0.275363
vt 0.033359 0.280185
vt 0.094298 0.221059
vt 0.099120 0.214423
vt 0.285158 0.049368
vt 0.289979 0.042732
vt 0.472465 0.864789
vt 0.467648 0.871425
vt 0.527540 0.198107
vt 0.532362 0.204743
vt 0.473239 0.143804
vt 0.466603 0.138983
vt 0.441698 0.112263
vt 0.446520 0.118899
vt 0.526715 0.810480
vt 0.533345 0.805658
vt 0.613382 0.283951
vt 0.618204 0.290587
vt 0.559081 0.229648
vt 0.552445 0.224826
vt 0.387397 0.057961
vt 0.380761 0.053139
vt 0.102899 0.229660
vt 0.109535 0.224838
vt 0.239456 0.112273
vt 0.234634 0.118909
vt 0.293758 0.057969
vt 0.300395 0.053148
vt 0.048596 0.283964
vt 0.043774 0.290600
vt 0.567681 0.221047
vt 0.562860 0.214411
vt 0.481839 0.135203
vt 0.477018 0.128567
vt 0.395998 0.049359
vt 0.391176 0.042723
vt 0.536148 0.189495
vt 0.542777 0.194327
vt 0.463872 0.856189
vt 0.457243 0.861011
vt 0.518122 0.801880
vt 0.522939 0.795243
vt 0.450299 0.103662
vt 0.456935 0.108484
vt 0.621983 0.275349
vt 0.628619 0.280171
vt 0.108421 0.240498
vt 0.116222 0.237963
vt 0.299281 0.068807
vt 0.307082 0.066272
vt 0.250293 0.117795
vt 0.247758 0.125597
vt 0.059433 0.289486
vt 0.056899 0.297287
vt 0.143791 0.221059
vt 0.135190 0.229660
vt 0.128554 0.224838
vt 0.138969 0.214423
vt 0.492677 0.129681
vt 0.490142 0.121879
vt 0.578519 0.215525
vt 0.575984 0.207723
vt 0.406835 0.043837
vt 0.404300 0.036036
vt 0.507295 0.796359
vt 0.509828 0.788557
vt 0.541659 0.178679
vt 0.549464 0.181203
vt 0.458356 0.845351
vt 0.450562 0.847887
vt 0.455821 0.092825
vt 0.463622 0.095359
vt 0.627505 0.264512
vt 0.635306 0.267046
vt 0.110324 0.252511
vt 0.118527 0.252511
vt 0.301183 0.080821
vt 0.309386 0.080821
vt 0.262307 0.119698
vt 0.262307 0.127901
vt 0.071447 0.291388
vt 0.071447 0.299591
vt 0.129668 0.240498
vt 0.121866 0.237963
vt 0.154629 0.215537
vt 0.152093 0.207735
vt 0.127765 0.252511
vt 0.119562 0.252511
vt 0.166642 0.213634
vt 0.166642 0.205431
vt 0.083461 0.289486
vt 0.085996 0.297287
vt 0.274320 0.117795
vt 0.276855 0.125597
vt 0.299281 0.092834
vt 0.307082 0.095369
vt 0.108421 0.264525
vt 0.116222 0.267060
vt 0.590532 0.213622
vt 0.590532 0.205419
vt 0.504690 0.127778
vt 0.504690 0.119575
vt 0.418848 0.041934
vt 0.418848 0.033731
vt 0.495294 0.794457
vt 0.495294 0.786254
vt 0.543565 0.166654
vt 0.551768 0.166654
vt 0.456455 0.833338
vt 0.448260 0.833339
vt 0.457723 0.080811
vt 0.465926 0.080810
vt 0.629407 0.252498
vt 0.637610 0.252498
vt 0.094298 0.283964
vt 0.099120 0.290600
vt 0.285158 0.112273
vt 0.289979 0.118909
vt 0.293758 0.103672
vt 0.300395 0.108494
vt 0.102899 0.275363
vt 0.109535 0.280185
vt 0.129668 0.264525
vt 0.121867 0.267060
vt 0.178655 0.215537
vt 0.181191 0.207735
vt 0.483292 0.796361
vt 0.480759 0.788560
vt 0.516703 0.129681
vt 0.519238 0.121879
vt 0.602545 0.215524
vt 0.605080 0.207723
vt 0.430861 0.043837
vt 0.433396 0.036035
vt 0.541663 0.154641
vt 0.549464 0.152105
vt 0.458356 0.821324
vt 0.450562 0.818790
vt 0.455821 0.068797
vt 0.463622 0.066262
vt 0.627505 0.240484
vt 0.635306 0.237949
vt 0.472465 0.801884
vt 0.467648 0.795248
vt 0.621983 0.229647
vt 0.628619 0.224825
vt 0.450299 0.057959
vt 0.456935 0.053138
vt 0.463872 0.810486
vt 0.457243 0.805665
vt 0.536141 0.143803
vt 0.542777 0.138981
vt 0.527540 0.135202
vt 0.532362 0.128566
vt 0.441698 0.049359
vt 0.446520 0.042722
vt 0.613382 0.221046
vt 0.618204 0.214410
vt 0.135190 0.275363
vt 0.128554 0.280185
vt 0.189493 0.221059
vt 0.194315 0.214423
vt 0.198094 0.229660
vt 0.204730 0.224838
vt 0.143791 0.283964
vt 0.138969 0.290600
vt 0.203616 0.240498
vt 0.211418 0.237963
vt 0.154629 0.289486
vt 0.152094 0.297287
vt 0.239456 0.221059
vt 0.230855 0.229660
vt 0.224218 0.224838
vt 0.234634 0.214423
vt 0.205519 0.252511
vt 0.213722 0.252511
vt 0.166642 0.291388
vt 0.166642 0.299591
vt 0.225333 0.240498
vt 0.217531 0.237963
vt 0.250293 0.215537
vt 0.247758 0.207735
vt 0.223430 0.252511
vt 0.215227 0.252511
vt 0.262307 0.213634
vt 0.262307 0.205431
vt 0.178656 0.289486
vt 0.181191 0.297287
vt 0.203616 0.264525
vt 0.211418 0.267060
vt 0.559081 0.103660
vt 0.567681 0.112261
vt 0.562860 0.118897
vt 0.552445 0.108482
vt 0.432362 0.778947
vt 0.440954 0.770346
vt 0.447584 0.775167
vt 0.437179 0.785583
vt 0.578519 0.117783
vt 0.575984 0.125584
vt 0.553559 0.092823
vt 0.545758 0.095358
vt 0.446471 0.759507
vt 0.454265 0.762042
vt 0.421535 0.784470
vt 0.424067 0.792272
vt 0.189493 0.283964
vt 0.194315 0.290600
vt 0.198094 0.275363
vt 0.204730 0.280185
vt 0.225333 0.264525
vt 0.217532 0.267060
vt 0.274320 0.215537
vt 0.276855 0.207735
vt 0.590532 0.119685
vt 0.590532 0.127888
vt 0.409533 0.786374
vt 0.409533 0.794577
vt 0.551656 0.080809
vt 0.543454 0.080809
vt 0.448372 0.747494
vt 0.456567 0.747493
vt 0.397531 0.784473
vt 0.394999 0.792274
vt 0.602545 0.117782
vt 0.605080 0.125584
vt 0.446471 0.735480
vt 0.454265 0.732944
vt 0.553559 0.068795
vt 0.545758 0.066260
vt 0.230855 0.275363
vt 0.224219 0.280185
vt 0.285158 0.221059
vt 0.289980 0.214423
vt 0.386704 0.778952
vt 0.381887 0.785588
vt 0.440954 0.724643
vt 0.447584 0.719820
vt 0.613382 0.112260
vt 0.618204 0.118896
vt 0.559081 0.057957
vt 0.552445 0.053136
vt 0.293759 0.229660
vt 0.300395 0.224838
vt 0.239456 0.283964
vt 0.234634 0.290600
vt 0.378112 0.770351
vt 0.371482 0.775174
vt 0.432362 0.716043
vt 0.437179 0.709406
vt 0.567681 0.049356
vt 0.562860 0.042720
vt 0.621983 0.103659
vt 0.628619 0.108481
vt 0.299281 0.240498
vt 0.307083 0.237963
vt 0.250293 0.289486
vt 0.247759 0.297287
vt 0.421535 0.710522
vt 0.424067 0.702720
vt 0.578519 0.043834
vt 0.575984 0.036033
vt 0.372595 0.759514
vt 0.364801 0.762050
vt 0.627505 0.092821
vt 0.635306 0.095356
vt 0.301184 0.252511
vt 0.309387 0.252511
vt 0.262307 0.291388
vt 0.262307 0.299591
vt 0.274321 0.289486
vt 0.276855 0.297287
vt 0.299281 0.264525
vt 0.307083 0.267060
vt 0.590532 0.041931
vt 0.590532 0.033728
vt 0.409533 0.708620
vt 0.409533 0.700417
vt 0.370694 0.747501
vt 0.362500 0.747502
vt 0.629407 0.080807
vt 0.637610 0.080807
vt 0.285158 0.283964
vt 0.289980 0.290600
vt 0.293759 0.275363
vt 0.300395 0.280185
vt 0.397531 0.710524
vt 0.394999 0.702723
vt 0.602545 0.043834
vt 0.605080 0.036032
vt 0.627505 0.068794
vt 0.635306 0.066259
vt 0.372595 0.735487
vt 0.364801 0.732953
vt 0.386704 0.716047
vt 0.381887 0.709411
vt 0.621983 0.057956
vt 0.628619 0.053134
vt 0.378112 0.724649
vt 0.371482 0.719828
vt 0.613382 0.049355
vt 0.618204 0.042719
vt 0.395998 0.221050
vt 0.391176 0.214414
vt 0.387397 0.229651
vt 0.380761 0.224829
vt 0.381875 0.240489
vt 0.374074 0.237954
vt 0.379972 0.252503
vt 0.371770 0.252503
vt 0.619893 0.919168
vt 0.617992 0.907154
vt 0.625786 0.904618
vt 0.628088 0.919167
vt 0.612476 0.896317
vt 0.619105 0.891495
vt 0.603883 0.887717
vt 0.608700 0.881080
vt 0.381875 0.264516
vt 0.374074 0.267051
vt 0.387397 0.275354
vt 0.380761 0.280176
vt 0.395998 0.283955
vt 0.391176 0.290591
vt 0.406835 0.289476
vt 0.404300 0.297278
vt 0.418848 0.291379
vt 0.418848 0.299582
vt 0.430861 0.289476
vt 0.433396 0.297277
vt 0.441698 0.283954
vt 0.446520 0.290590
vt 0.450299 0.275353
vt 0.456935 0.280174
vt 0.549633 0.942026
vt 0.543003 0.946848
vt 0.558225 0.950626
vt 0.553408 0.957262
vt 0.569053 0.956147
vt 0.566520 0.963949
vt 0.581054 0.958048
vt 0.581054 0.966251
vt 0.593056 0.956144
vt 0.595589 0.963946
vt 0.603883 0.950622
vt 0.608700 0.957257
vt 0.612476 0.942020
vt 0.619105 0.946841
vt 0.617992 0.931181
vt 0.625786 0.933716
vt 0.032570 0.080821
vt 0.034472 0.092834
vt 0.026671 0.095369
vt 0.024367 0.080821
vt 0.039995 0.103672
vt 0.033358 0.108494
vt 0.048595 0.112273
vt 0.043774 0.118909
vt 0.059433 0.117795
vt 0.056898 0.125597
vt 0.108420 0.068807
vt 0.116222 0.066272
vt 0.102898 0.057969
vt 0.109535 0.053148
vt 0.094297 0.049368
vt 0.099119 0.042732
vt 0.083460 0.043846
vt 0.085995 0.036045
vt 0.071446 0.041943
vt 0.071446 0.033741
vt 0.059433 0.043846
vt 0.056898 0.036045
vt 0.048595 0.049368
vt 0.043773 0.042732
vt 0.039994 0.057969
vt 0.033358 0.053148
vt 0.034472 0.068807
vt 0.026671 0.066272
vt 0.218324 0.414160
vt 0.210122 0.414160
vt 0.257200 0.453037
vt 0.257202 0.461238
vt 0.448382 0.414183
vt 0.456583 0.414183
vt 0.409507 0.453060
vt 0.409506 0.461262
vt 0.220227 0.426174
vt 0.212427 0.428708
vt 0.245187 0.451134
vt 0.242655 0.458934
vt 0.446477 0.426197
vt 0.454277 0.428732
vt 0.421518 0.451157
vt 0.424051 0.458958
vt 0.225749 0.437012
vt 0.219115 0.441832
vt 0.234350 0.445613
vt 0.229531 0.452247
vt 0.432354 0.445635
vt 0.437174 0.452271
vt 0.440955 0.437034
vt 0.447589 0.441856
vt 0.288655 0.562999
vt 0.280054 0.554398
vt 0.284875 0.547762
vt 0.295291 0.558177
vt 0.116967 0.391309
vt 0.108366 0.382708
vt 0.113188 0.376072
vt 0.123603 0.386488
vt 0.269216 0.548876
vt 0.271750 0.541075
vt 0.097529 0.377186
vt 0.100064 0.369385
vt 0.122489 0.402147
vt 0.130289 0.399612
vt 0.294177 0.573836
vt 0.301978 0.571301
vt 0.810490 0.468920
vt 0.801903 0.477531
vt 0.747006 0.346005
vt 0.796389 0.488374
vt 0.679025 0.454237
vt 0.821311 0.463383
vt 0.762121 0.345980
vt 0.085516 0.375283
vt 0.085515 0.367081
vt 0.257204 0.546973
vt 0.257202 0.538771
vt 0.124392 0.414160
vt 0.132593 0.414159
vt 0.296080 0.585850
vt 0.304283 0.585850
vt 0.833305 0.461461
vt 0.833305 0.345864
vt 0.794490 0.500385
vt 0.679025 0.500574
vt 0.122490 0.426174
vt 0.130290 0.428707
vt 0.294178 0.597864
vt 0.301979 0.600397
vt 0.073503 0.377186
vt 0.070967 0.369386
vt 0.245191 0.548876
vt 0.242655 0.541076
vt 0.796389 0.512390
vt 0.679025 0.546912
vt 0.845300 0.463343
vt 0.904490 0.345747
vt 0.062666 0.382708
vt 0.057844 0.376075
vt 0.234354 0.554398
vt 0.229531 0.547764
vt 0.116969 0.437012
vt 0.123604 0.441830
vt 0.288657 0.608701
vt 0.295293 0.613521
vt 0.801903 0.523215
vt 0.679025 0.571699
vt 0.856121 0.468845
vt 0.919864 0.345722
vt 0.054066 0.391309
vt 0.047430 0.386491
vt 0.225754 0.562999
vt 0.219117 0.558179
vt 0.280056 0.617302
vt 0.284879 0.623936
vt 0.108369 0.445613
vt 0.113191 0.452246
vt 0.810490 0.531798
vt 0.679025 0.588464
vt 0.864708 0.477428
vt 0.987585 0.430203
vt 0.048545 0.402147
vt 0.040745 0.399614
vt 0.220232 0.573836
vt 0.212431 0.571303
vt 0.269219 0.622824
vt 0.271756 0.630624
vt 0.097532 0.451135
vt 0.100068 0.458935
vt 0.870221 0.488253
vt 0.987585 0.453731
vt 0.821311 0.537300
vt 0.787021 0.654855
vt 0.046643 0.414160
vt 0.038441 0.414161
vt 0.218330 0.585850
vt 0.210127 0.585851
vt 0.085519 0.453037
vt 0.085520 0.461240
vt 0.257207 0.624727
vt 0.257208 0.632929
vt 0.872121 0.500258
vt 0.987585 0.500069
vt 0.833305 0.539182
vt 0.833305 0.654779
vt 0.048546 0.426174
vt 0.040745 0.428709
vt 0.073506 0.451135
vt 0.070971 0.458936
vt 0.220233 0.597864
vt 0.212432 0.600399
vt 0.245194 0.622824
vt 0.242660 0.630625
vt 0.870221 0.512269
vt 0.987585 0.546406
vt 0.845300 0.537260
vt 0.062669 0.445613
vt 0.057847 0.452248
vt 0.054068 0.437012
vt 0.047432 0.441833
vt 0.234356 0.617302
vt 0.229535 0.623938
vt 0.225755 0.608701
vt 0.219119 0.613523
vt 0.864708 0.523112
vt 0.987585 0.573038
vt 0.856121 0.531723
vt 0.987585 0.585766
vt 0.116974 0.562999
vt 0.108373 0.554398
vt 0.113194 0.547762
vt 0.123610 0.558177
vt 0.558296 0.554418
vt 0.549696 0.563019
vt 0.543062 0.558197
vt 0.553477 0.547782
vt 0.097536 0.548876
vt 0.100070 0.541075
vt 0.122496 0.573836
vt 0.130297 0.571301
vt 0.569133 0.548896
vt 0.566600 0.541095
vt 0.544173 0.573856
vt 0.536374 0.571321
vt 0.085523 0.546973
vt 0.085521 0.538771
vt 0.124399 0.585850
vt 0.132601 0.585849
vt 0.581144 0.546993
vt 0.581145 0.538791
vt 0.542269 0.585869
vt 0.534068 0.585869
vt 0.122497 0.597864
vt 0.130297 0.600396
vt 0.073510 0.548876
vt 0.070973 0.541077
vt 0.593154 0.548896
vt 0.595690 0.541095
vt 0.544170 0.597883
vt 0.536369 0.600418
vt 0.062673 0.554398
vt 0.057851 0.547765
vt 0.116976 0.608701
vt 0.123611 0.613520
vt 0.603989 0.554418
vt 0.608810 0.547782
vt 0.549689 0.608720
vt 0.543053 0.613542
vt 0.054073 0.562999
vt 0.047437 0.558181
vt 0.108375 0.617302
vt 0.113198 0.623935
vt 0.612586 0.563019
vt 0.619222 0.558197
vt 0.558286 0.617321
vt 0.553464 0.623957
vt 0.048551 0.573836
vt 0.040751 0.571304
vt 0.097538 0.622824
vt 0.100075 0.630623
vt 0.618105 0.573856
vt 0.625906 0.571321
vt 0.569121 0.622842
vt 0.566585 0.630644
vt 0.046649 0.585850
vt 0.038448 0.585851
vt 0.085526 0.624727
vt 0.085527 0.632929
vt 0.620006 0.585869
vt 0.628207 0.585869
vt 0.581131 0.624745
vt 0.581130 0.632948
vt 0.048552 0.597864
vt 0.040752 0.600399
vt 0.073513 0.622824
vt 0.070979 0.630626
vt 0.618101 0.597883
vt 0.625901 0.600418
vt 0.593142 0.622842
vt 0.595676 0.630644
vt 0.062675 0.617302
vt 0.057854 0.623939
vt 0.054074 0.608701
vt 0.047438 0.613523
vt 0.603979 0.617321
vt 0.608798 0.623957
vt 0.612579 0.608720
vt 0.619213 0.613542
vt 0.262307 0.166666
vt 0.247758 0.166666
vt 0.276855 0.166666
vt 0.166642 0.166666
vt 0.152093 0.166666
vt 0.181190 0.166666
vt 0.071447 0.166666
vt 0.056898 0.166666
vt 0.085995 0.166666
vt 0.099119 0.166666
vt 0.109535 0.166666
vt 0.138969 0.166666
vt 0.128554 0.166666
vt 0.194315 0.166666
vt 0.204730 0.166666
vt 0.224218 0.166666
vt 0.234634 0.166666
vt 0.289979 0.166666
vt 0.300395 0.166666
vt 0.043774 0.166666
vt 0.033358 0.166666
vt 0.307082 0.166666
vt 0.026671 0.166666
vt 0.666635 0.057470
vt 0.654451 0.057461
vt 0.321164 0.275858
vt 0.333323 0.275855
vt 0.321164 0.080821
vt 0.333323 0.080817
vt 0.333323 0.092831
vt 0.321164 0.092834
vt 0.666635 0.252507
vt 0.654451 0.252498
vt 0.654451 0.240484
vt 0.666635 0.240494
vt 0.666635 0.267056
vt 0.654451 0.267046
vt 0.321164 0.066272
vt 0.333323 0.066269
vt 0.333323 0.165395
vt 0.321164 0.165399
vt 0.654451 0.167920
vt 0.666635 0.167930
vt 0.321164 0.237963
vt 0.333323 0.237959
vt 0.333323 0.252508
vt 0.321164 0.252511
vt 0.666635 0.095366
vt 0.654451 0.095356
vt 0.654451 0.080807
vt 0.666635 0.080817
vt 0.333323 0.264522
vt 0.321164 0.264525
vt 0.654451 0.068794
vt 0.666635 0.068803
vt 0.000001 0.277883
vt 0.012120 0.277886
vt 0.345610 0.388810
vt 0.333366 0.388772
vt 0.000000 0.066269
vt 0.012119 0.066272
vt 0.012119 0.080821
vt 0.000000 0.080817
vt 0.345576 0.600418
vt 0.333332 0.600380
vt 0.333335 0.585831
vt 0.345578 0.585869
vt 0.333337 0.571283
vt 0.345581 0.571321
vt 0.012119 0.095369
vt 0.000000 0.095366
vt 0.333349 0.498721
vt 0.345592 0.498759
vt 0.012120 0.167933
vt 0.000000 0.167930
vt 0.000001 0.240495
vt 0.012120 0.240498
vt 0.012120 0.252511
vt 0.000001 0.252508
vt 0.345604 0.426197
vt 0.333360 0.426159
vt 0.333362 0.414145
vt 0.345606 0.414183
vt 0.333365 0.399597
vt 0.345608 0.399635
vt 0.012120 0.267060
vt 0.000001 0.267057
vt 0.059601 0.000000
vt 0.059581 0.012143
vt 0.321124 0.607066
vt 0.333317 0.607048
vt 0.086015 0.000000
vt 0.085995 0.012143
vt 0.071446 0.012143
vt 0.071466 0.000000
vt 0.321123 0.580652
vt 0.333315 0.580634
vt 0.333316 0.595182
vt 0.321124 0.595201
vt 0.152113 0.000000
vt 0.152093 0.012143
vt 0.321121 0.527986
vt 0.333313 0.514535
vt 0.166661 0.000000
vt 0.166641 0.012143
vt 0.321120 0.500005
vt 0.333312 0.499987
vt 0.181210 0.000000
vt 0.181190 0.012143
vt 0.321119 0.472024
vt 0.333312 0.485438
vt 0.247778 0.000000
vt 0.247758 0.012143
vt 0.321117 0.418889
vt 0.333309 0.418870
vt 0.262326 0.000000
vt 0.262306 0.012143
vt 0.321116 0.404340
vt 0.333309 0.404322
vt 0.333324 0.940400
vt 0.345674 0.940410
vt 0.059582 0.321189
vt 0.059602 0.333325
vt 0.262307 0.321189
vt 0.262327 0.333325
vt 0.247779 0.333325
vt 0.247759 0.321189
vt 0.333324 0.737673
vt 0.345674 0.737683
vt 0.345674 0.752232
vt 0.333324 0.752222
vt 0.181211 0.333325
vt 0.181191 0.321189
vt 0.345674 0.818800
vt 0.333324 0.818790
vt 0.345674 0.833348
vt 0.333324 0.833339
vt 0.166662 0.333325
vt 0.166642 0.321189
vt 0.152114 0.333325
vt 0.152094 0.321189
vt 0.345674 0.847897
vt 0.333324 0.847887
vt 0.086016 0.333325
vt 0.085996 0.321189
vt 0.345674 0.913996
vt 0.333324 0.913986
vt 0.071467 0.333325
vt 0.071447 0.321189
vt 0.345674 0.928544
vt 0.333324 0.928535
vt 0.504690 0.252500
vt 0.504690 0.267049
vt 0.504690 0.237952
vt 0.590532 0.166653
vt 0.605080 0.166653
vt 0.575984 0.166654
vt 0.504690 0.080810
vt 0.504690 0.095358
vt 0.504690 0.066261
vt 0.418848 0.166657
vt 0.433396 0.166656
vt 0.404300 0.166657
vt 0.504690 0.290589
vt 0.504690 0.280173
vt 0.391176 0.166657
vt 0.380761 0.166657
vt 0.374074 0.166657
vt 0.504690 0.297276
vt 0.628619 0.166653
vt 0.635306 0.166653
vt 0.618204 0.166653
vt 0.504690 0.042721
vt 0.504690 0.053137
vt 0.504690 0.036034
vt 0.392487 0.666671
vt 0.392710 0.678821
vt 0.607370 0.012130
vt 0.607416 0.000001
vt 0.495070 0.666661
vt 0.495294 0.678811
vt 0.424067 0.678818
vt 0.423844 0.666668
vt 0.504690 0.012132
vt 0.504735 0.000003
vt 0.576029 0.000001
vt 0.575984 0.012131
vt 0.566296 0.666655
vt 0.566520 0.678804
vt 0.433396 0.012133
vt 0.433442 0.000004
vt 0.607416 0.333326
vt 0.607370 0.321176
vt 0.274034 0.345483
vt 0.274087 0.333325
vt 0.171355 0.345483
vt 0.171409 0.333325
vt 0.242701 0.333325
vt 0.242648 0.345483
vt 0.504735 0.333327
vt 0.504690 0.321178
vt 0.575984 0.321177
vt 0.576029 0.333326
vt 0.433442 0.333329
vt 0.433396 0.321179
vt 0.100063 0.345483
vt 0.100116 0.333325
vt 0.258394 0.333325
vt 0.258341 0.345483
vt 0.591677 0.321177
vt 0.591723 0.333326
vt 0.591723 0.000001
vt 0.591677 0.012130
vt 0.408389 0.678819
vt 0.408165 0.666669
vt 0.579481 0.666653
vt 0.579704 0.678803
vt 0.420199 0.012133
vt 0.420245 0.000004
vt 0.407002 0.012134
vt 0.407048 0.000005
vt 0.592665 0.666652
vt 0.592889 0.678802
vt 0.420245 0.333329
vt 0.420199 0.321180
vt 0.086866 0.345483
vt 0.086919 0.333325
vt 0.073669 0.345483
vt 0.073722 0.333325
vt 0.407048 0.333329
vt 0.407002 0.321180
vt 0.734240 0.333745
vt 0.734522 0.346026
vt 0.345417 0.067719
vt 0.333324 0.067729
vt 0.904208 0.333467
vt 0.833023 0.333583
vt 0.345417 0.237954
vt 0.333324 0.237965
vt 0.333324 0.166668
vt 0.345417 0.166658
vt 0.333324 0.095372
vt 0.345417 0.095361
vt 0.761839 0.333700
vt 0.919582 0.333441
vt 0.345417 0.253353
vt 0.333324 0.253364
vt 0.333324 0.080233
vt 0.345417 0.080223
vt 0.746724 0.333725
vt 0.666623 0.602352
vt 0.679025 0.602479
vt 0.654416 0.935267
vt 0.666320 0.935255
vt 0.000010 0.597719
vt 0.012095 0.597738
vt 0.987585 0.597760
vt 0.999424 0.597594
vt 0.666606 0.453632
vt 0.654576 0.453670
vt 0.786739 0.666843
vt 0.000004 0.453630
vt 0.012089 0.453648
vt 0.012091 0.500005
vt 0.000006 0.499987
vt 0.999424 0.453565
vt 0.999424 0.499902
vt 0.999424 0.546240
vt 0.012093 0.546362
vt 0.000008 0.546344
vt 0.654569 0.500026
vt 0.666598 0.499988
vt 0.833023 0.666767
vt 0.654416 0.833319
vt 0.666320 0.833307
vt 0.666320 0.879664
vt 0.654416 0.879676
vt 0.666623 0.500448
vt 0.666623 0.546785
vt 0.666623 0.454110
vt 0.654416 0.786962
vt 0.666320 0.786950
vt 0.171364 0.585850
vt 0.171364 0.571302
vt 0.171364 0.600397
vt 0.257202 0.499413
vt 0.242655 0.499378
vt 0.271750 0.499378
vt 0.171358 0.414160
vt 0.171357 0.399612
vt 0.171359 0.428707
vt 0.085520 0.499414
vt 0.070972 0.499379
vt 0.100069 0.499378
vt 0.113193 0.499275
vt 0.171364 0.558178
vt 0.229531 0.499276
vt 0.171360 0.441831
vt 0.171363 0.547763
vt 0.171361 0.452247
vt 0.171362 0.499276
vt 0.171365 0.613521
vt 0.171366 0.623937
vt 0.171357 0.386488
vt 0.171356 0.376072
vt 0.295289 0.499117
vt 0.284873 0.499276
vt 0.057849 0.499278
vt 0.047434 0.499118
vt 0.171356 0.369386
vt 0.171367 0.630624
vt 0.608183 0.666646
vt 0.608292 0.654545
vt 0.058357 0.654528
vt 0.058411 0.666648
vt 0.242660 0.654528
vt 0.242715 0.666648
vt 0.171421 0.666648
vt 0.171367 0.654528
vt 0.423911 0.666646
vt 0.424020 0.654545
vt 0.495301 0.654545
vt 0.495192 0.666646
vt 0.566582 0.654545
vt 0.566473 0.666646
vt 0.100128 0.666648
vt 0.100074 0.654528
vt 0.086616 0.666648
vt 0.086562 0.654528
vt 0.580091 0.654545
vt 0.579982 0.666646
vt 0.073559 0.666648
vt 0.073505 0.654528
vt 0.593147 0.654545
vt 0.593037 0.666646
vt 0.000003 0.430092
vt 0.012088 0.430111
vt 0.999424 0.430037
vt 0.000003 0.416832
vt 0.012087 0.416850
vt 0.987585 0.416948
vt 0.999424 0.416782
vt 0.999424 0.572871
vt 0.012094 0.573005
vt 0.000009 0.572987
vt 0.012094 0.585739
vt 0.000009 0.585720
vt 0.999424 0.585600
vt 0.406576 0.666646
vt 0.406685 0.654545
vt 0.259998 0.654528
vt 0.260052 0.666648
vt 0.666320 0.904462
vt 0.654416 0.904474
vt 0.666623 0.571572
vt 0.654416 0.921246
vt 0.666320 0.921234
vt 0.666623 0.588337
vt 0.617438 0.999974
vt 0.617662 0.987846
vt 0.617812 0.345507
vt 0.617707 0.333330
vt 0.601162 0.999976
vt 0.601386 0.987847
vt 0.601523 0.345507
vt 0.601418 0.333330
vt 0.583286 0.999978
vt 0.583510 0.987849
vt 0.583633 0.345507
vt 0.583528 0.333330
vt 0.566258 0.999979
vt 0.566481 0.987851
vt 0.566592 0.345507
vt 0.566487 0.333330
vt 0.552217 0.999980
vt 0.552440 0.987852
vt 0.552541 0.345507
vt 0.552435 0.333330
vt 0.540976 0.999982
vt 0.541200 0.987853
vt 0.541291 0.345507
vt 0.541186 0.333330
vt 0.531572 0.999982
vt 0.531795 0.987854
vt 0.531879 0.345507
vt 0.531774 0.333330
vt 0.487362 0.345507
vt 0.487257 0.333330
vt 0.487088 0.999987
vt 0.487311 0.987858
vt 0.472359 0.999988
vt 0.472582 0.987860
vt 0.472621 0.345507
vt 0.472516 0.333330
vt 0.459971 0.999989
vt 0.460194 0.987861
vt 0.460224 0.345507
vt 0.460119 0.333330
vt 0.438803 0.999991
vt 0.439027 0.987863
vt 0.439041 0.345507
vt 0.438935 0.333330
vt 0.394839 0.999995
vt 0.395062 0.987867
vt 0.409080 0.987866
vt 0.408856 0.999994
vt 0.395042 0.345507
vt 0.394937 0.333330
vt 0.408965 0.333330
vt 0.409070 0.345507
vt 0.423478 0.333330
vt 0.423583 0.345507
vt 0.423581 0.987864
vt 0.423358 0.999993
vt 0.493028 0.600418
vt 0.491250 0.585869
vt 0.498193 0.613019
vt 0.397357 0.600418
vt 0.399170 0.611867
vt 0.396734 0.585869
vt 0.408310 0.600418
vt 0.410506 0.611999
vt 0.407555 0.585869
vt 0.423001 0.600418
vt 0.425712 0.612176
vt 0.422069 0.585869
s 1
usemtl Material.001
f 12/1/1 13/2/2 2384/3/3 2385/4/3
f 16/5/4 17/6/5 2529/7/6 2530/8/6
f 20/9/7 12/1/1 2386/10/8 2387/11/8
f 23/12/9 24/13/10 2526/14/11 2527/15/11
f 26/16/12 27/17/13 2268/18/14 2269/19/14
f 30/20/15 31/21/16 2277/22/17 2278/23/17
f 100/24/18 23/25/19 99/26/20 29/27/21
f 102/28/22 30/29/23 101/30/24 22/31/25
f 104/32/26 17/33/27 103/34/28 14/35/29
f 100/36/30 29/37/31 28/38/32 116/39/33
f 103/40/34 17/6/5 16/5/4 118/41/35
f 15/42/36 14/43/37 103/44/38 118/45/39
f 24/13/10 23/12/9 100/46/40 116/47/41
f 31/21/16 30/20/15 102/48/42 117/49/43
f 102/50/44 22/51/45 21/52/46 117/53/47
f 263/54/48 264/55/49 262/56/50 267/57/51
f 262/58/52 265/59/53 266/60/54 267/61/55
f 268/62/56 265/63/57 262/64/58 264/65/59
f 15/42/36 118/45/39 2390/66/60 2391/67/60
f 118/41/35 16/5/4 2389/68/61 2390/69/61
f 117/53/47 21/52/46 2274/70/62 2275/71/62
f 265/63/57 268/62/56 2259/72/63 2260/73/63
f 31/21/16 117/49/43 2275/74/64 2276/75/64
f 266/60/54 265/59/53 2260/76/65 2261/77/65
f 17/33/27 104/32/26 2086/78/66 2529/79/66
f 13/80/67 366/81/68 2383/82/69 2384/83/69
f 99/26/20 23/25/19 2527/84/70 2528/85/70
f 368/86/71 26/87/72 2269/88/73 2270/89/73
f 101/30/24 30/29/23 2278/90/74 2279/91/74
f 370/92/75 20/93/76 2387/94/77 2388/95/77
f 383/96/78 13/2/2 12/1/1 20/9/7
f 384/97/79 25/98/80 19/99/81 18/100/82
f 385/101/83 32/102/84 27/17/13 26/16/12
f 384/103/85 18/104/86 365/105/87 396/106/88
f 366/81/68 13/80/67 383/107/89 397/108/90
f 367/109/91 25/110/92 384/111/93 396/112/94
f 383/113/95 20/93/76 370/92/75 397/114/96
f 369/115/97 32/116/98 385/117/99 398/118/100
f 385/119/101 26/87/72 368/86/71 398/120/102
f 462/121/103 463/122/104 461/123/105 467/124/106
f 461/125/107 464/126/108 465/127/109 467/128/110
f 461/129/111 463/130/112 466/131/113 464/132/114
f 465/127/109 464/126/108 2408/133/115 2131/134/115
f 366/81/68 397/108/90 2455/135/116 2456/136/116
f 464/132/114 466/131/113 2407/137/117 2408/138/117
f 398/120/102 368/86/71 2477/139/118 2478/140/118
f 397/114/96 370/92/75 2454/141/119 2455/142/119
f 369/115/97 398/118/100 2478/143/120 2479/144/120
f 506/145/121 505/146/122 508/147/123 507/148/124
f 505/149/125 504/150/126 509/151/127 508/152/128
f 548/153/129 547/154/130 550/155/131 549/156/132
f 547/157/133 546/158/134 551/159/135 550/160/136
f 554/161/137 553/162/138 556/163/139 555/164/140
f 553/165/141 552/166/142 557/167/143 556/168/144
f 572/169/145 571/170/146 574/171/147 573/172/148
f 571/173/149 570/174/150 575/175/151 574/176/152
f 578/177/153 577/178/154 580/179/155 579/180/156
f 577/181/157 576/182/158 581/183/159 580/184/160
f 614/185/161 613/186/162 1357/187/163 1356/188/164
f 613/189/165 612/190/166 1358/191/167 1357/192/168
f 626/193/169 625/194/170 1351/195/171 1350/196/172
f 625/197/173 624/198/174 1352/199/175 1351/200/176
f 1346/201/177 1345/202/178 1363/203/179 1362/204/180
f 1345/205/181 1344/206/182 1364/207/183 1363/208/184
f 498/209/185 1/210/186 501/211/187
f 504/150/126 1/210/186 509/151/127
f 2/212/188 3/213/189 510/214/190 513/215/191
f 4/216/192 5/217/193 516/218/194 519/219/195
f 522/220/196 6/221/197 525/222/198
f 525/222/198 6/221/197 528/223/199
f 531/224/200 6/221/197 522/220/196
f 501/211/187 1/210/186 534/225/201
f 537/226/202 1/210/186 504/150/126
f 540/227/203 7/228/204 543/229/205
f 8/230/206 9/231/207 548/153/129 549/156/132
f 10/232/208 11/233/209 554/161/137 555/164/140
f 543/229/205 7/228/204 558/234/210
f 561/235/211 7/228/204 540/227/203
f 564/236/212 6/221/197 531/224/200
f 528/223/199 6/221/197 567/237/213
f 33/238/214 2/212/188 513/215/191 500/239/215
f 5/217/193 34/240/216 507/148/124 516/218/194
f 35/241/217 36/242/218 572/169/145 573/172/148
f 37/243/219 38/244/220 578/177/153 579/180/156
f 558/234/210 7/228/204 582/245/221
f 585/246/222 7/228/204 561/235/211
f 39/247/223 40/248/204 588/249/224 591/250/225
f 41/251/197 42/252/226 594/253/227 597/254/228
f 534/225/201 1/210/186 600/255/180
f 603/256/229 1/210/186 537/226/202
f 551/159/135 6/221/197 564/236/212
f 567/237/213 6/221/197 552/166/142
f 43/257/230 44/258/204 606/259/231 609/260/232
f 45/261/197 46/262/233 612/190/166 615/263/234
f 47/264/235 48/265/236 618/266/237 621/267/238
f 49/268/236 50/269/239 624/198/174 627/270/240
f 582/245/221 7/228/204 570/174/150
f 581/183/159 7/228/204 585/246/222
f 546/158/134 6/221/197 551/159/135
f 552/166/142 6/221/197 557/167/143
f 630/271/241 1/210/186 603/256/229
f 600/255/180 1/210/186 633/272/177
f 51/273/242 39/247/223 591/250/225 636/274/243
f 42/252/226 52/275/244 639/276/245 594/253/227
f 570/174/150 7/228/204 575/175/151
f 576/182/158 7/228/204 581/183/159
f 53/277/246 33/238/214 500/239/215 503/278/247
f 34/240/216 54/279/248 506/145/121 507/148/124
f 52/280/244 51/273/242 636/274/243 639/281/245
f 642/282/249 1/210/186 630/271/241
f 633/272/177 1/210/186 645/283/250
f 9/284/207 55/285/251 650/286/252 548/287/129
f 56/288/253 10/289/208 555/290/140 651/291/254
f 648/292/255 6/221/197 546/158/134
f 557/167/143 6/221/197 653/293/256
f 57/294/257 35/295/217 573/296/148 654/297/258
f 38/298/220 58/299/259 659/300/260 578/301/153
f 59/302/261 45/261/197 615/263/234 660/303/262
f 44/258/204 60/304/263 663/305/264 606/259/231
f 61/306/265 49/268/236 627/270/240 666/307/266
f 48/265/236 62/308/267 669/309/268 618/266/237
f 575/175/151 7/228/204 656/310/269
f 657/311/270 7/228/204 576/182/158
f 645/283/250 1/210/186 672/312/271
f 675/313/272 1/210/186 642/282/249
f 678/314/273 6/221/197 648/292/255
f 653/293/256 6/221/197 681/315/274
f 672/312/271 1/210/186 684/316/275
f 687/317/276 1/210/186 675/313/272
f 684/316/275 1/210/186 687/317/276
f 656/310/269 7/228/204 690/318/277
f 693/319/278 7/228/204 657/311/270
f 63/320/279 61/306/265 666/307/266 696/321/280
f 64/322/281 59/302/261 660/303/262 699/323/282
f 62/308/267 65/324/283 702/325/284 669/309/268
f 60/304/263 66/326/285 705/327/286 663/305/264
f 708/328/287 6/221/197 678/314/273
f 681/315/274 6/221/197 711/329/288
f 67/330/289 53/277/246 503/278/247 536/331/290
f 54/279/248 68/332/291 539/333/292 506/145/121
f 65/334/283 64/322/281 699/323/282 702/335/284
f 66/326/285 63/336/279 696/337/280 705/327/286
f 690/318/277 7/228/204 714/338/293
f 717/339/294 7/228/204 693/319/278
f 720/340/295 69/341/186 723/342/296
f 726/343/297 70/344/186 729/345/296
f 55/285/251 71/346/239 680/347/298 650/286/252
f 72/348/230 56/288/253 651/291/254 683/349/299
f 723/342/296 69/341/186 732/350/300
f 729/345/296 70/344/186 735/351/300
f 738/352/301 69/341/186 720/340/295
f 741/353/301 70/344/186 726/343/297
f 744/354/302 6/221/197 708/328/287
f 711/329/288 6/221/197 747/355/303
f 73/356/304 57/294/257 654/297/258 692/357/305
f 58/299/259 74/358/306 695/359/307 659/300/260
f 714/338/293 7/228/204 750/360/308
f 753/361/309 7/228/204 717/339/294
f 732/350/300 69/341/186 756/362/185
f 735/351/300 70/344/186 759/363/185
f 762/364/127 69/341/186 738/352/301
f 765/365/127 70/344/186 741/353/301
f 768/366/310 6/221/197 744/354/302
f 747/355/303 6/221/197 771/367/311
f 771/367/311 6/221/197 768/366/310
f 750/360/308 7/228/204 774/368/312
f 777/369/313 7/228/204 753/361/309
f 774/368/312 7/228/204 777/369/313
f 756/362/185 69/341/186 780/370/314
f 759/363/185 70/344/186 783/371/187
f 786/372/315 69/341/186 762/364/127
f 789/373/126 70/344/186 765/365/127
f 75/374/316 67/375/289 536/376/290 602/377/183
f 68/378/291 76/379/317 605/380/318 539/381/292
f 780/370/314 69/341/186 792/382/201
f 783/371/187 70/344/186 795/383/201
f 798/384/202 70/344/186 789/373/126
f 801/385/202 69/341/186 786/372/315
f 804/386/319 77/387/214 807/388/320
f 810/389/319 78/390/214 813/391/320
f 816/392/319 79/393/214 819/394/320
f 822/395/321 80/396/216 825/397/322
f 807/388/320 77/387/214 828/398/323
f 831/399/324 77/387/214 804/386/319
f 813/391/320 78/390/214 834/400/325
f 837/401/324 78/390/214 810/389/319
f 819/394/320 79/393/214 840/402/325
f 843/403/324 79/393/214 816/392/319
f 825/397/322 80/396/216 846/404/326
f 849/405/327 80/396/216 822/395/321
f 81/406/204 72/348/230 683/349/299 713/407/328
f 71/346/239 82/408/236 710/409/329 680/347/298
f 828/398/323 77/387/214 852/410/330
f 855/411/331 77/387/214 831/399/324
f 858/412/331 78/390/214 837/401/324
f 834/400/325 78/390/214 861/413/330
f 840/402/325 79/393/214 864/414/330
f 867/415/331 79/393/214 843/403/324
f 846/404/326 80/396/216 870/416/332
f 873/417/333 80/396/216 849/405/327
f 74/358/306 83/418/334 719/419/335 695/359/307
f 84/420/336 73/356/304 692/357/305 716/421/337
f 876/422/229 70/344/186 798/384/202
f 879/423/338 69/341/186 801/385/202
f 792/382/201 69/341/186 882/424/180
f 795/383/201 70/344/186 885/425/180
f 852/410/330 77/387/214 888/426/339
f 891/427/340 77/387/214 855/411/331
f 861/413/330 78/390/214 894/428/339
f 897/429/340 78/390/214 858/412/331
f 864/414/330 79/393/214 900/430/339
f 903/431/341 80/396/216 873/417/333
f 906/432/340 79/393/214 867/415/331
f 870/416/332 80/396/216 909/433/342
f 912/434/241 70/344/186 876/422/229
f 915/435/241 69/341/186 879/423/338
f 882/424/180 69/341/186 918/436/177
f 885/425/180 70/344/186 921/437/177
f 82/408/236 85/438/265 746/439/343 710/409/329
f 86/440/263 81/406/204 713/407/328 749/441/344
f 924/442/345 80/396/216 903/431/341
f 927/443/346 77/387/214 891/427/340
f 888/426/339 77/387/214 930/444/347
f 894/428/339 78/390/214 933/445/347
f 900/430/339 79/393/214 936/446/347
f 939/447/346 78/390/214 897/429/340
f 942/448/346 79/393/214 906/432/340
f 909/433/342 80/396/216 945/449/348
f 76/379/317 87/450/349 632/451/350 605/380/318
f 88/452/351 75/374/316 602/377/183 635/453/182
f 89/454/352 84/420/336 716/421/337 752/455/353
f 83/418/334 90/456/354 755/457/355 719/419/335
f 948/458/249 70/344/186 912/434/241
f 951/459/249 69/341/186 915/435/241
f 921/437/177 70/344/186 954/460/250
f 918/436/177 69/341/186 957/461/250
f 960/462/356 77/387/214 927/443/346
f 963/463/356 78/390/214 939/447/346
f 966/464/356 79/393/214 942/448/346
f 930/444/347 77/387/214 969/465/172
f 933/445/347 78/390/214 972/466/172
f 936/446/347 79/393/214 975/467/172
f 978/468/357 80/396/216 924/442/345
f 945/449/348 80/396/216 981/469/164
f 85/438/265 91/470/279 770/471/358 746/439/343
f 92/472/285 86/440/263 749/441/344 773/473/359
f 954/460/250 70/344/186 984/474/271
f 957/461/250 69/341/186 987/475/271
f 990/476/272 69/341/186 951/459/249
f 993/477/272 70/344/186 948/458/249
f 93/478/360 89/454/352 752/455/353 776/479/361
f 90/456/354 94/480/362 779/481/363 755/457/355
f 91/482/279 92/472/285 773/473/359 770/483/358
f 984/474/271 70/344/186 996/484/275
f 987/475/271 69/341/186 999/485/275
f 1002/486/276 70/344/186 993/477/272
f 1005/487/276 69/341/186 990/476/272
f 996/484/275 70/344/186 1002/486/276
f 999/485/275 69/341/186 1005/487/276
f 1008/488/364 77/387/214 960/462/356
f 1011/489/364 78/390/214 963/463/356
f 1014/490/364 79/393/214 966/464/356
f 981/469/164 80/396/216 1017/491/161
f 975/467/172 79/393/214 1020/492/365
f 969/465/172 77/387/214 1023/493/365
f 1026/494/366 80/396/216 978/468/357
f 972/466/172 78/390/214 1029/495/365
f 94/480/362 93/496/360 776/497/361 779/481/363
f 95/498/189 96/499/192 722/500/195 725/501/190
f 97/502/189 98/503/192 728/504/195 731/505/190
f 87/450/349 105/506/197 644/507/228 632/451/350
f 106/508/204 88/452/351 635/453/182 647/509/224
f 1032/510/367 77/387/214 1008/488/364
f 1035/511/368 78/390/214 1011/489/364
f 1038/512/367 79/393/214 1014/490/364
f 1017/491/161 80/396/216 1041/513/369
f 1020/492/365 79/393/214 1044/514/370
f 1047/515/371 80/396/216 1026/494/366
f 1023/493/365 77/387/214 1050/516/370
f 1029/495/365 78/390/214 1053/517/370
f 107/518/188 95/519/189 725/520/190 734/521/191
f 108/522/188 97/523/189 731/524/190 737/525/191
f 98/503/192 109/526/193 743/527/194 728/504/195
f 96/499/192 110/528/193 740/529/194 722/500/195
f 1056/530/295 111/531/186 1059/532/296
f 1059/532/296 111/531/186 1062/533/372
f 1065/534/301 111/531/186 1056/530/295
f 1068/535/373 77/387/214 1032/510/367
f 1071/536/374 78/390/214 1035/511/368
f 1041/513/369 80/396/216 1074/537/375
f 1050/516/370 77/387/214 1077/538/376
f 1080/539/374 79/393/214 1038/512/367
f 1053/517/370 78/390/214 1083/540/377
f 1044/514/370 79/393/214 1086/541/377
f 1089/542/378 80/396/216 1047/515/371
f 1062/533/372 111/531/186 1092/543/185
f 1095/544/127 111/531/186 1065/534/301
f 1077/538/376 77/387/214 1098/545/379
f 1083/540/377 78/390/214 1101/546/379
f 1074/537/375 80/396/216 1104/547/380
f 1107/548/381 80/396/216 1089/542/378
f 1086/541/377 79/393/214 1110/549/379
f 1113/550/382 79/393/214 1080/539/374
f 1116/551/382 77/387/214 1068/535/373
f 1119/552/382 78/390/214 1071/536/374
f 1104/547/380 80/396/216 1107/548/381
f 1098/545/379 77/387/214 1116/551/382
f 1101/546/379 78/390/214 1119/552/382
f 1110/549/379 79/393/214 1113/550/382
f 112/553/214 108/522/188 737/525/191 761/554/215
f 113/555/214 107/518/188 734/521/191 758/556/215
f 110/528/193 114/557/216 764/558/124 740/529/194
f 109/526/193 115/559/216 767/560/124 743/527/194
f 1092/543/185 111/531/186 1122/561/187
f 1125/562/315 111/531/186 1095/544/127
f 119/563/223 106/508/204 647/509/224 674/564/225
f 105/506/197 120/565/226 677/566/227 644/507/228
f 121/567/383 122/568/384 806/569/385 809/570/386
f 123/571/383 124/572/384 812/573/385 815/574/386
f 125/575/383 126/576/384 818/577/385 821/578/386
f 127/579/387 128/580/388 824/581/389 827/582/390
f 1122/561/187 111/531/186 1128/583/201
f 1131/584/202 111/531/186 1125/562/315
f 122/585/384 129/586/391 833/587/392 806/588/385
f 130/589/393 121/567/383 809/570/386 830/590/394
f 124/591/384 131/592/391 839/593/392 812/594/385
f 132/595/393 123/571/383 815/574/386 836/596/394
f 133/597/393 125/575/383 821/578/386 842/598/394
f 126/599/384 134/600/391 845/601/392 818/602/385
f 135/603/395 127/604/387 827/605/390 848/606/396
f 128/580/388 136/607/397 851/608/398 824/581/389
f 137/609/242 119/563/223 674/564/225 686/610/243
f 120/565/226 138/611/244 689/612/245 677/566/227
f 139/613/246 113/555/214 758/556/215 782/614/247
f 140/615/246 112/553/214 761/554/215 785/616/247
f 114/557/216 141/617/248 788/618/121 764/558/124
f 115/559/216 142/619/248 791/620/121 767/560/124
f 138/621/244 137/609/242 686/610/243 689/622/245
f 1134/623/229 111/531/186 1131/584/202
f 1128/583/201 111/531/186 1137/624/180
f 143/625/216 130/589/393 830/590/394 854/626/399
f 129/586/391 144/627/186 857/628/400 833/587/392
f 145/629/216 132/595/393 836/596/394 863/630/399
f 131/592/391 146/631/186 860/632/400 839/593/392
f 147/633/216 133/597/393 842/598/394 866/634/399
f 134/600/391 148/635/186 869/636/400 845/601/392
f 149/637/186 135/603/395 848/606/396 872/638/401
f 136/607/397 150/639/214 875/640/402 851/608/398
f 1140/641/241 111/531/186 1134/623/229
f 1137/624/180 111/531/186 1143/642/177
f 1146/643/249 111/531/186 1140/641/241
f 1143/642/177 111/531/186 1149/644/250
f 151/645/206 143/625/216 854/626/399 890/646/403
f 152/647/206 147/633/216 866/634/399 902/648/403
f 150/639/214 153/649/404 905/650/405 875/640/402
f 154/651/206 145/629/216 863/630/399 896/652/403
f 148/635/186 155/653/209 908/654/406 869/636/400
f 156/655/407 149/637/186 872/638/401 911/656/408
f 144/627/186 157/657/209 893/658/406 857/628/400
f 146/631/186 158/659/209 899/660/406 860/632/400
f 159/661/289 139/613/246 782/614/247 794/662/290
f 160/663/289 140/615/246 785/616/247 797/664/290
f 142/619/248 161/665/291 800/666/292 791/620/121
f 141/617/248 162/667/291 803/668/292 788/618/121
f 1149/644/250 111/531/186 1152/669/409
f 1155/670/272 111/531/186 1146/643/249
f 1152/669/409 111/531/186 1158/671/275
f 1161/672/276 111/531/186 1155/670/272
f 1158/671/275 111/531/186 1161/672/276
f 1164/673/295 163/674/186 1167/675/296
f 1167/675/296 163/674/186 1170/676/300
f 1173/677/410 163/674/186 1164/673/295
f 153/649/404 164/678/411 926/679/412 905/650/405
f 165/680/413 152/647/206 902/648/403 938/681/414
f 155/653/209 166/682/208 944/683/415 908/654/406
f 167/684/207 154/651/206 896/652/403 935/685/416
f 168/686/417 156/655/407 911/656/408 947/687/418
f 169/688/207 151/645/206 890/646/403 932/689/416
f 157/657/209 170/690/208 929/691/415 893/658/406
f 158/659/209 171/692/208 941/693/415 899/660/406
f 161/694/291 172/695/317 878/696/318 800/697/292
f 173/698/316 159/699/289 794/700/290 884/701/183
f 162/702/291 174/703/317 881/704/318 803/705/292
f 175/706/316 160/707/289 797/708/290 887/709/183
f 1170/676/300 163/674/186 1176/710/185
f 1179/711/127 163/674/186 1173/677/410
f 1176/710/185 163/674/186 1182/712/314
f 1185/713/315 163/674/186 1179/711/127
f 1182/712/314 163/674/186 1188/714/201
f 1191/715/202 163/674/186 1185/713/315
f 1194/716/319 176/717/214 1197/718/320
f 1200/719/321 177/720/216 1203/721/322
f 1197/718/320 176/717/214 1206/722/325
f 1209/723/324 176/717/214 1194/716/319
f 1212/724/327 177/720/216 1200/719/321
f 1203/721/322 177/720/216 1215/725/419
f 170/726/208 178/727/253 962/728/420 929/729/415
f 166/730/208 179/731/253 968/732/420 944/733/415
f 171/734/208 180/735/253 965/736/420 941/737/415
f 181/738/421 165/739/413 938/740/414 977/741/422
f 164/742/411 182/743/423 980/744/424 926/745/412
f 183/746/425 168/747/417 947/748/418 983/749/167
f 184/750/251 167/751/207 935/752/416 974/753/175
f 185/754/251 169/755/207 932/756/416 971/757/175
f 1206/722/325 176/717/214 1218/758/330
f 1221/759/333 177/720/216 1212/724/327
f 1224/760/331 176/717/214 1209/723/324
f 1215/725/419 177/720/216 1227/761/332
f 172/695/317 186/762/349 914/763/350 878/696/318
f 174/703/317 187/764/349 917/765/350 881/704/318
f 188/766/351 173/698/316 884/701/183 920/767/182
f 189/768/351 175/706/316 887/709/183 923/769/182
f 1230/770/229 163/674/186 1191/715/202
f 1188/714/201 163/674/186 1233/771/180
f 1236/772/341 177/720/216 1221/759/333
f 1227/761/332 177/720/216 1239/773/342
f 1218/758/330 176/717/214 1242/774/339
f 1245/775/340 176/717/214 1224/760/331
f 1248/776/241 163/674/186 1230/770/229
f 1233/771/180 163/674/186 1251/777/177
f 1254/778/345 177/720/216 1236/772/341
f 1239/773/342 177/720/216 1257/779/348
f 1260/780/346 176/717/214 1245/775/340
f 1242/774/339 176/717/214 1263/781/347
f 1266/782/249 163/674/186 1248/776/241
f 1251/777/177 163/674/186 1269/783/250
f 190/784/189 191/785/192 1058/786/195 1061/787/190
f 1272/788/357 177/720/216 1254/778/345
f 1257/779/348 177/720/216 1275/789/164
f 1278/790/356 176/717/214 1260/780/346
f 1263/781/347 176/717/214 1281/791/172
f 179/731/253 192/792/230 1016/793/232 968/732/420
f 178/727/253 193/794/230 1010/795/232 962/728/420
f 180/735/253 194/796/230 1013/797/232 965/736/420
f 195/798/233 183/746/425 983/749/167 1019/799/166
f 196/800/426 181/738/421 977/741/422 1022/801/427
f 182/743/423 197/802/235 1028/803/238 980/744/424
f 198/804/239 184/750/251 974/753/175 1031/805/174
f 199/806/239 185/754/251 971/757/175 1025/807/174
f 186/762/349 200/808/197 950/809/228 914/763/350
f 187/764/349 201/810/197 953/811/228 917/765/350
f 202/812/204 188/766/351 920/767/182 959/813/224
f 203/814/204 189/768/351 923/769/182 956/815/224
f 1269/783/250 163/674/186 1284/816/409
f 1287/817/272 163/674/186 1266/782/249
f 204/818/188 190/819/189 1061/820/190 1064/821/191
f 191/785/192 205/822/193 1067/823/194 1058/786/195
f 1284/816/409 163/674/186 1290/824/275
f 1293/825/276 163/674/186 1287/817/272
f 1290/824/275 163/674/186 1293/825/276
f 1275/789/164 177/720/216 1296/826/161
f 1299/827/364 176/717/214 1278/790/356
f 1302/828/428 177/720/216 1272/788/357
f 1281/791/172 176/717/214 1305/829/365
f 206/830/214 204/818/188 1064/821/191 1094/831/215
f 205/822/193 207/832/216 1097/833/124 1067/823/194
f 1296/826/161 177/720/216 1308/834/369
f 1311/835/368 176/717/214 1299/827/364
f 1314/836/429 177/720/216 1302/828/428
f 1305/829/365 176/717/214 1317/837/370
f 208/838/223 203/814/204 956/815/224 986/839/225
f 209/840/223 202/812/204 959/813/224 989/841/225
f 201/810/197 210/842/226 992/843/227 953/811/228
f 200/808/197 211/844/226 995/845/227 950/809/228
f 193/794/230 212/846/204 1034/847/231 1010/795/232
f 192/792/230 213/848/204 1040/849/231 1016/793/232
f 194/796/230 214/850/204 1037/851/231 1013/797/232
f 215/852/197 195/798/233 1019/799/166 1043/853/234
f 216/854/430 196/800/426 1022/801/427 1046/855/431
f 197/802/235 217/856/236 1049/857/237 1028/803/238
f 218/858/236 198/804/239 1031/805/174 1055/859/240
f 219/860/236 199/806/239 1025/807/174 1052/861/240
f 1308/834/369 177/720/216 1320/862/375
f 1323/863/374 176/717/214 1311/835/368
f 1317/837/370 176/717/214 1326/864/376
f 1329/865/378 177/720/216 1314/836/429
f 1326/864/376 176/717/214 1332/866/379
f 1320/862/375 177/720/216 1335/867/380
f 1338/868/432 177/720/216 1329/865/378
f 1341/869/382 176/717/214 1323/863/374
f 220/870/242 208/838/223 986/839/225 998/871/243
f 221/872/242 209/840/223 989/841/225 1001/873/243
f 210/842/226 222/874/244 1007/875/245 992/843/227
f 211/844/226 223/876/244 1004/877/245 995/845/227
f 1335/867/380 177/720/216 1338/868/432
f 1332/866/379 176/717/214 1341/869/382
f 224/878/246 206/830/214 1094/831/215 1124/879/247
f 207/832/216 225/880/248 1127/881/121 1097/833/124
f 222/882/244 221/872/242 1001/873/243 1007/883/245
f 223/884/244 220/870/242 998/871/243 1004/885/245
f 226/886/261 215/852/197 1043/853/234 1076/887/262
f 213/848/204 227/888/263 1082/889/264 1040/849/231
f 212/846/204 228/890/263 1070/891/264 1034/847/231
f 214/850/204 229/892/263 1073/893/264 1037/851/231
f 230/894/265 216/854/430 1046/855/431 1088/895/266
f 217/856/236 231/896/267 1091/897/268 1049/857/237
f 232/898/265 218/858/236 1055/859/240 1085/899/266
f 233/900/265 219/860/236 1052/861/240 1079/901/266
f 234/902/281 226/886/261 1076/887/262 1106/903/282
f 235/904/279 233/900/265 1079/901/266 1100/905/280
f 236/906/279 232/898/265 1085/899/266 1103/907/280
f 231/896/267 237/908/283 1109/909/284 1091/897/268
f 238/910/279 230/894/265 1088/895/266 1112/911/280
f 227/888/263 239/912/285 1115/913/286 1082/889/264
f 229/892/263 240/914/285 1121/915/286 1073/893/264
f 228/890/263 241/916/285 1118/917/286 1070/891/264
f 242/918/289 224/878/246 1124/879/247 1130/919/290
f 225/880/248 243/920/291 1133/921/292 1127/881/121
f 237/922/283 234/902/281 1106/903/282 1109/923/284
f 239/912/285 238/924/279 1112/925/280 1115/913/286
f 240/914/285 236/926/279 1103/927/280 1121/915/286
f 241/916/285 235/928/279 1100/929/280 1118/917/286
f 243/930/291 244/931/317 1136/932/318 1133/933/292
f 245/934/316 242/935/289 1130/936/290 1139/937/183
f 244/931/317 246/938/349 1142/939/350 1136/932/318
f 247/940/351 245/934/316 1139/937/183 1145/941/182
f 248/942/189 249/943/192 1166/944/195 1169/945/190
f 246/938/349 250/946/197 1148/947/228 1142/939/350
f 251/948/204 247/940/351 1145/941/182 1151/949/224
f 252/950/188 248/951/189 1169/952/190 1172/953/191
f 249/943/192 253/954/193 1175/955/194 1166/944/195
f 254/956/214 252/950/188 1172/953/191 1178/957/215
f 253/954/193 255/958/216 1181/959/124 1175/955/194
f 256/960/223 251/948/204 1151/949/224 1154/961/225
f 250/946/197 257/962/226 1157/963/227 1148/947/228
f 258/964/383 259/965/384 1196/966/385 1199/967/386
f 260/968/387 261/969/388 1202/970/389 1205/971/390
f 269/972/393 258/964/383 1199/967/386 1208/973/394
f 259/974/384 270/975/391 1211/976/392 1196/977/385
f 271/978/395 260/979/387 1205/980/390 1217/981/396
f 261/969/388 272/982/397 1214/983/398 1202/970/389
f 273/984/242 256/960/223 1154/961/225 1160/985/243
f 257/962/226 274/986/244 1163/987/245 1157/963/227
f 275/988/246 254/956/214 1178/957/215 1184/989/247
f 255/958/216 276/990/248 1187/991/121 1181/959/124
f 274/992/244 273/984/242 1160/985/243 1163/993/245
f 277/994/216 269/972/393 1208/973/394 1220/995/433
f 272/982/397 278/996/214 1223/997/402 1214/983/398
f 270/975/391 279/998/186 1226/999/400 1211/976/392
f 280/1000/186 271/978/395 1217/981/396 1229/1001/401
f 278/996/214 281/1002/404 1238/1003/405 1223/997/402
f 282/1004/206 277/994/216 1220/995/433 1244/1005/434
f 283/1006/407 280/1000/186 1229/1001/401 1241/1007/408
f 279/998/186 284/1008/209 1247/1009/406 1226/999/400
f 285/1010/289 275/988/246 1184/989/247 1190/1011/290
f 276/990/248 286/1012/291 1193/1013/292 1187/991/121
f 281/1002/404 287/1014/411 1256/1015/412 1238/1003/405
f 288/1016/417 283/1006/407 1241/1007/408 1259/1017/418
f 289/1018/435 282/1004/206 1244/1005/434 1265/1019/436
f 284/1008/209 290/1020/208 1262/1021/415 1247/1009/406
f 286/1022/291 291/1023/317 1232/1024/318 1193/1025/292
f 292/1026/316 285/1027/289 1190/1028/290 1235/1029/183
f 287/1030/411 293/1031/423 1274/1032/424 1256/1033/412
f 294/1034/425 288/1035/417 1259/1036/418 1277/1037/167
f 290/1038/208 295/1039/253 1280/1040/420 1262/1041/415
f 296/1042/251 289/1043/435 1265/1044/436 1283/1045/175
f 291/1023/317 297/1046/349 1250/1047/350 1232/1024/318
f 298/1048/351 292/1026/316 1235/1029/183 1253/1049/182
f 299/1050/233 294/1034/425 1277/1037/167 1298/1051/166
f 295/1039/253 300/1052/230 1301/1053/232 1280/1040/420
f 293/1031/423 301/1054/235 1304/1055/238 1274/1032/424
f 302/1056/239 296/1042/251 1283/1045/175 1307/1057/174
f 297/1046/349 303/1058/197 1268/1059/228 1250/1047/350
f 304/1060/204 298/1048/351 1253/1049/182 1271/1061/224
f 305/1062/223 304/1060/204 1271/1061/224 1286/1063/225
f 303/1058/197 306/1064/226 1289/1065/227 1268/1059/228
f 300/1052/230 307/1066/204 1313/1067/231 1301/1053/232
f 308/1068/197 299/1050/233 1298/1051/166 1310/1069/234
f 301/1054/235 309/1070/236 1316/1071/237 1304/1055/238
f 310/1072/236 302/1056/239 1307/1057/174 1319/1073/240
f 311/1074/242 305/1062/223 1286/1063/225 1292/1075/243
f 306/1064/226 312/1076/244 1295/1077/245 1289/1065/227
f 312/1078/244 311/1074/242 1292/1075/243 1295/1079/245
f 313/1080/261 308/1068/197 1310/1069/234 1322/1081/262
f 307/1066/204 314/1082/263 1325/1083/264 1313/1067/231
f 315/1084/265 310/1072/236 1319/1073/240 1328/1085/266
f 309/1070/236 316/1086/267 1331/1087/268 1316/1071/237
f 317/1088/281 313/1080/261 1322/1081/262 1337/1089/282
f 318/1090/279 315/1084/265 1328/1085/266 1334/1091/280
f 316/1086/267 319/1092/283 1340/1093/284 1331/1087/268
f 314/1082/263 320/1094/285 1343/1095/286 1325/1083/264
f 319/1096/283 317/1088/281 1337/1089/282 1340/1097/284
f 320/1094/285 318/1098/279 1334/1099/280 1343/1095/286
f 40/248/204 349/1100/351 1344/206/182 588/249/224
f 350/1101/349 41/251/197 597/254/228 1347/1102/437
f 50/269/239 336/1103/251 1352/199/175 624/198/174
f 337/1104/423 47/264/235 621/267/238 1353/1105/424
f 46/262/233 328/1106/425 1358/191/167 612/190/166
f 321/1107/253 43/257/230 609/260/232 1359/1108/420
f 3/1109/189 4/216/192 519/219/195 510/1110/190
f 701/1111/380 359/1112/216 704/1113/432
f 698/1114/379 360/1115/214 707/1116/382
f 707/1116/382 360/1115/214 665/1117/373
f 704/1113/432 359/1112/216 671/1118/378
f 662/1119/438 359/1112/216 701/1111/380
f 668/1120/377 360/1115/214 698/1114/379
f 509/151/127 1/210/186 518/1121/301
f 515/1122/372 1/210/186 498/209/185
f 361/1123/439 37/243/219 579/180/156 587/1124/440
f 36/242/218 362/1125/441 584/1126/442 572/169/145
f 671/1118/378 359/1112/216 620/1127/371
f 629/1128/370 360/1115/214 668/1120/377
f 665/1117/373 360/1115/214 608/1129/367
f 617/1130/369 359/1112/216 662/1119/438
f 518/1121/301 1/210/186 521/1131/295
f 512/1132/296 1/210/186 515/1122/372
f 11/233/209 363/1133/186 569/1134/443 554/161/137
f 364/1135/216 8/230/206 549/156/132 566/1136/444
f 521/1131/295 1/210/186 512/1132/296
f 626/193/169 360/1115/214 629/1128/370
f 620/1127/371 359/1112/216 623/1137/428
f 608/1129/367 360/1115/214 611/1138/364
f 614/185/161 359/1112/216 617/1130/369
f 349/1100/351 348/1139/316 1364/207/183 1344/206/182
f 351/1140/317 350/1101/349 1347/1102/437 1365/1141/318
f 1350/196/172 360/1115/214 626/193/169
f 623/1137/428 359/1112/216 1355/1142/357
f 1356/188/164 359/1112/216 614/185/161
f 611/1138/364 360/1115/214 1361/1143/356
f 638/1144/275 371/1145/186 641/1146/276
f 641/1146/276 371/1145/186 596/1147/445
f 593/1148/271 371/1145/186 638/1144/275
f 336/1103/251 335/1149/207 1370/1150/416 1352/199/175
f 328/1106/425 327/1151/417 1373/1152/418 1358/191/167
f 322/1153/208 321/1107/253 1359/1108/420 1374/1154/415
f 338/1155/411 337/1104/423 1353/1105/424 1377/1156/412
f 372/1157/446 361/1123/439 587/1124/440 563/1158/447
f 362/1125/441 373/1159/448 560/1160/449 584/1126/442
f 363/1133/186 374/1161/391 530/1162/450 569/1134/443
f 375/1163/393 364/1135/216 566/1136/444 533/1164/451
f 596/1147/445 371/1145/186 599/1165/249
f 590/1166/250 371/1145/186 593/1148/271
f 1368/1167/347 360/1115/214 1350/196/172
f 1371/1168/348 359/1112/216 1356/188/164
f 1361/1143/356 360/1115/214 1376/1169/346
f 1355/1142/357 359/1112/216 1379/1170/345
f 1346/201/177 371/1145/186 590/1166/250
f 599/1165/249 371/1145/186 1349/1171/452
f 376/1172/453 372/1157/446 563/1158/447 542/1173/454
f 373/1159/448 377/1174/455 545/1175/456 560/1160/449
f 378/1176/383 375/1163/393 533/1164/451 524/1177/457
f 374/1161/391 379/1178/384 527/1179/458 530/1162/450
f 377/1174/455 376/1180/453 542/1181/454 545/1175/456
f 1380/1182/339 360/1115/214 1368/1167/347
f 1376/1169/346 360/1115/214 1385/1183/340
f 1386/1184/459 359/1112/216 1371/1168/348
f 1379/1170/345 359/1112/216 1391/1185/460
f 1362/204/180 371/1145/186 1346/201/177
f 1349/1171/452 371/1145/186 1367/1186/229
f 379/1187/384 378/1176/383 524/1177/457 527/1188/458
f 348/1139/316 347/1189/289 1394/1190/290 1364/207/183
f 352/1191/291 351/1140/317 1365/1141/318 1395/1192/292
f 323/1193/209 322/1194/208 1374/1195/415 1383/1196/406
f 335/1197/207 334/1198/206 1382/1199/403 1370/1200/416
f 327/1201/417 326/1202/407 1388/1203/408 1373/1204/418
f 339/1205/404 338/1206/411 1377/1207/412 1389/1208/405
f 1385/1183/340 360/1115/214 1398/1209/331
f 1401/1210/330 360/1115/214 1380/1182/339
f 1404/1211/332 359/1112/216 1386/1184/459
f 1391/1185/460 359/1112/216 1407/1212/333
f 1392/1213/201 371/1145/186 1362/204/180
f 1367/1186/229 371/1145/186 1397/1214/202
f 1410/1215/326 359/1112/216 1404/1211/332
f 1413/1216/325 360/1115/214 1401/1210/330
f 1407/1212/333 359/1112/216 1416/1217/461
f 1398/1209/331 360/1115/214 1419/1218/462
f 1422/1219/322 359/1112/216 1410/1215/326
f 1416/1217/461 359/1112/216 1425/1220/321
f 1428/1221/320 360/1115/214 1413/1216/325
f 1419/1218/462 360/1115/214 1431/1222/319
f 1425/1220/321 359/1112/216 1422/1219/322
f 1431/1222/319 360/1115/214 1428/1221/320
f 1397/1214/202 371/1145/186 1434/1223/126
f 1437/1224/187 371/1145/186 1392/1213/201
f 1434/1223/126 371/1145/186 1440/1225/127
f 1443/1226/185 371/1145/186 1437/1224/187
f 1446/1227/463 380/1228/204 1449/1229/464
f 1452/1230/465 381/1231/204 1455/1232/466
f 353/1233/248 352/1234/291 1395/1235/292 1436/1236/121
f 347/1237/289 346/1238/246 1439/1239/247 1394/1240/290
f 324/1241/186 323/1193/209 1383/1196/406 1400/1242/400
f 334/1198/206 333/1243/216 1403/1244/399 1382/1199/403
f 326/1202/407 325/1245/186 1406/1246/401 1388/1203/408
f 340/1247/214 339/1205/404 1389/1208/405 1409/1248/402
f 1449/1229/464 380/1228/204 1458/1249/467
f 1455/1232/466 381/1231/204 1461/1250/468
f 1464/1251/469 380/1228/204 1446/1227/463
f 1467/1252/470 381/1231/204 1452/1230/465
f 1470/1253/471 382/1254/236 1473/1255/472
f 1473/1255/472 382/1254/236 1476/1256/473
f 1479/1257/474 382/1254/236 1470/1253/471
f 1440/1225/127 371/1145/186 1482/1258/410
f 1485/1259/372 371/1145/186 1443/1226/185
f 1458/1249/467 380/1228/204 1488/1260/475
f 1461/1250/468 381/1231/204 1491/1261/476
f 1494/1262/477 380/1228/204 1464/1251/469
f 1497/1263/478 381/1231/204 1467/1252/470
f 1500/1264/479 382/1254/236 1479/1257/474
f 1476/1256/473 382/1254/236 1503/1265/480
f 1482/1258/410 371/1145/186 1506/1266/295
f 1509/1267/296 371/1145/186 1485/1259/372
f 1506/1266/295 371/1145/186 1509/1267/296
f 1488/1260/475 380/1228/204 1512/1268/481
f 1491/1261/476 381/1231/204 1515/1269/482
f 1518/1270/483 380/1228/204 1494/1262/477
f 1521/1271/484 381/1231/204 1497/1263/478
f 1503/1265/480 382/1254/236 1524/1272/485
f 1527/1273/486 382/1254/236 1500/1264/479
f 325/1245/186 344/1274/395 1412/1275/396 1406/1246/401
f 329/1276/391 324/1241/186 1400/1242/400 1421/1277/392
f 333/1243/216 332/1278/393 1415/1279/394 1403/1244/399
f 341/1280/397 340/1247/214 1409/1248/402 1418/1281/398
f 1512/1268/481 380/1228/204 1530/1282/487
f 1515/1269/482 381/1231/204 1533/1283/488
f 1536/1284/489 380/1228/204 1518/1270/483
f 1539/1285/490 381/1231/204 1521/1271/484
f 354/1286/216 353/1233/248 1436/1236/121 1442/1287/124
f 346/1238/246 345/1288/214 1445/1289/215 1439/1239/247
f 1524/1272/485 382/1254/236 1542/1290/491
f 1545/1291/492 382/1254/236 1527/1273/486
f 342/1292/388 341/1280/397 1418/1281/398 1427/1293/389
f 344/1274/395 343/1294/387 1424/1295/390 1412/1275/396
f 332/1278/393 331/1296/383 1430/1297/386 1415/1279/394
f 330/1298/384 329/1276/391 1421/1277/392 1433/1299/385
f 1530/1282/487 380/1228/204 1548/1300/493
f 1533/1283/488 381/1231/204 1551/1301/494
f 1554/1302/495 380/1228/204 1536/1284/489
f 1557/1303/496 381/1231/204 1539/1285/490
f 343/1304/387 342/1292/388 1427/1293/389 1424/1305/390
f 331/1296/383 330/1306/384 1433/1307/385 1430/1297/386
f 1542/1290/491 382/1254/236 1560/1308/497
f 1563/1309/498 382/1254/236 1545/1291/492
f 1548/1300/493 380/1228/204 1566/1310/499
f 1569/1311/500 380/1228/204 1554/1302/495
f 1572/1312/501 381/1231/204 1557/1303/496
f 1551/1301/494 381/1231/204 1575/1313/502
f 355/1314/193 354/1286/216 1442/1287/124 1484/1315/194
f 345/1288/214 358/1316/188 1487/1317/191 1445/1289/215
f 1578/1318/503 382/1254/236 1563/1309/498
f 1560/1308/497 382/1254/236 1581/1319/504
f 1566/1310/499 380/1228/204 1584/1320/505
f 1587/1321/506 380/1228/204 1569/1311/500
f 1575/1313/502 381/1231/204 1590/1322/507
f 1593/1323/508 381/1231/204 1572/1312/501
f 356/1324/192 355/1314/193 1484/1315/194 1508/1325/195
f 358/1316/188 357/1326/189 1511/1327/190 1487/1317/191
f 1596/1328/509 382/1254/236 1578/1318/503
f 1581/1319/504 382/1254/236 1599/1329/510
f 1602/1330/511 380/1228/204 1587/1321/506
f 1584/1320/505 380/1228/204 1605/1331/512
f 1590/1322/507 381/1231/204 1608/1332/513
f 1611/1333/514 381/1231/204 1593/1323/508
f 357/1334/189 356/1324/192 1508/1325/195 1511/1335/190
f 1614/1336/515 382/1254/236 1596/1328/509
f 1599/1329/510 382/1254/236 1617/1337/516
f 1605/1331/512 380/1228/204 1620/1338/517
f 1623/1339/518 380/1228/204 1602/1330/511
f 1608/1332/513 381/1231/204 1626/1340/519
f 1629/1341/520 381/1231/204 1611/1333/514
f 1620/1338/517 380/1228/204 1623/1339/518
f 1626/1340/519 381/1231/204 1629/1341/520
f 386/1342/521 387/1343/522 1454/1344/523 1457/1345/524
f 388/1346/525 389/1347/526 1448/1348/527 1451/1349/528
f 1632/1350/529 382/1254/236 1614/1336/515
f 1617/1337/516 382/1254/236 1635/1351/530
f 1635/1351/530 382/1254/236 1632/1350/529
f 390/1352/531 386/1342/521 1457/1345/524 1463/1353/532
f 391/1354/533 388/1346/525 1451/1349/528 1460/1355/534
f 389/1356/526 392/1357/535 1466/1358/536 1448/1359/527
f 387/1360/522 393/1361/537 1469/1362/538 1454/1363/523
f 394/1364/242 395/1365/244 1472/1366/539 1475/1367/540
f 399/1368/223 394/1364/242 1475/1367/540 1478/1369/541
f 395/1370/244 400/1371/226 1481/1372/542 1472/1373/539
f 401/1374/543 391/1354/533 1460/1355/534 1490/1375/544
f 402/1376/545 390/1352/531 1463/1353/532 1493/1377/546
f 392/1357/535 403/1378/547 1496/1379/548 1466/1358/536
f 393/1361/537 404/1380/549 1499/1381/550 1469/1362/538
f 400/1371/226 405/1382/197 1502/1383/551 1481/1372/542
f 406/1384/204 399/1368/223 1478/1369/541 1505/1385/552
f 403/1378/547 407/1386/553 1520/1387/554 1496/1379/548
f 404/1380/549 408/1388/555 1523/1389/556 1499/1381/550
f 409/1390/557 401/1374/543 1490/1375/544 1514/1391/558
f 410/1392/559 402/1376/545 1493/1377/546 1517/1393/560
f 411/1394/351 406/1384/204 1505/1385/552 1526/1395/561
f 405/1382/197 412/1396/349 1529/1397/562 1502/1383/551
f 413/1398/563 409/1390/557 1514/1391/558 1532/1399/564
f 414/1400/565 410/1392/559 1517/1393/560 1535/1401/566
f 407/1386/553 415/1402/567 1538/1403/568 1520/1387/554
f 408/1388/555 416/1404/569 1541/1405/570 1523/1389/556
f 417/1406/316 411/1394/351 1526/1395/561 1544/1407/571
f 412/1396/349 418/1408/317 1547/1409/572 1529/1397/562
f 419/1410/573 413/1398/563 1532/1399/564 1550/1411/574
f 420/1412/575 414/1400/565 1535/1401/566 1553/1413/576
f 416/1404/569 421/1414/577 1559/1415/578 1541/1405/570
f 415/1402/567 422/1416/579 1556/1417/580 1538/1403/568
f 1638/1418/581 423/1419/204 1641/1420/582
f 1641/1420/582 423/1419/204 1644/1421/583
f 1647/1422/584 423/1419/204 1638/1418/581
f 1650/1423/585 424/1424/197 1653/1425/310
f 1656/1426/586 424/1424/197 1650/1423/585
f 1653/1425/310 424/1424/197 1659/1427/587
f 1644/1421/583 423/1419/204 1662/1428/588
f 1665/1429/589 423/1419/204 1647/1422/584
f 425/1430/289 417/1406/316 1544/1407/571 1562/1431/590
f 418/1408/317 426/1432/291 1565/1433/591 1547/1409/572
f 1668/1434/592 424/1424/197 1656/1426/586
f 1659/1427/587 424/1424/197 1671/1435/287
f 1662/1428/588 423/1419/204 1674/1436/593
f 1677/1437/594 423/1419/204 1665/1429/589
f 1680/1438/274 424/1424/197 1668/1434/592
f 1671/1435/287 424/1424/197 1683/1439/273
f 1674/1436/593 423/1419/204 1686/1440/595
f 1689/1441/596 423/1419/204 1677/1437/594
f 427/1442/597 419/1443/573 1550/1444/574 1568/1445/598
f 428/1446/599 420/1447/575 1553/1448/576 1577/1449/600
f 421/1450/577 429/1451/601 1574/1452/602 1559/1453/578
f 422/1454/579 430/1455/603 1571/1456/604 1556/1457/580
f 1692/1458/605 424/1424/197 1680/1438/274
f 1683/1439/273 424/1424/197 1695/1459/255
f 1686/1440/595 423/1419/204 1698/1460/606
f 1701/1461/607 423/1419/204 1689/1441/596
f 426/1462/291 431/1463/248 1580/1464/608 1565/1465/591
f 432/1466/246 425/1467/289 1562/1468/590 1583/1469/609
f 1704/1470/143 424/1424/197 1692/1458/605
f 1695/1459/255 424/1424/197 1707/1471/134
f 1698/1460/606 423/1419/204 1710/1472/610
f 1713/1473/611 423/1419/204 1701/1461/607
f 1716/1474/612 424/1424/197 1704/1470/143
f 1707/1471/134 424/1424/197 1719/1475/613
f 433/1476/614 427/1442/597 1568/1445/598 1586/1477/615
f 434/1478/616 428/1446/599 1577/1449/600 1592/1479/617
f 430/1455/603 435/1480/618 1589/1481/619 1571/1456/604
f 429/1451/601 436/1482/620 1595/1483/621 1574/1452/602
f 1710/1472/610 423/1419/204 1722/1484/622
f 1725/1485/623 423/1419/204 1713/1473/611
f 1728/1486/213 424/1424/197 1716/1474/612
f 1719/1475/613 424/1424/197 1731/1487/212
f 431/1463/248 437/1488/216 1598/1489/624 1580/1464/608
f 438/1490/214 432/1466/246 1583/1469/609 1601/1491/625
f 1734/1492/626 423/1419/204 1725/1485/623
f 1722/1484/622 423/1419/204 1737/1493/627
f 1740/1494/628 424/1424/197 1728/1486/213
f 1731/1487/212 424/1424/197 1743/1495/200
f 1746/1496/629 423/1419/204 1734/1492/626
f 1737/1493/627 423/1419/204 1749/1497/630
f 1749/1497/630 423/1419/204 1746/1496/629
f 1743/1495/200 424/1424/197 1752/1498/631
f 1755/1499/198 424/1424/197 1740/1494/628
f 439/1500/632 433/1476/614 1586/1477/615 1607/1501/633
f 435/1480/618 440/1502/634 1604/1503/635 1589/1481/619
f 441/1504/636 434/1478/616 1592/1479/617 1610/1505/637
f 436/1482/620 442/1506/638 1613/1507/639 1595/1483/621
f 1752/1498/631 424/1424/197 1755/1499/198
f 437/1488/216 443/1508/193 1616/1509/640 1598/1489/624
f 444/1510/188 438/1490/214 1601/1491/625 1619/1511/641
f 440/1502/634 445/1512/642 1625/1513/643 1604/1503/635
f 446/1514/644 439/1500/632 1607/1501/633 1622/1515/645
f 442/1506/638 447/1516/646 1631/1517/647 1613/1507/639
f 448/1518/648 441/1504/636 1610/1505/637 1628/1519/649
f 445/1512/642 446/1520/644 1622/1521/645 1625/1513/643
f 447/1516/646 448/1522/648 1628/1523/649 1631/1517/647
f 443/1508/193 449/1524/192 1634/1525/650 1616/1509/640
f 450/1526/189 444/1510/188 1619/1511/641 1637/1527/651
f 449/1524/192 450/1528/189 1637/1529/651 1634/1525/650
f 451/1530/652 452/1531/653 1640/1532/654 1643/1533/655
f 453/1534/279 454/1535/285 1652/1536/359 1655/1537/358
f 455/1538/656 451/1530/652 1643/1533/655 1646/1539/657
f 452/1540/653 456/1541/658 1649/1542/659 1640/1543/654
f 454/1535/285 457/1544/263 1658/1545/344 1652/1536/359
f 458/1546/265 453/1547/279 1655/1548/358 1661/1549/343
f 459/1550/660 455/1538/656 1646/1539/657 1664/1551/661
f 456/1541/658 460/1552/662 1667/1553/663 1649/1542/659
f 457/1544/263 468/1554/204 1670/1555/328 1658/1545/344
f 469/1556/236 458/1546/265 1661/1549/343 1673/1557/329
f 460/1552/662 470/1558/664 1679/1559/665 1667/1553/663
f 471/1560/666 459/1550/660 1664/1551/661 1676/1561/667
f 468/1554/204 472/1562/230 1682/1563/299 1670/1555/328
f 473/1564/239 469/1556/236 1673/1557/329 1685/1565/298
f 474/1566/668 471/1560/666 1676/1561/667 1688/1567/669
f 470/1558/664 475/1568/670 1691/1569/671 1679/1559/665
f 472/1562/230 476/1570/253 1694/1571/254 1682/1563/299
f 477/1572/251 473/1564/239 1685/1565/298 1697/1573/252
f 478/1574/672 474/1566/668 1688/1567/669 1700/1575/673
f 475/1568/670 479/1576/674 1703/1577/675 1691/1569/671
f 476/1570/253 480/1578/208 1706/1579/140 1694/1571/254
f 481/1580/207 477/1572/251 1697/1573/252 1709/1581/129
f 482/1582/676 478/1583/672 1700/1584/673 1712/1585/677
f 479/1586/674 483/1587/678 1715/1588/679 1703/1589/675
f 480/1590/208 484/1591/209 1718/1592/137 1706/1593/140
f 485/1594/206 481/1595/207 1709/1596/129 1721/1597/132
f 486/1598/680 482/1582/676 1712/1585/677 1724/1599/681
f 483/1587/678 487/1600/682 1727/1601/683 1715/1588/679
f 484/1591/209 488/1602/186 1730/1603/443 1718/1592/137
f 489/1604/216 485/1594/206 1721/1597/132 1733/1605/444
f 490/1606/684 486/1598/680 1724/1599/681 1739/1607/685
f 487/1600/682 491/1608/686 1736/1609/687 1727/1601/683
f 488/1602/186 492/1610/391 1742/1611/450 1730/1603/443
f 493/1612/393 489/1604/216 1733/1605/444 1745/1613/451
f 491/1608/686 494/1614/688 1748/1615/689 1736/1609/687
f 495/1616/690 490/1606/684 1739/1607/685 1751/1617/691
f 496/1618/383 493/1612/393 1745/1613/451 1754/1619/457
f 492/1610/391 497/1620/384 1757/1621/458 1742/1611/450
f 494/1614/688 495/1622/690 1751/1623/691 1748/1615/689
f 497/1624/384 496/1618/383 1754/1619/457 1757/1625/458
f 500/239/215 499/1626/692 502/1627/693 503/278/247
f 499/1628/694 498/209/185 501/211/187 502/1629/695
f 504/150/126 505/149/125 538/1630/696 537/226/202
f 505/146/122 506/145/121 539/333/292 538/1631/697
f 507/148/124 508/147/123 517/1632/698 516/218/194
f 508/152/128 509/151/127 518/1121/301 517/1633/699
f 510/214/190 511/1634/700 514/1635/701 513/215/191
f 511/1636/702 512/1132/296 515/1122/372 514/1637/703
f 498/209/185 499/1628/694 514/1637/703 515/1122/372
f 499/1626/692 500/239/215 513/215/191 514/1635/701
f 516/218/194 517/1632/698 520/1638/704 519/219/195
f 517/1633/699 518/1121/301 521/1131/295 520/1639/705
f 512/1132/296 511/1636/702 520/1639/705 521/1131/295
f 511/1640/700 510/1110/190 519/219/195 520/1638/704
f 522/220/196 523/1641/706 532/1642/707 531/224/200
f 523/1643/708 524/1177/457 533/1164/451 532/1644/709
f 524/1177/457 523/1643/708 526/1645/710 527/1188/458
f 523/1641/706 522/220/196 525/222/198 526/1646/711
f 527/1179/458 526/1647/710 529/1648/712 530/1162/450
f 526/1646/711 525/222/198 528/223/199 529/1649/713
f 531/224/200 532/1642/707 565/1650/714 564/236/212
f 532/1644/709 533/1164/451 566/1136/444 565/1651/715
f 503/278/247 502/1627/693 535/1652/716 536/331/290
f 502/1629/695 501/211/187 534/225/201 535/1653/717
f 537/226/202 538/1630/696 604/1654/718 603/256/229
f 538/1631/697 539/333/292 605/1655/318 604/1656/719
f 540/227/203 541/1657/720 562/1658/721 561/235/211
f 541/1659/722 542/1173/454 563/1158/447 562/1660/723
f 542/1181/454 541/1661/722 544/1662/724 545/1175/456
f 541/1657/720 540/227/203 543/229/205 544/1663/725
f 546/158/134 547/157/133 649/1664/726 648/292/255
f 547/1665/130 548/287/129 650/286/252 649/1666/727
f 552/166/142 553/165/141 568/1667/728 567/237/213
f 553/162/138 554/161/137 569/1134/443 568/1668/729
f 555/290/140 556/1669/139 652/1670/730 651/291/254
f 556/168/144 557/167/143 653/293/256 652/1671/731
f 545/1175/456 544/1662/724 559/1672/732 560/1160/449
f 544/1663/725 543/229/205 558/234/210 559/1673/733
f 561/235/211 562/1658/721 586/1674/734 585/246/222
f 562/1660/723 563/1158/447 587/1124/440 586/1675/735
f 549/156/132 550/155/131 565/1651/715 566/1136/444
f 550/160/136 551/159/135 564/236/212 565/1650/714
f 530/1162/450 529/1648/712 568/1668/729 569/1134/443
f 529/1649/713 528/223/199 567/237/213 568/1667/728
f 570/174/150 571/173/149 583/1676/736 582/245/221
f 571/170/146 572/169/145 584/1126/442 583/1677/737
f 573/296/148 574/1678/147 655/1679/738 654/297/258
f 574/176/152 575/175/151 656/310/269 655/1680/739
f 576/182/158 577/181/157 658/1681/740 657/311/270
f 577/1682/154 578/301/153 659/300/260 658/1683/741
f 560/1160/449 559/1672/732 583/1677/737 584/1126/442
f 559/1673/733 558/234/210 582/245/221 583/1676/736
f 579/180/156 580/179/155 586/1675/735 587/1124/440
f 580/184/160 581/183/159 585/246/222 586/1674/734
f 588/249/224 589/1684/742 592/1685/743 591/250/225
f 589/1686/744 590/1166/250 593/1148/271 592/1687/745
f 591/250/225 592/1685/743 637/1688/746 636/274/243
f 592/1687/745 593/1148/271 638/1144/275 637/1689/747
f 594/253/227 595/1690/748 598/1691/749 597/254/228
f 595/1692/750 596/1147/445 599/1165/249 598/1693/751
f 597/254/228 598/1691/749 1348/1694/752 1347/1102/437
f 598/1693/751 599/1165/249 1349/1171/452 1348/1695/753
f 536/376/290 535/1696/716 601/1697/184 602/377/183
f 535/1653/717 534/225/201 600/255/180 601/1698/179
f 603/256/229 604/1654/718 631/1699/753 630/271/241
f 604/1700/719 605/380/318 632/451/350 631/1701/752
f 606/259/231 607/1702/754 610/1703/755 609/260/232
f 607/1704/756 608/1129/367 611/1138/364 610/1705/757
f 609/260/232 610/1703/755 1360/1706/758 1359/1108/420
f 610/1705/757 611/1138/364 1361/1143/356 1360/1707/759
f 612/190/166 613/189/165 616/1708/760 615/263/234
f 613/186/162 614/185/161 617/1130/369 616/1709/761
f 615/263/234 616/1708/760 661/1710/762 660/303/262
f 616/1709/761 617/1130/369 662/1119/438 661/1711/763
f 618/266/237 619/1712/764 622/1713/765 621/267/238
f 619/1714/766 620/1127/371 623/1137/428 622/1715/767
f 621/267/238 622/1713/765 1354/1716/768 1353/1105/424
f 622/1715/767 623/1137/428 1355/1142/357 1354/1717/769
f 624/198/174 625/197/173 628/1718/770 627/270/240
f 625/194/170 626/193/169 629/1128/370 628/1719/771
f 627/270/240 628/1718/770 667/1720/772 666/307/266
f 628/1719/771 629/1128/370 668/1120/377 667/1721/773
f 630/271/241 631/1699/753 643/1722/751 642/282/249
f 631/1701/752 632/451/350 644/507/228 643/1723/749
f 602/377/183 601/1697/184 634/1724/181 635/453/182
f 601/1698/179 600/255/180 633/272/177 634/1725/178
f 636/1726/243 637/1727/746 640/1728/774 639/276/245
f 637/1689/747 638/1144/275 641/1146/276 640/1729/775
f 596/1147/445 595/1692/750 640/1729/775 641/1146/276
f 595/1690/748 594/253/227 639/276/245 640/1728/774
f 642/282/249 643/1722/751 676/1730/750 675/313/272
f 643/1723/749 644/507/228 677/566/227 676/1731/748
f 635/453/182 634/1724/181 646/1732/742 647/509/224
f 634/1725/178 633/272/177 645/283/250 646/1733/744
f 648/292/255 649/1664/726 679/1734/776 678/314/273
f 649/1666/727 650/286/252 680/347/298 679/1735/777
f 657/311/270 658/1681/740 694/1736/778 693/319/278
f 658/1683/741 659/300/260 695/359/307 694/1737/779
f 660/303/262 661/1710/762 700/1738/780 699/323/282
f 661/1711/763 662/1119/438 701/1111/380 700/1739/781
f 608/1129/367 607/1704/756 664/1740/782 665/1117/373
f 607/1702/754 606/259/231 663/305/264 664/1741/783
f 666/307/266 667/1720/772 697/1742/784 696/321/280
f 667/1721/773 668/1120/377 698/1114/379 697/1743/785
f 620/1127/371 619/1714/766 670/1744/786 671/1118/378
f 619/1712/764 618/266/237 669/309/268 670/1745/787
f 647/509/224 646/1732/742 673/1746/743 674/564/225
f 646/1733/744 645/283/250 672/312/271 673/1747/788
f 675/313/272 676/1730/750 688/1748/775 687/317/276
f 676/1731/748 677/566/227 689/612/245 688/1749/774
f 678/314/273 679/1734/776 709/1750/789 708/328/287
f 679/1735/777 680/347/298 710/409/329 709/1751/790
f 651/291/254 652/1670/730 682/1752/791 683/349/299
f 652/1671/731 653/293/256 681/315/274 682/1753/792
f 674/564/225 673/1746/743 685/1754/746 686/610/243
f 673/1747/788 672/312/271 684/316/275 685/1755/747
f 686/1756/243 685/1757/746 688/1749/774 689/612/245
f 685/1755/747 684/316/275 687/317/276 688/1748/775
f 654/297/258 655/1679/738 691/1758/793 692/357/305
f 655/1680/739 656/310/269 690/318/277 691/1759/794
f 693/319/278 694/1736/778 718/1760/795 717/339/294
f 694/1737/779 695/359/307 719/419/335 718/1761/796
f 696/337/280 697/1762/784 706/1763/797 705/327/286
f 697/1743/785 698/1114/379 707/1116/382 706/1764/798
f 699/1765/282 700/1766/780 703/1767/799 702/325/284
f 700/1739/781 701/1111/380 704/1113/432 703/1768/800
f 671/1118/378 670/1744/786 703/1768/800 704/1113/432
f 670/1745/787 669/309/268 702/325/284 703/1767/799
f 665/1117/373 664/1740/782 706/1764/798 707/1116/382
f 664/1741/783 663/305/264 705/327/286 706/1763/797
f 708/328/287 709/1750/789 745/1769/801 744/354/302
f 709/1751/790 710/409/329 746/439/343 745/1770/802
f 683/349/299 682/1752/791 712/1771/803 713/407/328
f 682/1753/792 681/315/274 711/329/288 712/1772/804
f 692/357/305 691/1758/793 715/1773/805 716/421/337
f 691/1759/794 690/318/277 714/338/293 715/1774/806
f 717/339/294 718/1760/795 754/1775/807 753/361/309
f 718/1761/796 719/419/335 755/457/355 754/1776/808
f 720/340/295 721/1777/705 739/1778/699 738/352/301
f 721/1779/809 722/500/195 740/529/194 739/1780/698
f 722/500/195 721/1779/809 724/1781/700 725/501/190
f 721/1777/705 720/340/295 723/342/296 724/1782/702
f 726/343/297 727/1783/705 742/1784/699 741/353/301
f 727/1785/809 728/504/195 743/527/194 742/1786/698
f 728/504/195 727/1785/809 730/1787/810 731/505/190
f 727/1783/705 726/343/297 729/345/296 730/1788/702
f 725/520/190 724/1789/700 733/1790/701 734/521/191
f 724/1782/702 723/342/296 732/350/300 733/1791/703
f 731/524/190 730/1792/810 736/1793/701 737/525/191
f 730/1788/702 729/345/296 735/351/300 736/1794/703
f 738/352/301 739/1778/699 763/1795/128 762/364/127
f 739/1780/698 740/529/194 764/558/124 763/1796/123
f 741/353/301 742/1784/699 766/1797/128 765/365/127
f 742/1786/698 743/527/194 767/560/124 766/1798/123
f 744/354/302 745/1769/801 769/1799/811 768/366/310
f 745/1770/802 746/439/343 770/471/358 769/1800/812
f 713/407/328 712/1771/803 748/1801/813 749/441/344
f 712/1772/804 711/329/288 747/355/303 748/1802/814
f 716/421/337 715/1773/805 751/1803/815 752/455/353
f 715/1774/806 714/338/293 750/360/308 751/1804/816
f 753/361/309 754/1775/807 778/1805/817 777/369/313
f 754/1776/808 755/457/355 779/481/363 778/1806/818
f 734/521/191 733/1790/701 757/1807/692 758/556/215
f 733/1791/703 732/350/300 756/362/185 757/1808/694
f 737/525/191 736/1793/701 760/1809/692 761/554/215
f 736/1794/703 735/351/300 759/363/185 760/1810/694
f 762/364/127 763/1795/128 787/1811/125 786/372/315
f 763/1796/123 764/558/124 788/618/121 787/1812/122
f 765/365/127 766/1797/128 790/1813/125 789/373/126
f 766/1798/123 767/560/124 791/620/121 790/1814/122
f 768/366/310 769/1799/811 772/1815/819 771/367/311
f 769/1816/812 770/483/358 773/473/359 772/1817/820
f 749/441/344 748/1801/813 772/1817/820 773/473/359
f 748/1802/814 747/355/303 771/367/311 772/1815/819
f 752/455/353 751/1803/815 775/1818/821 776/479/361
f 751/1804/816 750/360/308 774/368/312 775/1819/822
f 776/497/361 775/1820/821 778/1806/818 779/481/363
f 775/1819/822 774/368/312 777/369/313 778/1805/817
f 758/556/215 757/1807/692 781/1821/693 782/614/247
f 757/1808/694 756/362/185 780/370/314 781/1822/695
f 761/554/215 760/1809/692 784/1823/693 785/616/247
f 760/1810/694 759/363/185 783/371/187 784/1824/695
f 786/372/315 787/1811/125 802/1825/696 801/385/202
f 787/1812/122 788/618/121 803/668/292 802/1826/823
f 789/373/126 790/1813/125 799/1827/696 798/384/202
f 790/1814/122 791/620/121 800/666/292 799/1828/823
f 782/614/247 781/1821/693 793/1829/716 794/662/290
f 781/1822/695 780/370/314 792/382/201 793/1830/717
f 785/616/247 784/1823/693 796/1831/824 797/664/290
f 784/1824/695 783/371/187 795/383/201 796/1832/717
f 798/384/202 799/1827/696 877/1833/718 876/422/229
f 799/1828/823 800/666/292 878/1834/318 877/1835/825
f 801/385/202 802/1825/696 880/1836/718 879/423/338
f 802/1826/823 803/668/292 881/1837/318 880/1838/825
f 804/386/319 805/1839/826 832/1840/827 831/399/324
f 805/1841/828 806/588/385 833/587/392 832/1842/829
f 806/569/385 805/1843/828 808/1844/830 809/570/386
f 805/1839/826 804/386/319 807/388/320 808/1845/831
f 810/389/319 811/1846/826 838/1847/827 837/401/324
f 811/1848/828 812/594/385 839/593/392 838/1849/829
f 812/573/385 811/1850/828 814/1851/830 815/574/386
f 811/1846/826 810/389/319 813/391/320 814/1852/831
f 816/392/319 817/1853/826 844/1854/827 843/403/324
f 817/1855/828 818/602/385 845/601/392 844/1856/832
f 818/577/385 817/1857/828 820/1858/830 821/578/386
f 817/1853/826 816/392/319 819/394/320 820/1859/831
f 822/395/321 823/1860/833 850/1861/834 849/405/327
f 823/1862/835 824/581/389 851/608/398 850/1863/836
f 824/581/389 823/1862/835 826/1864/837 827/582/390
f 823/1860/833 822/395/321 825/397/322 826/1865/838
f 809/570/386 808/1844/830 829/1866/839 830/590/394
f 808/1845/831 807/388/320 828/398/323 829/1867/840
f 831/399/324 832/1840/827 856/1868/841 855/411/331
f 832/1842/829 833/587/392 857/628/400 856/1869/842
f 815/574/386 814/1851/830 835/1870/839 836/596/394
f 814/1852/831 813/391/320 834/400/325 835/1871/840
f 837/401/324 838/1847/827 859/1872/841 858/412/331
f 838/1849/829 839/593/392 860/632/400 859/1873/842
f 821/578/386 820/1858/830 841/1874/839 842/598/394
f 820/1859/831 819/394/320 840/402/325 841/1875/840
f 843/403/324 844/1854/827 868/1876/841 867/415/331
f 844/1856/832 845/601/392 869/636/400 868/1877/843
f 827/605/390 826/1878/837 847/1879/844 848/606/396
f 826/1865/838 825/397/322 846/404/326 847/1880/845
f 849/405/327 850/1861/834 874/1881/846 873/417/333
f 850/1863/836 851/608/398 875/640/402 874/1882/847
f 830/590/394 829/1866/839 853/1883/848 854/626/399
f 829/1867/840 828/398/323 852/410/330 853/1884/849
f 855/411/331 856/1868/841 892/1885/850 891/427/340
f 856/1869/842 857/628/400 893/658/406 892/1886/851
f 858/412/331 859/1872/841 898/1887/850 897/429/340
f 859/1873/842 860/632/400 899/660/406 898/1888/851
f 836/596/394 835/1870/839 862/1889/848 863/630/399
f 835/1871/840 834/400/325 861/413/330 862/1890/849
f 842/598/394 841/1874/839 865/1891/848 866/634/399
f 841/1875/840 840/402/325 864/414/330 865/1892/849
f 867/415/331 868/1876/841 907/1893/850 906/432/340
f 868/1877/843 869/636/400 908/654/406 907/1894/852
f 848/606/396 847/1879/844 871/1895/853 872/638/401
f 847/1880/845 846/404/326 870/416/332 871/1896/854
f 873/417/333 874/1881/846 904/1897/855 903/431/341
f 874/1882/847 875/640/402 905/650/405 904/1898/856
f 876/422/229 877/1833/718 913/1899/753 912/434/241
f 877/1900/825 878/696/318 914/763/350 913/1901/752
f 879/423/338 880/1836/718 916/1902/753 915/435/241
f 880/1903/825 881/704/318 917/765/350 916/1904/752
f 794/700/290 793/1905/716 883/1906/184 884/701/183
f 793/1830/717 792/382/201 882/424/180 883/1907/179
f 797/708/290 796/1908/824 886/1909/184 887/709/183
f 796/1832/717 795/383/201 885/425/180 886/1910/179
f 854/626/399 853/1883/848 889/1911/857 890/646/403
f 853/1884/849 852/410/330 888/426/339 889/1912/858
f 891/427/340 892/1885/850 928/1913/859 927/443/346
f 892/1886/851 893/658/406 929/691/415 928/1914/860
f 863/630/399 862/1889/848 895/1915/857 896/652/403
f 862/1890/849 861/413/330 894/428/339 895/1916/858
f 897/429/340 898/1887/850 940/1917/859 939/447/346
f 898/1888/851 899/660/406 941/693/415 940/1918/860
f 866/634/399 865/1891/848 901/1919/857 902/648/403
f 865/1892/849 864/414/330 900/430/339 901/1920/858
f 903/431/341 904/1897/855 925/1921/861 924/442/345
f 904/1898/856 905/650/405 926/679/412 925/1922/862
f 906/432/340 907/1893/850 943/1923/859 942/448/346
f 907/1894/852 908/654/406 944/683/415 943/1924/860
f 872/638/401 871/1895/853 910/1925/863 911/656/408
f 871/1896/854 870/416/332 909/433/342 910/1926/864
f 912/434/241 913/1899/753 949/1927/751 948/458/249
f 913/1901/752 914/763/350 950/809/228 949/1928/749
f 915/435/241 916/1902/753 952/1929/751 951/459/249
f 916/1904/752 917/765/350 953/811/228 952/1930/749
f 884/701/183 883/1906/184 919/1931/181 920/767/182
f 883/1907/179 882/424/180 918/436/177 919/1932/178
f 887/709/183 886/1909/184 922/1933/181 923/769/182
f 886/1910/179 885/425/180 921/437/177 922/1934/865
f 924/442/345 925/1921/861 979/1935/769 978/468/357
f 925/1936/862 926/745/412 980/744/424 979/1937/768
f 927/443/346 928/1913/859 961/1938/759 960/462/356
f 928/1939/860 929/729/415 962/728/420 961/1940/758
f 890/646/403 889/1911/857 931/1941/866 932/689/416
f 889/1912/858 888/426/339 930/444/347 931/1942/867
f 896/652/403 895/1915/857 934/1943/866 935/685/416
f 895/1916/858 894/428/339 933/445/347 934/1944/867
f 902/648/403 901/1919/857 937/1945/866 938/681/414
f 901/1920/858 900/430/339 936/446/347 937/1946/867
f 939/447/346 940/1917/859 964/1947/759 963/463/356
f 940/1948/860 941/737/415 965/736/420 964/1949/758
f 942/448/346 943/1923/859 967/1950/759 966/464/356
f 943/1951/860 944/733/415 968/732/420 967/1952/758
f 911/656/408 910/1925/863 946/1953/868 947/687/418
f 910/1926/864 909/433/342 945/449/348 946/1954/869
f 948/458/249 949/1927/751 994/1955/750 993/477/272
f 949/1928/749 950/809/228 995/845/227 994/1956/748
f 951/459/249 952/1929/751 991/1957/750 990/476/272
f 952/1930/749 953/811/228 992/843/227 991/1958/748
f 923/769/182 922/1933/181 955/1959/742 956/815/224
f 922/1934/865 921/437/177 954/460/250 955/1960/870
f 920/767/182 919/1931/181 958/1961/742 959/813/224
f 919/1932/178 918/436/177 957/461/250 958/1962/744
f 960/462/356 961/1938/759 1009/1963/757 1008/488/364
f 961/1940/758 962/728/420 1010/795/232 1009/1964/755
f 963/463/356 964/1947/759 1012/1965/757 1011/489/364
f 964/1949/758 965/736/420 1013/797/232 1012/1966/871
f 966/464/356 967/1950/759 1015/1967/757 1014/490/364
f 967/1952/758 968/732/420 1016/793/232 1015/1968/755
f 932/756/416 931/1969/866 970/1970/176 971/757/175
f 931/1942/867 930/444/347 969/465/172 970/1971/171
f 935/752/416 934/1972/866 973/1973/176 974/753/175
f 934/1944/867 933/445/347 972/466/172 973/1974/171
f 938/740/414 937/1975/866 976/1976/176 977/741/422
f 937/1946/867 936/446/347 975/467/172 976/1977/171
f 978/468/357 979/1935/769 1027/1978/767 1026/494/366
f 979/1937/768 980/744/424 1028/803/238 1027/1979/765
f 947/748/418 946/1980/868 982/1981/168 983/749/167
f 946/1954/869 945/449/348 981/469/164 982/1982/163
f 956/815/224 955/1959/742 985/1983/743 986/839/225
f 955/1960/870 954/460/250 984/474/271 985/1984/788
f 959/813/224 958/1961/742 988/1985/743 989/841/225
f 958/1962/744 957/461/250 987/475/271 988/1986/745
f 990/476/272 991/1957/750 1006/1987/872 1005/487/276
f 991/1958/748 992/843/227 1007/875/245 1006/1988/873
f 993/477/272 994/1955/750 1003/1989/775 1002/486/276
f 994/1956/748 995/845/227 1004/877/245 1003/1990/774
f 986/839/225 985/1983/743 997/1991/874 998/871/243
f 985/1984/788 984/474/271 996/484/275 997/1992/747
f 989/841/225 988/1985/743 1000/1993/874 1001/873/243
f 988/1986/745 987/475/271 999/485/275 1000/1994/747
f 998/1995/243 997/1996/874 1003/1990/774 1004/877/245
f 997/1992/747 996/484/275 1002/486/276 1003/1989/775
f 1001/1997/243 1000/1998/874 1006/1988/873 1007/875/245
f 1000/1994/747 999/485/275 1005/487/276 1006/1987/872
f 1008/488/364 1009/1963/757 1033/1999/756 1032/510/367
f 1009/1964/755 1010/795/232 1034/847/231 1033/2000/754
f 1011/489/364 1012/1965/757 1036/2001/756 1035/511/368
f 1012/1966/871 1013/797/232 1037/851/231 1036/2002/875
f 1014/490/364 1015/1967/757 1039/2003/756 1038/512/367
f 1015/1968/755 1016/793/232 1040/849/231 1039/2004/754
f 983/749/167 982/1981/168 1018/2005/165 1019/799/166
f 982/1982/163 981/469/164 1017/491/161 1018/2006/162
f 977/741/422 976/1976/176 1021/2007/173 1022/801/427
f 976/1977/171 975/467/172 1020/492/365 1021/2008/170
f 971/757/175 970/1970/176 1024/2009/173 1025/807/174
f 970/1971/171 969/465/172 1023/493/365 1024/2010/170
f 1026/494/366 1027/1978/767 1048/2011/766 1047/515/371
f 1027/1979/765 1028/803/238 1049/857/237 1048/2012/764
f 974/753/175 973/1973/176 1030/2013/876 1031/805/174
f 973/1974/171 972/466/172 1029/495/365 1030/2014/170
f 1032/510/367 1033/1999/756 1069/2015/782 1068/535/373
f 1033/2000/754 1034/847/231 1070/891/264 1069/2016/877
f 1035/511/368 1036/2001/756 1072/2017/782 1071/536/374
f 1036/2002/875 1037/851/231 1073/893/264 1072/2018/877
f 1038/512/367 1039/2003/756 1081/2019/782 1080/539/374
f 1039/2004/754 1040/849/231 1082/889/264 1081/2020/783
f 1019/799/166 1018/2005/165 1042/2021/760 1043/853/234
f 1018/2006/162 1017/491/161 1041/513/369 1042/2022/761
f 1022/801/427 1021/2007/173 1045/2023/770 1046/855/431
f 1021/2008/170 1020/492/365 1044/514/370 1045/2024/771
f 1047/515/371 1048/2011/766 1090/2025/786 1089/542/378
f 1048/2012/764 1049/857/237 1091/897/268 1090/2026/787
f 1025/807/174 1024/2009/173 1051/2027/770 1052/861/240
f 1024/2010/170 1023/493/365 1050/516/370 1051/2028/771
f 1031/805/174 1030/2013/876 1054/2029/878 1055/859/240
f 1030/2014/170 1029/495/365 1053/517/370 1054/2030/771
f 1056/530/295 1057/2031/705 1066/2032/699 1065/534/301
f 1057/2033/704 1058/786/195 1067/823/194 1066/2034/698
f 1058/786/195 1057/2033/704 1060/2035/810 1061/787/190
f 1057/2031/705 1056/530/295 1059/532/296 1060/2036/702
f 1061/820/190 1060/2037/810 1063/2038/701 1064/821/191
f 1060/2036/702 1059/532/296 1062/533/372 1063/2039/703
f 1065/534/301 1066/2032/699 1096/2040/128 1095/544/127
f 1066/2034/698 1067/823/194 1097/833/124 1096/2041/123
f 1068/535/373 1069/2015/782 1117/2042/798 1116/551/382
f 1069/2016/877 1070/891/264 1118/917/286 1117/2043/797
f 1071/536/374 1072/2017/782 1120/2044/798 1119/552/382
f 1072/2018/877 1073/893/264 1121/915/286 1120/2045/797
f 1043/853/234 1042/2021/760 1075/2046/762 1076/887/262
f 1042/2022/761 1041/513/369 1074/537/375 1075/2047/763
f 1052/861/240 1051/2027/770 1078/2048/772 1079/901/266
f 1051/2028/771 1050/516/370 1077/538/376 1078/2049/773
f 1080/539/374 1081/2019/782 1114/2050/798 1113/550/382
f 1081/2020/783 1082/889/264 1115/913/286 1114/2051/797
f 1055/859/240 1054/2029/878 1084/2052/772 1085/899/266
f 1054/2030/771 1053/517/370 1083/540/377 1084/2053/773
f 1046/855/431 1045/2023/770 1087/2054/772 1088/895/266
f 1045/2024/771 1044/514/370 1086/541/377 1087/2055/773
f 1089/542/378 1090/2025/786 1108/2056/800 1107/548/381
f 1090/2026/787 1091/897/268 1109/909/284 1108/2057/799
f 1064/821/191 1063/2038/701 1093/2058/692 1094/831/215
f 1063/2039/703 1062/533/372 1092/543/185 1093/2059/694
f 1095/544/127 1096/2040/128 1126/2060/125 1125/562/315
f 1096/2041/123 1097/833/124 1127/881/121 1126/2061/122
f 1079/901/266 1078/2048/772 1099/2062/784 1100/905/280
f 1078/2049/773 1077/538/376 1098/545/379 1099/2063/785
f 1085/899/266 1084/2052/772 1102/2064/784 1103/907/280
f 1084/2053/773 1083/540/377 1101/546/379 1102/2065/785
f 1076/887/262 1075/2046/762 1105/2066/780 1106/903/282
f 1075/2047/763 1074/537/375 1104/547/380 1105/2067/781
f 1106/2068/282 1105/2069/780 1108/2057/799 1109/909/284
f 1105/2067/781 1104/547/380 1107/548/381 1108/2056/800
f 1088/895/266 1087/2054/772 1111/2070/784 1112/911/280
f 1087/2055/773 1086/541/377 1110/549/379 1111/2071/785
f 1112/925/280 1111/2072/784 1114/2051/797 1115/913/286
f 1111/2071/785 1110/549/379 1113/550/382 1114/2050/798
f 1100/929/280 1099/2073/784 1117/2043/797 1118/917/286
f 1099/2063/785 1098/545/379 1116/551/382 1117/2042/798
f 1103/927/280 1102/2074/784 1120/2045/797 1121/915/286
f 1102/2065/785 1101/546/379 1119/552/382 1120/2044/798
f 1094/831/215 1093/2058/692 1123/2075/693 1124/879/247
f 1093/2059/694 1092/543/185 1122/561/187 1123/2076/695
f 1125/562/315 1126/2060/125 1132/2077/696 1131/584/202
f 1126/2061/122 1127/881/121 1133/921/292 1132/2078/823
f 1124/879/247 1123/2075/693 1129/2079/716 1130/919/290
f 1123/2076/695 1122/561/187 1128/583/201 1129/2080/717
f 1131/584/202 1132/2077/696 1135/2081/718 1134/623/229
f 1132/2078/823 1133/921/292 1136/2082/318 1135/2083/825
f 1134/623/229 1135/2081/718 1141/2084/753 1140/641/241
f 1135/2085/825 1136/932/318 1142/939/350 1141/2086/752
f 1130/936/290 1129/2087/716 1138/2088/879 1139/937/183
f 1129/2080/717 1128/583/201 1137/624/180 1138/2089/179
f 1140/641/241 1141/2084/753 1147/2090/751 1146/643/249
f 1141/2086/752 1142/939/350 1148/947/228 1147/2091/749
f 1139/937/183 1138/2088/879 1144/2092/181 1145/941/182
f 1138/2089/179 1137/624/180 1143/642/177 1144/2093/865
f 1146/643/249 1147/2090/751 1156/2094/750 1155/670/272
f 1147/2091/749 1148/947/228 1157/963/227 1156/2095/748
f 1145/941/182 1144/2092/181 1150/2096/742 1151/949/224
f 1144/2093/865 1143/642/177 1149/644/250 1150/2097/870
f 1151/949/224 1150/2096/742 1153/2098/743 1154/961/225
f 1150/2097/870 1149/644/250 1152/669/409 1153/2099/788
f 1155/670/272 1156/2094/750 1162/2100/775 1161/672/276
f 1156/2095/748 1157/963/227 1163/987/245 1162/2101/774
f 1154/961/225 1153/2098/743 1159/2102/874 1160/985/243
f 1153/2099/788 1152/669/409 1158/671/275 1159/2103/747
f 1160/2104/243 1159/2105/874 1162/2101/774 1163/987/245
f 1159/2103/747 1158/671/275 1161/672/276 1162/2100/775
f 1164/673/295 1165/2106/705 1174/2107/699 1173/677/410
f 1165/2108/809 1166/944/195 1175/955/194 1174/2109/698
f 1166/944/195 1165/2108/809 1168/2110/810 1169/945/190
f 1165/2106/705 1164/673/295 1167/675/296 1168/2111/702
f 1169/952/190 1168/2112/810 1171/2113/701 1172/953/191
f 1168/2111/702 1167/675/296 1170/676/300 1171/2114/703
f 1173/677/410 1174/2107/699 1180/2115/128 1179/711/127
f 1174/2109/698 1175/955/194 1181/959/124 1180/2116/123
f 1172/953/191 1171/2113/701 1177/2117/692 1178/957/215
f 1171/2114/703 1170/676/300 1176/710/185 1177/2118/694
f 1179/711/127 1180/2115/128 1186/2119/125 1185/713/315
f 1180/2116/123 1181/959/124 1187/991/121 1186/2120/122
f 1178/957/215 1177/2117/692 1183/2121/693 1184/989/247
f 1177/2118/694 1176/710/185 1182/712/314 1183/2122/695
f 1185/713/315 1186/2119/125 1192/2123/696 1191/715/202
f 1186/2120/122 1187/991/121 1193/1013/292 1192/2124/823
f 1184/989/247 1183/2121/693 1189/2125/716 1190/1011/290
f 1183/2122/695 1182/712/314 1188/714/201 1189/2126/717
f 1191/715/202 1192/2123/696 1231/2127/718 1230/770/229
f 1192/2124/823 1193/1013/292 1232/2128/318 1231/2129/825
f 1194/716/319 1195/2130/826 1210/2131/827 1209/723/324
f 1195/2132/828 1196/977/385 1211/976/392 1210/2133/829
f 1196/966/385 1195/2134/828 1198/2135/830 1199/967/386
f 1195/2130/826 1194/716/319 1197/718/320 1198/2136/831
f 1200/719/321 1201/2137/833 1213/2138/834 1212/724/327
f 1201/2139/835 1202/970/389 1214/983/398 1213/2140/836
f 1202/970/389 1201/2139/835 1204/2141/837 1205/971/390
f 1201/2137/833 1200/719/321 1203/721/322 1204/2142/838
f 1199/967/386 1198/2135/830 1207/2143/839 1208/973/394
f 1198/2136/831 1197/718/320 1206/722/325 1207/2144/840
f 1209/723/324 1210/2131/827 1225/2145/841 1224/760/331
f 1210/2133/829 1211/976/392 1226/999/400 1225/2146/842
f 1212/724/327 1213/2138/834 1222/2147/846 1221/759/333
f 1213/2140/836 1214/983/398 1223/997/402 1222/2148/847
f 1205/980/390 1204/2149/837 1216/2150/844 1217/981/396
f 1204/2142/838 1203/721/322 1215/725/419 1216/2151/845
f 1208/973/394 1207/2143/839 1219/2152/880 1220/995/433
f 1207/2144/840 1206/722/325 1218/758/330 1219/2153/849
f 1221/759/333 1222/2147/846 1237/2154/855 1236/772/341
f 1222/2148/847 1223/997/402 1238/1003/405 1237/2155/856
f 1224/760/331 1225/2145/841 1246/2156/850 1245/775/340
f 1225/2146/842 1226/999/400 1247/1009/406 1246/2157/851
f 1217/981/396 1216/2150/844 1228/2158/853 1229/1001/401
f 1216/2151/845 1215/725/419 1227/761/332 1228/2159/854
f 1230/770/229 1231/2127/718 1249/2160/753 1248/776/241
f 1231/2161/825 1232/1024/318 1250/1047/350 1249/2162/752
f 1190/1028/290 1189/2163/716 1234/2164/879 1235/1029/183
f 1189/2126/717 1188/714/201 1233/771/180 1234/2165/179
f 1236/772/341 1237/2154/855 1255/2166/861 1254/778/345
f 1237/2155/856 1238/1003/405 1256/1015/412 1255/2167/862
f 1229/1001/401 1228/2158/853 1240/2168/863 1241/1007/408
f 1228/2159/854 1227/761/332 1239/773/342 1240/2169/864
f 1220/995/433 1219/2152/880 1243/2170/881 1244/1005/434
f 1219/2153/849 1218/758/330 1242/774/339 1243/2171/858
f 1245/775/340 1246/2156/850 1261/2172/859 1260/780/346
f 1246/2157/851 1247/1009/406 1262/1021/415 1261/2173/860
f 1248/776/241 1249/2160/753 1267/2174/751 1266/782/249
f 1249/2162/752 1250/1047/350 1268/1059/228 1267/2175/749
f 1235/1029/183 1234/2164/879 1252/2176/181 1253/1049/182
f 1234/2165/179 1233/771/180 1251/777/177 1252/2177/865
f 1254/778/345 1255/2166/861 1273/2178/769 1272/788/357
f 1255/2179/862 1256/1033/412 1274/1032/424 1273/2180/768
f 1241/1007/408 1240/2168/863 1258/2181/868 1259/1017/418
f 1240/2169/864 1239/773/342 1257/779/348 1258/2182/869
f 1260/780/346 1261/2172/859 1279/2183/759 1278/790/356
f 1261/2184/860 1262/1041/415 1280/1040/420 1279/2185/758
f 1244/1005/434 1243/2170/881 1264/2186/882 1265/1019/436
f 1243/2171/858 1242/774/339 1263/781/347 1264/2187/867
f 1266/782/249 1267/2174/751 1288/2188/750 1287/817/272
f 1267/2175/749 1268/1059/228 1289/1065/227 1288/2189/748
f 1253/1049/182 1252/2176/181 1270/2190/742 1271/1061/224
f 1252/2177/865 1251/777/177 1269/783/250 1270/2191/870
f 1272/788/357 1273/2178/769 1303/2192/767 1302/828/428
f 1273/2180/768 1274/1032/424 1304/1055/238 1303/2193/883
f 1259/1036/418 1258/2194/868 1276/2195/168 1277/1037/167
f 1258/2182/869 1257/779/348 1275/789/164 1276/2196/163
f 1278/790/356 1279/2183/759 1300/2197/757 1299/827/364
f 1279/2185/758 1280/1040/420 1301/1053/232 1300/2198/871
f 1265/1044/436 1264/2199/882 1282/2200/176 1283/1045/175
f 1264/2187/867 1263/781/347 1281/791/172 1282/2201/171
f 1271/1061/224 1270/2190/742 1285/2202/743 1286/1063/225
f 1270/2191/870 1269/783/250 1284/816/409 1285/2203/788
f 1287/817/272 1288/2188/750 1294/2204/775 1293/825/276
f 1288/2189/748 1289/1065/227 1295/1077/245 1294/2205/873
f 1286/1063/225 1285/2202/743 1291/2206/746 1292/1075/243
f 1285/2203/788 1284/816/409 1290/824/275 1291/2207/747
f 1292/2208/243 1291/2209/746 1294/2205/873 1295/1077/245
f 1291/2207/747 1290/824/275 1293/825/276 1294/2204/775
f 1277/1037/167 1276/2195/168 1297/2210/165 1298/1051/166
f 1276/2196/163 1275/789/164 1296/826/161 1297/2211/162
f 1299/827/364 1300/2197/757 1312/2212/756 1311/835/368
f 1300/2198/871 1301/1053/232 1313/1067/231 1312/2213/875
f 1302/828/428 1303/2192/767 1315/2214/766 1314/836/429
f 1303/2193/883 1304/1055/238 1316/1071/237 1315/2215/764
f 1283/1045/175 1282/2200/176 1306/2216/876 1307/1057/174
f 1282/2201/171 1281/791/172 1305/829/365 1306/2217/170
f 1298/1051/166 1297/2210/165 1309/2218/760 1310/1069/234
f 1297/2211/162 1296/826/161 1308/834/369 1309/2219/761
f 1311/835/368 1312/2212/756 1324/2220/782 1323/863/374
f 1312/2213/875 1313/1067/231 1325/1083/264 1324/2221/877
f 1314/836/429 1315/2214/766 1330/2222/786 1329/865/378
f 1315/2215/764 1316/1071/237 1331/1087/268 1330/2223/884
f 1307/1057/174 1306/2216/876 1318/2224/770 1319/1073/240
f 1306/2217/170 1305/829/365 1317/837/370 1318/2225/771
f 1310/1069/234 1309/2218/760 1321/2226/762 1322/1081/262
f 1309/2219/761 1308/834/369 1320/862/375 1321/2227/763
f 1323/863/374 1324/2220/782 1342/2228/798 1341/869/382
f 1324/2221/877 1325/1083/264 1343/1095/286 1342/2229/797
f 1319/1073/240 1318/2224/770 1327/2230/772 1328/1085/266
f 1318/2225/771 1317/837/370 1326/864/376 1327/2231/773
f 1329/865/378 1330/2222/786 1339/2232/800 1338/868/432
f 1330/2223/884 1331/1087/268 1340/1093/284 1339/2233/799
f 1328/1085/266 1327/2230/772 1333/2234/784 1334/1091/280
f 1327/2231/773 1326/864/376 1332/866/379 1333/2235/785
f 1322/1081/262 1321/2226/762 1336/2236/780 1337/1089/282
f 1321/2227/763 1320/862/375 1335/867/380 1336/2237/781
f 1337/2238/282 1336/2239/780 1339/2233/799 1340/1093/284
f 1336/2237/781 1335/867/380 1338/868/432 1339/2232/800
f 1334/1099/280 1333/2240/784 1342/2229/797 1343/1095/286
f 1333/2235/785 1332/866/379 1341/869/382 1342/2228/798
f 590/1166/250 589/1686/744 1345/202/178 1346/201/177
f 589/1684/742 588/249/224 1344/206/182 1345/205/181
f 1347/1102/437 1348/1694/752 1366/2241/719 1365/1141/318
f 1348/1695/753 1349/1171/452 1367/1186/229 1366/2242/718
f 1350/196/172 1351/195/171 1369/2243/867 1368/1167/347
f 1351/200/176 1352/199/175 1370/1150/416 1369/2244/866
f 1353/1105/424 1354/1716/768 1378/2245/862 1377/1156/412
f 1354/1717/769 1355/1142/357 1379/1170/345 1378/2246/861
f 1356/188/164 1357/187/163 1372/2247/869 1371/1168/348
f 1357/192/168 1358/191/167 1373/1152/418 1372/2248/868
f 1359/1108/420 1360/1706/758 1375/2249/860 1374/1154/415
f 1360/1707/759 1361/1143/356 1376/1169/346 1375/2250/859
f 1362/204/180 1363/203/179 1393/2251/717 1392/1213/201
f 1363/208/184 1364/207/183 1394/1190/290 1393/2252/824
f 1365/2253/318 1366/2254/719 1396/2255/823 1395/1235/292
f 1366/2242/718 1367/1186/229 1397/1214/202 1396/2256/696
f 1368/1167/347 1369/2243/867 1381/2257/858 1380/1182/339
f 1369/2258/866 1370/1200/416 1382/1199/403 1381/2259/857
f 1371/1168/348 1372/2247/869 1387/2260/864 1386/1184/459
f 1372/2261/868 1373/1204/418 1388/1203/408 1387/2262/863
f 1374/1195/415 1375/2263/860 1384/2264/851 1383/1196/406
f 1375/2250/859 1376/1169/346 1385/1183/340 1384/2265/850
f 1377/1207/412 1378/2266/862 1390/2267/856 1389/1208/405
f 1378/2246/861 1379/1170/345 1391/1185/460 1390/2268/855
f 1380/1182/339 1381/2257/858 1402/2269/849 1401/1210/330
f 1381/2259/857 1382/1199/403 1403/1244/399 1402/2270/848
f 1386/1184/459 1387/2260/864 1405/2271/854 1404/1211/332
f 1387/2262/863 1388/1203/408 1406/1246/401 1405/2272/853
f 1392/1213/201 1393/2251/717 1438/2273/695 1437/1224/187
f 1393/2274/824 1394/1240/290 1439/1239/247 1438/2275/693
f 1383/1196/406 1384/2264/851 1399/2276/842 1400/1242/400
f 1384/2265/850 1385/1183/340 1398/1209/331 1399/2277/841
f 1401/1210/330 1402/2269/849 1414/2278/840 1413/1216/325
f 1402/2270/848 1403/1244/399 1415/1279/394 1414/2279/839
f 1404/1211/332 1405/2271/854 1411/2280/845 1410/1215/326
f 1405/2272/853 1406/1246/401 1412/1275/396 1411/2281/844
f 1389/1208/405 1390/2267/856 1408/2282/847 1409/1248/402
f 1390/2268/855 1391/1185/460 1407/1212/333 1408/2283/846
f 1410/1215/326 1411/2280/845 1423/2284/838 1422/1219/322
f 1411/2281/844 1412/1275/396 1424/1295/390 1423/2285/837
f 1413/1216/325 1414/2278/840 1429/2286/831 1428/1221/320
f 1414/2279/839 1415/1279/394 1430/1297/386 1429/2287/830
f 1409/1248/402 1408/2282/847 1417/2288/836 1418/1281/398
f 1408/2283/846 1407/1212/333 1416/1217/461 1417/2289/834
f 1400/1242/400 1399/2276/842 1420/2290/829 1421/1277/392
f 1399/2277/841 1398/1209/331 1419/1218/462 1420/2291/827
f 1422/1219/322 1423/2284/838 1426/2292/833 1425/1220/321
f 1423/2293/837 1424/1305/390 1427/1293/389 1426/2294/835
f 1418/1281/398 1417/2288/836 1426/2294/835 1427/1293/389
f 1417/2289/834 1416/1217/461 1425/1220/321 1426/2292/833
f 1428/1221/320 1429/2286/831 1432/2295/826 1431/1222/319
f 1429/2287/830 1430/1297/386 1433/1307/385 1432/2296/828
f 1421/1277/392 1420/2290/829 1432/2297/828 1433/1299/385
f 1420/2291/827 1419/1218/462 1431/1222/319 1432/2295/826
f 1395/1235/292 1396/2255/823 1435/2298/122 1436/1236/121
f 1396/2256/696 1397/1214/202 1434/1223/126 1435/2299/125
f 1437/1224/187 1438/2273/695 1444/2300/694 1443/1226/185
f 1438/2275/693 1439/1239/247 1445/1289/215 1444/2301/692
f 1436/1236/121 1435/2298/122 1441/2302/123 1442/1287/124
f 1435/2299/125 1434/1223/126 1440/1225/127 1441/2303/128
f 1443/1226/185 1444/2300/694 1486/2304/703 1485/1259/372
f 1444/2301/692 1445/1289/215 1487/1317/191 1486/2305/701
f 1446/1227/463 1447/2306/885 1465/2307/886 1464/1251/469
f 1447/2308/887 1448/1359/527 1466/1358/536 1465/2309/888
f 1448/1348/527 1447/2310/887 1450/2311/889 1451/1349/528
f 1447/2306/885 1446/1227/463 1449/1229/464 1450/2312/890
f 1452/1230/465 1453/2313/891 1468/2314/892 1467/1252/470
f 1453/2315/893 1454/1363/523 1469/1362/538 1468/2316/894
f 1454/1344/523 1453/2317/893 1456/2318/895 1457/1345/524
f 1453/2313/891 1452/1230/465 1455/1232/466 1456/2319/896
f 1451/1349/528 1450/2311/889 1459/2320/897 1460/1355/534
f 1450/2312/890 1449/1229/464 1458/1249/467 1459/2321/898
f 1457/1345/524 1456/2318/895 1462/2322/899 1463/1353/532
f 1456/2319/896 1455/1232/466 1461/1250/468 1462/2323/900
f 1464/1251/469 1465/2307/886 1495/2324/901 1494/1262/477
f 1465/2309/888 1466/1358/536 1496/1379/548 1495/2325/902
f 1467/1252/470 1468/2314/892 1498/2326/903 1497/1263/478
f 1468/2316/894 1469/1362/538 1499/1381/550 1498/2327/904
f 1470/1253/471 1471/2328/905 1480/2329/906 1479/1257/474
f 1471/2330/907 1472/1373/539 1481/1372/542 1480/2331/908
f 1472/1366/539 1471/2332/907 1474/2333/909 1475/1367/540
f 1471/2328/905 1470/1253/471 1473/1255/472 1474/2334/910
f 1475/1367/540 1474/2333/909 1477/2335/911 1478/1369/541
f 1474/2334/910 1473/1255/472 1476/1256/473 1477/2336/912
f 1479/1257/474 1480/2329/906 1501/2337/913 1500/1264/479
f 1480/2331/908 1481/1372/542 1502/1383/551 1501/2338/914
f 1442/1287/124 1441/2302/123 1483/2339/698 1484/1315/194
f 1441/2303/128 1440/1225/127 1482/1258/410 1483/2340/699
f 1485/1259/372 1486/2304/703 1510/2341/702 1509/1267/296
f 1486/2305/701 1487/1317/191 1511/1327/190 1510/2342/810
f 1460/1355/534 1459/2320/897 1489/2343/915 1490/1375/544
f 1459/2321/898 1458/1249/467 1488/1260/475 1489/2344/916
f 1463/1353/532 1462/2322/899 1492/2345/917 1493/1377/546
f 1462/2323/900 1461/1250/468 1491/1261/476 1492/2346/918
f 1494/1262/477 1495/2324/901 1519/2347/919 1518/1270/483
f 1495/2325/902 1496/1379/548 1520/1387/554 1519/2348/920
f 1497/1263/478 1498/2326/903 1522/2349/921 1521/1271/484
f 1498/2327/904 1499/1381/550 1523/1389/556 1522/2350/922
f 1500/1264/479 1501/2337/913 1528/2351/923 1527/1273/486
f 1501/2338/914 1502/1383/551 1529/1397/562 1528/2352/924
f 1478/1369/541 1477/2335/911 1504/2353/925 1505/1385/552
f 1477/2336/912 1476/1256/473 1503/1265/480 1504/2354/926
f 1484/1315/194 1483/2339/698 1507/2355/809 1508/1325/195
f 1483/2340/699 1482/1258/410 1506/1266/295 1507/2356/705
f 1508/1325/195 1507/2355/809 1510/2357/810 1511/1335/190
f 1507/2356/705 1506/1266/295 1509/1267/296 1510/2341/702
f 1490/1375/544 1489/2343/915 1513/2358/927 1514/1391/558
f 1489/2344/916 1488/1260/475 1512/1268/481 1513/2359/928
f 1493/1377/546 1492/2345/917 1516/2360/929 1517/1393/560
f 1492/2346/918 1491/1261/476 1515/1269/482 1516/2361/930
f 1518/1270/483 1519/2347/919 1537/2362/931 1536/1284/489
f 1519/2348/920 1520/1387/554 1538/1403/568 1537/2363/932
f 1521/1271/484 1522/2349/921 1540/2364/933 1539/1285/490
f 1522/2350/922 1523/1389/556 1541/1405/570 1540/2365/934
f 1505/1385/552 1504/2353/925 1525/2366/935 1526/1395/561
f 1504/2354/926 1503/1265/480 1524/1272/485 1525/2367/936
f 1527/1273/486 1528/2351/923 1546/2368/937 1545/1291/492
f 1528/2352/924 1529/1397/562 1547/1409/572 1546/2369/938
f 1514/1391/558 1513/2358/927 1531/2370/939 1532/1399/564
f 1513/2359/928 1512/1268/481 1530/1282/487 1531/2371/940
f 1517/1393/560 1516/2360/929 1534/2372/941 1535/1401/566
f 1516/2361/930 1515/1269/482 1533/1283/488 1534/2373/942
f 1536/1284/489 1537/2362/931 1555/2374/943 1554/1302/495
f 1537/2375/932 1538/2376/568 1556/1457/580 1555/2377/944
f 1539/1285/490 1540/2364/933 1558/2378/945 1557/1303/496
f 1540/2365/934 1541/1405/570 1559/1415/578 1558/2379/946
f 1526/1395/561 1525/2366/935 1543/2380/947 1544/1407/571
f 1525/2367/936 1524/1272/485 1542/1290/491 1543/2381/948
f 1545/1291/492 1546/2368/937 1564/2382/949 1563/1309/498
f 1546/2369/938 1547/1409/572 1565/1433/591 1564/2383/950
f 1532/1399/564 1531/2370/939 1549/2384/951 1550/1411/574
f 1531/2371/940 1530/1282/487 1548/1300/493 1549/2385/952
f 1535/1401/566 1534/2372/941 1552/2386/953 1553/1413/576
f 1534/2373/942 1533/1283/488 1551/1301/494 1552/2387/954
f 1554/1302/495 1555/2374/943 1570/2388/955 1569/1311/500
f 1555/2377/944 1556/1457/580 1571/1456/604 1570/2389/956
f 1557/1303/496 1558/2378/945 1573/2390/957 1572/1312/501
f 1558/2391/946 1559/1453/578 1574/1452/602 1573/2392/958
f 1544/1407/571 1543/2380/947 1561/2393/959 1562/1431/590
f 1543/2381/948 1542/1290/491 1560/1308/497 1561/2394/960
f 1563/1309/498 1564/2382/949 1579/2395/961 1578/1318/503
f 1564/2396/950 1565/1465/591 1580/1464/608 1579/2397/962
f 1550/1444/574 1549/2398/951 1567/2399/963 1568/1445/598
f 1549/2385/952 1548/1300/493 1566/1310/499 1567/2400/964
f 1569/1311/500 1570/2388/955 1588/2401/965 1587/1321/506
f 1570/2389/956 1571/1456/604 1589/1481/619 1588/2402/966
f 1572/1312/501 1573/2390/957 1594/2403/967 1593/1323/508
f 1573/2392/958 1574/1452/602 1595/1483/621 1594/2404/968
f 1553/1448/576 1552/2405/953 1576/2406/969 1577/1449/600
f 1552/2387/954 1551/1301/494 1575/1313/502 1576/2407/970
f 1578/1318/503 1579/2395/961 1597/2408/971 1596/1328/509
f 1579/2397/962 1580/1464/608 1598/1489/624 1597/2409/972
f 1562/1468/590 1561/2410/959 1582/2411/973 1583/1469/609
f 1561/2394/960 1560/1308/497 1581/1319/504 1582/2412/974
f 1568/1445/598 1567/2399/963 1585/2413/975 1586/1477/615
f 1567/2400/964 1566/1310/499 1584/1320/505 1585/2414/976
f 1587/1321/506 1588/2401/965 1603/2415/977 1602/1330/511
f 1588/2402/966 1589/1481/619 1604/1503/635 1603/2416/978
f 1577/1449/600 1576/2406/969 1591/2417/979 1592/1479/617
f 1576/2407/970 1575/1313/502 1590/1322/507 1591/2418/980
f 1593/1323/508 1594/2403/967 1612/2419/981 1611/1333/514
f 1594/2404/968 1595/1483/621 1613/1507/639 1612/2420/982
f 1596/1328/509 1597/2408/971 1615/2421/983 1614/1336/515
f 1597/2409/972 1598/1489/624 1616/1509/640 1615/2422/984
f 1583/1469/609 1582/2411/973 1600/2423/985 1601/1491/625
f 1582/2412/974 1581/1319/504 1599/1329/510 1600/2424/986
f 1602/1330/511 1603/2415/977 1624/2425/987 1623/1339/518
f 1603/2416/978 1604/1503/635 1625/1513/643 1624/2426/988
f 1586/1477/615 1585/2413/975 1606/2427/989 1607/1501/633
f 1585/2414/976 1584/1320/505 1605/1331/512 1606/2428/990
f 1592/1479/617 1591/2417/979 1609/2429/991 1610/1505/637
f 1591/2418/980 1590/1322/507 1608/1332/513 1609/2430/992
f 1611/1333/514 1612/2419/981 1630/2431/993 1629/1341/520
f 1612/2420/982 1613/1507/639 1631/1517/647 1630/2432/994
f 1614/1336/515 1615/2421/983 1633/2433/995 1632/1350/529
f 1615/2422/984 1616/1509/640 1634/1525/650 1633/2434/996
f 1601/1491/625 1600/2423/985 1618/2435/997 1619/1511/641
f 1600/2424/986 1599/1329/510 1617/1337/516 1618/2436/998
f 1607/1501/633 1606/2427/989 1621/2437/999 1622/1515/645
f 1606/2428/990 1605/1331/512 1620/1338/517 1621/2438/1000
f 1622/1521/645 1621/2439/999 1624/2426/988 1625/1513/643
f 1621/2438/1000 1620/1338/517 1623/1339/518 1624/2425/987
f 1610/1505/637 1609/2429/991 1627/2440/1001 1628/1519/649
f 1609/2430/992 1608/1332/513 1626/1340/519 1627/2441/1002
f 1628/1523/649 1627/2442/1001 1630/2432/994 1631/1517/647
f 1627/2441/1002 1626/1340/519 1629/1341/520 1630/2431/993
f 1632/1350/529 1633/2433/995 1636/2443/1003 1635/1351/530
f 1633/2444/996 1634/2445/650 1637/1527/651 1636/2446/1004
f 1619/1511/641 1618/2435/997 1636/2446/1004 1637/1527/651
f 1618/2436/998 1617/1337/516 1635/1351/530 1636/2443/1003
f 1638/1418/581 1639/2447/1005 1648/2448/1006 1647/1422/584
f 1639/2449/1007 1640/1543/654 1649/1542/659 1648/2450/1008
f 1640/1532/654 1639/2451/1007 1642/2452/1009 1643/1533/655
f 1639/2447/1005 1638/1418/581 1641/1420/582 1642/2453/1010
f 1643/1533/655 1642/2452/1009 1645/2454/1011 1646/1539/657
f 1642/2453/1010 1641/1420/582 1644/1421/583 1645/2455/1012
f 1647/1422/584 1648/2448/1006 1666/2456/1013 1665/1429/589
f 1648/2450/1008 1649/1542/659 1667/1553/663 1666/2457/1014
f 1650/1423/585 1651/2458/819 1657/2459/814 1656/1426/586
f 1651/2460/820 1652/1536/359 1658/1545/344 1657/2461/1015
f 1652/1536/359 1651/2460/820 1654/2462/812 1655/1537/358
f 1651/2458/819 1650/1423/585 1653/1425/310 1654/2463/811
f 1656/1426/586 1657/2459/814 1669/2464/804 1668/1434/592
f 1657/2461/1015 1658/1545/344 1670/1555/328 1669/2465/1016
f 1655/1548/358 1654/2466/812 1660/2467/802 1661/1549/343
f 1654/2463/811 1653/1425/310 1659/1427/587 1660/2468/801
f 1646/1539/657 1645/2454/1011 1663/2469/1017 1664/1551/661
f 1645/2455/1012 1644/1421/583 1662/1428/588 1663/2470/1018
f 1665/1429/589 1666/2456/1013 1678/2471/1019 1677/1437/594
f 1666/2457/1014 1667/1553/663 1679/1559/665 1678/2472/1020
f 1668/1434/592 1669/2464/804 1681/2473/792 1680/1438/274
f 1669/2465/1016 1670/1555/328 1682/1563/299 1681/2474/1021
f 1661/1549/343 1660/2467/802 1672/2475/790 1673/1557/329
f 1660/2468/801 1659/1427/587 1671/1435/287 1672/2476/789
f 1664/1551/661 1663/2469/1017 1675/2477/1022 1676/1561/667
f 1663/2470/1018 1662/1428/588 1674/1436/593 1675/2478/1023
f 1677/1437/594 1678/2471/1019 1690/2479/1024 1689/1441/596
f 1678/2472/1020 1679/1559/665 1691/1569/671 1690/2480/1025
f 1680/1438/274 1681/2473/792 1693/2481/731 1692/1458/605
f 1681/2474/1021 1682/1563/299 1694/1571/254 1693/2482/730
f 1673/1557/329 1672/2475/790 1684/2483/1026 1685/1565/298
f 1672/2476/789 1671/1435/287 1683/1439/273 1684/2484/776
f 1676/1561/667 1675/2477/1022 1687/2485/1027 1688/1567/669
f 1675/2478/1023 1674/1436/593 1686/1440/595 1687/2486/1028
f 1689/1441/596 1690/2479/1024 1702/2487/1029 1701/1461/607
f 1690/2488/1025 1691/2489/671 1703/1589/675 1702/2490/1030
f 1692/1458/605 1693/2481/731 1705/2491/144 1704/1470/143
f 1693/2482/730 1694/1571/254 1706/1579/140 1705/2492/139
f 1685/1565/298 1684/2483/1026 1696/2493/727 1697/1573/252
f 1684/2484/776 1683/1439/273 1695/1459/255 1696/2494/726
f 1688/1567/669 1687/2485/1027 1699/2495/1031 1700/1575/673
f 1687/2486/1028 1686/1440/595 1698/1460/606 1699/2496/1032
f 1701/1461/607 1702/2487/1029 1714/2497/1033 1713/1473/611
f 1702/2490/1030 1703/1589/675 1715/1588/679 1714/2498/1034
f 1704/1470/143 1705/2491/144 1717/2499/141 1716/1474/612
f 1705/2500/139 1706/1593/140 1718/1592/137 1717/2501/1035
f 1697/1573/252 1696/2493/727 1708/2502/130 1709/1581/129
f 1696/2494/726 1695/1459/255 1707/1471/134 1708/2503/133
f 1700/1584/673 1699/2504/1031 1711/2505/1036 1712/1585/677
f 1699/2496/1032 1698/1460/606 1710/1472/610 1711/2506/1037
f 1713/1473/611 1714/2497/1033 1726/2507/1038 1725/1485/623
f 1714/2498/1034 1715/1588/679 1727/1601/683 1726/2508/1039
f 1716/1474/612 1717/2499/141 1729/2509/728 1728/1486/213
f 1717/2501/1035 1718/1592/137 1730/1603/443 1729/2510/1040
f 1709/1596/129 1708/2511/130 1720/2512/131 1721/1597/132
f 1708/2503/133 1707/1471/134 1719/1475/613 1720/2513/136
f 1712/1585/677 1711/2505/1036 1723/2514/1041 1724/1599/681
f 1711/2506/1037 1710/1472/610 1722/1484/622 1723/2515/1042
f 1725/1485/623 1726/2507/1038 1735/2516/1043 1734/1492/626
f 1726/2508/1039 1727/1601/683 1736/1609/687 1735/2517/1044
f 1728/1486/213 1729/2509/728 1741/2518/713 1740/1494/628
f 1729/2510/1040 1730/1603/443 1742/1611/450 1741/2519/1045
f 1721/1597/132 1720/2512/131 1732/2520/715 1733/1605/444
f 1720/2513/136 1719/1475/613 1731/1487/212 1732/2521/714
f 1734/1492/626 1735/2516/1043 1747/2522/1046 1746/1496/629
f 1735/2517/1044 1736/1609/687 1748/1615/689 1747/2523/1047
f 1724/1599/681 1723/2514/1041 1738/2524/1048 1739/1607/685
f 1723/2515/1042 1722/1484/622 1737/1493/627 1738/2525/1049
f 1740/1494/628 1741/2518/713 1756/2526/711 1755/1499/198
f 1741/2519/1045 1742/1611/450 1757/1621/458 1756/2527/710
f 1733/1605/444 1732/2520/715 1744/2528/709 1745/1613/451
f 1732/2521/714 1731/1487/212 1743/1495/200 1744/2529/707
f 1746/1496/629 1747/2522/1046 1750/2530/1050 1749/1497/630
f 1747/2523/1047 1748/1615/689 1751/1623/691 1750/2531/1051
f 1739/1607/685 1738/2524/1048 1750/2532/1051 1751/1617/691
f 1738/2525/1049 1737/1493/627 1749/1497/630 1750/2530/1050
f 1745/1613/451 1744/2528/709 1753/2533/708 1754/1619/457
f 1744/2529/707 1743/1495/200 1752/1498/631 1753/2534/706
f 1754/1619/457 1753/2533/708 1756/2535/710 1757/1625/458
f 1753/2534/706 1752/1498/631 1755/1499/198 1756/2526/711
f 3/2536/186 2/2537/186 1758/2538/186 1759/2539/186
f 5/2540/186 4/2541/186 1760/2542/186 1761/2543/186
f 9/2544/197 8/2545/197 1762/2546/197 1763/2547/197
f 11/2548/197 10/2549/197 1764/2550/197 1765/2551/197
f 2/2537/186 33/2552/186 1766/2553/186 1758/2538/186
f 34/2554/186 5/2540/186 1761/2543/186 1767/2555/186
f 36/2556/1052 35/2557/1053 1768/2558/1054 1769/2559/1052
f 38/2560/1055 37/2561/1056 1770/2562/1057 1771/2563/1058
f 40/2564/186 39/2565/186 1772/2566/186 1773/2567/186
f 42/2568/186 41/2569/186 1774/2570/186 1775/2571/186
f 44/2572/214 43/2573/214 1776/2574/214 1777/2575/214
f 46/2576/216 45/2577/216 1778/2578/216 1779/2579/216
f 48/2580/216 47/2581/216 1780/2582/216 1781/2583/216
f 50/2584/214 49/2585/214 1782/2586/214 1783/2587/214
f 39/2565/186 51/2588/186 1784/2589/186 1772/2566/186
f 52/2590/186 42/2568/186 1775/2571/186 1785/2591/186
f 33/2552/186 53/2592/186 1786/2593/186 1766/2553/186
f 54/2594/186 34/2554/186 1767/2555/186 1787/2595/186
f 51/2588/186 52/2590/186 1785/2591/186 1784/2589/186
f 55/2596/197 9/2544/197 1763/2547/197 1788/2597/197
f 10/2549/197 56/2598/197 1789/2599/197 1764/2550/197
f 35/2557/1053 57/2600/1055 1790/2601/1059 1768/2558/1054
f 58/2602/1053 38/2560/1055 1771/2563/1058 1791/2603/1060
f 45/2577/216 59/2604/216 1792/2605/216 1778/2578/216
f 60/2606/214 44/2572/214 1777/2575/214 1793/2607/214
f 49/2585/214 61/2608/214 1794/2609/214 1782/2586/214
f 62/2610/216 48/2580/216 1781/2583/216 1795/2611/216
f 61/2608/214 63/2612/214 1796/2613/214 1794/2609/214
f 59/2604/216 64/2614/216 1797/2615/216 1792/2605/216
f 65/2616/216 62/2610/216 1795/2611/216 1798/2617/216
f 66/2618/214 60/2606/214 1793/2607/214 1799/2619/214
f 53/2592/186 67/2620/186 1800/2621/186 1786/2593/186
f 68/2622/186 54/2594/186 1787/2595/186 1801/2623/186
f 64/2614/216 65/2616/216 1798/2617/216 1797/2615/216
f 63/2612/214 66/2618/214 1799/2619/214 1796/2613/214
f 71/2624/197 55/2596/197 1788/2597/197 1802/2625/197
f 56/2598/197 72/2626/197 1803/2627/197 1789/2599/197
f 57/2600/1055 73/2628/1056 1804/2629/1056 1790/2601/1059
f 74/2630/1052 58/2602/1053 1791/2603/1060 1805/2631/1061
f 67/2620/186 75/2632/186 1806/2633/186 1800/2621/186
f 76/2634/186 68/2622/186 1801/2623/186 1807/2635/186
f 72/2626/197 81/2636/197 1808/2637/197 1803/2627/197
f 82/2638/197 71/2624/197 1802/2625/197 1809/2639/197
f 83/2640/1062 74/2630/1052 1805/2631/1061 1810/2641/1062
f 73/2628/1056 84/2642/1063 1811/2643/1063 1804/2629/1056
f 85/2644/197 82/2638/197 1809/2639/197 1812/2645/197
f 81/2636/197 86/2646/197 1813/2647/197 1808/2637/197
f 87/2648/186 76/2634/186 1807/2635/186 1814/2649/186
f 75/2632/186 88/2650/186 1815/2651/186 1806/2633/186
f 84/2642/1063 89/2652/1064 1816/2653/1064 1811/2643/1063
f 90/2654/1065 83/2640/1062 1810/2641/1062 1817/2655/1065
f 91/2656/197 85/2644/197 1812/2645/197 1818/2657/197
f 86/2646/197 92/2658/197 1819/2659/197 1813/2647/197
f 89/2652/1064 93/2660/1066 1820/2661/1066 1816/2653/1064
f 94/2662/1067 90/2654/1065 1817/2655/1065 1821/2663/1067
f 92/2658/197 91/2656/197 1818/2657/197 1819/2659/197
f 93/2660/1066 94/2662/1067 1821/2663/1067 1820/2661/1066
f 96/2664/186 95/2665/186 1822/2666/186 1823/2667/186
f 98/2668/186 97/2669/186 1824/2670/186 1825/2671/186
f 105/2672/186 87/2648/186 1814/2649/186 1826/2673/186
f 88/2650/186 106/2674/186 1827/2675/186 1815/2651/186
f 95/2665/186 107/2676/186 1828/2677/186 1822/2666/186
f 97/2669/186 108/2678/186 1829/2679/186 1824/2670/186
f 109/2680/186 98/2668/186 1825/2671/186 1830/2681/186
f 110/2682/186 96/2664/186 1823/2667/186 1831/2683/186
f 108/2678/186 112/2684/186 1832/2685/186 1829/2679/186
f 107/2676/186 113/2686/186 1833/2687/186 1828/2677/186
f 114/2688/186 110/2682/186 1831/2683/186 1834/2689/186
f 115/2690/186 109/2680/186 1830/2681/186 1835/2691/186
f 106/2674/186 119/2692/186 1836/2693/186 1827/2675/186
f 120/2694/186 105/2672/186 1826/2673/186 1837/2695/186
f 122/2696/214 121/2697/214 1838/2698/214 1839/2699/214
f 124/2700/214 123/2701/214 1840/2702/214 1841/2703/214
f 126/2704/214 125/2705/214 1842/2706/214 1843/2707/214
f 128/2708/216 127/2709/216 1844/2710/216 1845/2711/216
f 129/2712/214 122/2696/214 1839/2699/214 1846/2713/214
f 121/2697/214 130/2714/214 1847/2715/214 1838/2698/214
f 131/2716/214 124/2700/214 1841/2703/214 1848/2717/214
f 123/2701/214 132/2718/214 1849/2719/214 1840/2702/214
f 125/2705/214 133/2720/214 1850/2721/214 1842/2706/214
f 134/2722/214 126/2704/214 1843/2707/214 1851/2723/214
f 127/2709/216 135/2724/216 1852/2725/216 1844/2710/216
f 136/2726/216 128/2708/216 1845/2711/216 1853/2727/216
f 119/2692/186 137/2728/186 1854/2729/186 1836/2693/186
f 138/2730/186 120/2694/186 1837/2695/186 1855/2731/186
f 113/2686/186 139/2732/186 1856/2733/186 1833/2687/186
f 112/2684/186 140/2734/186 1857/2735/186 1832/2685/186
f 141/2736/186 114/2688/186 1834/2689/186 1858/2737/186
f 142/2738/186 115/2690/186 1835/2691/186 1859/2739/186
f 137/2728/186 138/2730/186 1855/2731/186 1854/2729/186
f 130/2714/214 143/2740/214 1860/2741/214 1847/2715/214
f 144/2742/214 129/2712/214 1846/2713/214 1861/2743/214
f 132/2718/214 145/2744/214 1862/2745/214 1849/2719/214
f 146/2746/214 131/2716/214 1848/2717/214 1863/2747/214
f 133/2720/214 147/2748/214 1864/2749/214 1850/2721/214
f 148/2750/214 134/2722/214 1851/2723/214 1865/2751/214
f 135/2724/216 149/2752/216 1866/2753/216 1852/2725/216
f 150/2754/216 136/2726/216 1853/2727/216 1867/2755/216
f 143/2740/214 151/2756/214 1868/2757/214 1860/2741/214
f 147/2748/214 152/2758/214 1869/2759/214 1864/2749/214
f 153/2760/216 150/2754/216 1867/2755/216 1870/2761/216
f 145/2744/214 154/2762/214 1871/2763/214 1862/2745/214
f 155/2764/214 148/2750/214 1865/2751/214 1872/2765/214
f 149/2752/216 156/2766/216 1873/2767/216 1866/2753/216
f 157/2768/214 144/2742/214 1861/2743/214 1874/2769/214
f 158/2770/214 146/2746/214 1863/2747/214 1875/2771/214
f 139/2732/186 159/2772/186 1876/2773/186 1856/2733/186
f 140/2734/186 160/2774/186 1877/2775/186 1857/2735/186
f 161/2776/186 142/2738/186 1859/2739/186 1878/2777/186
f 162/2778/186 141/2736/186 1858/2737/186 1879/2779/186
f 164/2780/216 153/2760/216 1870/2761/216 1880/2781/216
f 152/2758/214 165/2782/1068 1881/2783/1068 1869/2759/214
f 166/2784/214 155/2764/214 1872/2765/214 1882/2785/214
f 154/2762/214 167/2786/214 1883/2787/214 1871/2763/214
f 156/2766/216 168/2788/216 1884/2789/216 1873/2767/216
f 151/2756/214 169/2790/214 1885/2791/214 1868/2757/214
f 170/2792/214 157/2768/214 1874/2769/214 1886/2793/214
f 171/2794/214 158/2770/214 1875/2771/214 1887/2795/214
f 172/2796/186 161/2776/186 1878/2777/186 1888/2797/186
f 159/2772/186 173/2798/186 1889/2799/186 1876/2773/186
f 174/2800/186 162/2778/186 1879/2779/186 1890/2801/186
f 160/2774/186 175/2802/186 1891/2803/186 1877/2775/186
f 178/2804/214 170/2792/214 1886/2793/214 1892/2805/214
f 179/2806/214 166/2784/214 1882/2785/214 1893/2807/214
f 180/2808/214 171/2794/214 1887/2795/214 1894/2809/214
f 165/2782/1068 181/2810/1069 1895/2811/1069 1881/2783/1068
f 182/2812/216 164/2780/216 1880/2781/216 1896/2813/216
f 168/2788/216 183/2814/216 1897/2815/216 1884/2789/216
f 167/2786/214 184/2816/214 1898/2817/214 1883/2787/214
f 169/2790/214 185/2818/214 1899/2819/214 1885/2791/214
f 186/2820/186 172/2796/186 1888/2797/186 1900/2821/186
f 187/2822/186 174/2800/186 1890/2801/186 1901/2823/186
f 173/2798/186 188/2824/186 1902/2825/186 1889/2799/186
f 175/2802/186 189/2826/186 1903/2827/186 1891/2803/186
f 191/2828/186 190/2829/186 1904/2830/186 1905/2831/186
f 192/2832/214 179/2806/214 1893/2807/214 1906/2833/214
f 193/2834/214 178/2804/214 1892/2805/214 1907/2835/214
f 194/2836/214 180/2808/214 1894/2809/214 1908/2837/214
f 183/2814/216 195/2838/216 1909/2839/216 1897/2815/216
f 181/2810/1069 196/2840/1070 1910/2841/1070 1895/2811/1069
f 197/2842/216 182/2812/216 1896/2813/216 1911/2843/216
f 184/2816/214 198/2844/214 1912/2845/214 1898/2817/214
f 185/2818/214 199/2846/214 1913/2847/214 1899/2819/214
f 200/2848/186 186/2820/186 1900/2821/186 1914/2849/186
f 201/2850/186 187/2822/186 1901/2823/186 1915/2851/186
f 188/2824/186 202/2852/186 1916/2853/186 1902/2825/186
f 189/2826/186 203/2854/186 1917/2855/186 1903/2827/186
f 190/2829/186 204/2856/186 1918/2857/186 1904/2830/186
f 205/2858/186 191/2828/186 1905/2831/186 1919/2859/186
f 204/2856/186 206/2860/186 1920/2861/186 1918/2857/186
f 207/2862/186 205/2858/186 1919/2859/186 1921/2863/186
f 203/2854/186 208/2864/186 1922/2865/186 1917/2855/186
f 202/2852/186 209/2866/186 1923/2867/186 1916/2853/186
f 210/2868/186 201/2850/186 1915/2851/186 1924/2869/186
f 211/2870/186 200/2848/186 1914/2849/186 1925/2871/186
f 212/2872/214 193/2834/214 1907/2835/214 1926/2873/214
f 213/2874/214 192/2832/214 1906/2833/214 1927/2875/214
f 214/2876/214 194/2836/214 1908/2837/214 1928/2877/214
f 195/2838/216 215/2878/216 1929/2879/216 1909/2839/216
f 196/2840/1070 216/2880/1071 1930/2881/1071 1910/2841/1070
f 217/2882/216 197/2842/216 1911/2843/216 1931/2883/216
f 198/2844/214 218/2884/214 1932/2885/214 1912/2845/214
f 199/2846/214 219/2886/214 1933/2887/214 1913/2847/214
f 208/2864/186 220/2888/186 1934/2889/186 1922/2865/186
f 209/2866/186 221/2890/186 1935/2891/186 1923/2867/186
f 222/2892/186 210/2868/186 1924/2869/186 1936/2893/186
f 223/2894/186 211/2870/186 1925/2871/186 1937/2895/186
f 206/2860/186 224/2896/186 1938/2897/186 1920/2861/186
f 225/2898/186 207/2862/186 1921/2863/186 1939/2899/186
f 221/2890/186 222/2892/186 1936/2893/186 1935/2891/186
f 220/2888/186 223/2894/186 1937/2895/186 1934/2889/186
f 215/2878/216 226/2900/216 1940/2901/216 1929/2879/216
f 227/2902/214 213/2874/214 1927/2875/214 1941/2903/214
f 228/2904/214 212/2872/214 1926/2873/214 1942/2905/214
f 229/2906/214 214/2876/214 1928/2877/214 1943/2907/214
f 216/2880/1071 230/2908/214 1944/2909/214 1930/2881/1071
f 231/2910/216 217/2882/216 1931/2883/216 1945/2911/216
f 218/2884/214 232/2912/214 1946/2913/214 1932/2885/214
f 219/2886/214 233/2914/214 1947/2915/214 1933/2887/214
f 226/2900/216 234/2916/216 1948/2917/216 1940/2901/216
f 233/2914/214 235/2918/214 1949/2919/214 1947/2915/214
f 232/2912/214 236/2920/214 1950/2921/214 1946/2913/214
f 237/2922/216 231/2910/216 1945/2911/216 1951/2923/216
f 230/2908/214 238/2924/214 1952/2925/214 1944/2909/214
f 239/2926/214 227/2902/214 1941/2903/214 1953/2927/214
f 240/2928/214 229/2906/214 1943/2907/214 1954/2929/214
f 241/2930/214 228/2904/214 1942/2905/214 1955/2931/214
f 224/2896/186 242/2932/186 1956/2933/186 1938/2897/186
f 243/2934/186 225/2898/186 1939/2899/186 1957/2935/186
f 234/2916/216 237/2922/216 1951/2923/216 1948/2917/216
f 238/2924/214 239/2926/214 1953/2927/214 1952/2925/214
f 236/2920/214 240/2928/214 1954/2929/214 1950/2921/214
f 235/2918/214 241/2930/214 1955/2931/214 1949/2919/214
f 244/2936/186 243/2934/186 1957/2935/186 1958/2937/186
f 242/2932/186 245/2938/186 1959/2939/186 1956/2933/186
f 246/2940/186 244/2936/186 1958/2937/186 1960/2941/186
f 245/2938/186 247/2942/186 1961/2943/186 1959/2939/186
f 249/2944/186 248/2945/186 1962/2946/186 1963/2947/186
f 250/2948/186 246/2940/186 1960/2941/186 1964/2949/186
f 247/2942/186 251/2950/186 1965/2951/186 1961/2943/186
f 248/2945/186 252/2952/186 1966/2953/186 1962/2946/186
f 253/2954/186 249/2944/186 1963/2947/186 1967/2955/186
f 252/2952/186 254/2956/186 1968/2957/186 1966/2953/186
f 255/2958/186 253/2954/186 1967/2955/186 1969/2959/186
f 251/2950/186 256/2960/186 1970/2961/186 1965/2951/186
f 257/2962/186 250/2948/186 1964/2949/186 1971/2963/186
f 259/2964/214 258/2965/214 1972/2966/214 1973/2967/214
f 261/2968/216 260/2969/216 1974/2970/216 1975/2971/216
f 258/2965/214 269/2972/214 1976/2973/214 1972/2966/214
f 270/2974/214 259/2964/214 1973/2967/214 1977/2975/214
f 260/2969/216 271/2976/216 1978/2977/216 1974/2970/216
f 272/2978/216 261/2968/216 1975/2971/216 1979/2979/216
f 256/2960/186 273/2980/186 1980/2981/186 1970/2961/186
f 274/2982/186 257/2962/186 1971/2963/186 1981/2983/186
f 254/2956/186 275/2984/186 1982/2985/186 1968/2957/186
f 276/2986/186 255/2958/186 1969/2959/186 1983/2987/186
f 273/2980/186 274/2982/186 1981/2983/186 1980/2981/186
f 269/2972/214 277/2988/214 1984/2989/214 1976/2973/214
f 278/2990/216 272/2978/216 1979/2979/216 1985/2991/216
f 279/2992/214 270/2974/214 1977/2975/214 1986/2993/214
f 271/2976/216 280/2994/216 1987/2995/216 1978/2977/216
f 281/2996/216 278/2990/216 1985/2991/216 1988/2997/216
f 277/2988/214 282/2998/214 1989/2999/214 1984/2989/214
f 280/2994/216 283/3000/216 1990/3001/216 1987/2995/216
f 284/3002/214 279/2992/214 1986/2993/214 1991/3003/214
f 275/2984/186 285/3004/186 1992/3005/186 1982/2985/186
f 286/3006/186 276/2986/186 1983/2987/186 1993/3007/186
f 287/3008/216 281/2996/216 1988/2997/216 1994/3009/216
f 283/3000/216 288/3010/216 1995/3011/216 1990/3001/216
f 282/2998/214 289/3012/214 1996/3013/214 1989/2999/214
f 290/3014/214 284/3002/214 1991/3003/214 1997/3015/214
f 291/3016/186 286/3006/186 1993/3007/186 1998/3017/186
f 285/3004/186 292/3018/186 1999/3019/186 1992/3005/186
f 293/3020/216 287/3008/216 1994/3009/216 2000/3021/216
f 288/3010/216 294/3022/216 2001/3023/216 1995/3011/216
f 295/3024/214 290/3014/214 1997/3015/214 2002/3025/214
f 289/3012/214 296/3026/214 2003/3027/214 1996/3013/214
f 297/3028/186 291/3016/186 1998/3017/186 2004/3029/186
f 292/3018/186 298/3030/186 2005/3031/186 1999/3019/186
f 294/3022/216 299/3032/216 2006/3033/216 2001/3023/216
f 300/3034/214 295/3024/214 2002/3025/214 2007/3035/214
f 301/3036/216 293/3020/216 2000/3021/216 2008/3037/216
f 296/3026/214 302/3038/214 2009/3039/214 2003/3027/214
f 303/3040/186 297/3028/186 2004/3029/186 2010/3041/186
f 298/3030/186 304/3042/186 2011/3043/186 2005/3031/186
f 304/3042/186 305/3044/186 2012/3045/186 2011/3043/186
f 306/3046/186 303/3040/186 2010/3041/186 2013/3047/186
f 307/3048/214 300/3034/214 2007/3035/214 2014/3049/214
f 299/3032/216 308/3050/216 2015/3051/216 2006/3033/216
f 309/3052/216 301/3036/216 2008/3037/216 2016/3053/216
f 302/3038/214 310/3054/214 2017/3055/214 2009/3039/214
f 305/3044/186 311/3056/186 2018/3057/186 2012/3045/186
f 312/3058/186 306/3046/186 2013/3047/186 2019/3059/186
f 311/3056/186 312/3058/186 2019/3059/186 2018/3057/186
f 308/3050/216 313/3060/216 2020/3061/216 2015/3051/216
f 314/3062/214 307/3048/214 2014/3049/214 2021/3063/214
f 310/3054/214 315/3064/214 2022/3065/214 2017/3055/214
f 316/3066/216 309/3052/216 2016/3053/216 2023/3067/216
f 313/3060/216 317/3068/216 2024/3069/216 2020/3061/216
f 315/3064/214 318/3070/214 2025/3071/214 2022/3065/214
f 319/3072/216 316/3066/216 2023/3067/216 2026/3073/216
f 320/3074/214 314/3062/214 2021/3063/214 2027/3075/214
f 317/3068/216 319/3072/216 2026/3073/216 2024/3069/216
f 318/3070/214 320/3074/214 2027/3075/214 2025/3071/214
f 43/2573/214 321/3076/214 2028/3077/214 1776/2574/214
f 321/3076/214 322/3078/214 2029/3079/214 2028/3077/214
f 322/3078/214 323/3080/214 2030/3081/214 2029/3079/214
f 323/3080/214 324/3082/214 2031/3083/214 2030/3081/214
f 325/3084/216 326/3085/216 2033/3086/216 2032/3087/216
f 326/3085/216 327/3088/216 2034/3089/216 2033/3086/216
f 327/3088/216 328/3090/216 2035/3091/216 2034/3089/216
f 328/3090/216 46/2576/216 1779/2579/216 2035/3091/216
f 324/3082/214 329/3092/214 2036/3093/214 2031/3083/214
f 329/3092/214 330/3094/214 2037/3095/214 2036/3093/214
f 330/3094/214 331/3096/214 2038/3097/214 2037/3095/214
f 331/3096/214 332/3098/214 2039/3099/214 2038/3097/214
f 332/3098/214 333/3100/214 2040/3101/214 2039/3099/214
f 333/3100/214 334/3102/214 2041/3103/214 2040/3101/214
f 334/3102/214 335/3104/214 2042/3105/214 2041/3103/214
f 335/3104/214 336/3106/214 2043/3107/214 2042/3105/214
f 336/3106/214 50/2584/214 1783/2587/214 2043/3107/214
f 47/2581/216 337/3108/216 2044/3109/216 1780/2582/216
f 337/3108/216 338/3110/216 2045/3111/216 2044/3109/216
f 338/3110/216 339/3112/216 2046/3113/216 2045/3111/216
f 339/3112/216 340/3114/216 2047/3115/216 2046/3113/216
f 340/3114/216 341/3116/216 2048/3117/216 2047/3115/216
f 341/3116/216 342/3118/216 2049/3119/216 2048/3117/216
f 342/3118/216 343/3120/216 2050/3121/216 2049/3119/216
f 343/3120/216 344/3122/216 2051/3123/216 2050/3121/216
f 344/3122/216 325/3084/216 2032/3087/216 2051/3123/216
f 345/3124/186 346/3125/186 2053/3126/186 2052/3127/186
f 346/3125/186 347/3128/186 2054/3129/186 2053/3126/186
f 347/3128/186 348/3130/186 2055/3131/186 2054/3129/186
f 348/3130/186 349/3132/186 2056/3133/186 2055/3131/186
f 349/3132/186 40/2564/186 1773/2567/186 2056/3133/186
f 4/2541/186 3/2536/186 1759/2539/186 1760/2542/186
f 41/2569/186 350/3134/186 2057/3135/186 1774/2570/186
f 350/3134/186 351/3136/186 2058/3137/186 2057/3135/186
f 351/3136/186 352/3138/186 2059/3139/186 2058/3137/186
f 352/3138/186 353/3140/186 2060/3141/186 2059/3139/186
f 353/3140/186 354/3142/186 2061/3143/186 2060/3141/186
f 354/3142/186 355/3144/186 2062/3145/186 2061/3143/186
f 355/3144/186 356/3146/186 2063/3147/186 2062/3145/186
f 356/3146/186 357/3148/186 2064/3149/186 2063/3147/186
f 357/3148/186 358/3150/186 2065/3151/186 2064/3149/186
f 358/3150/186 345/3124/186 2052/3127/186 2065/3151/186
f 37/2561/1056 361/3152/1063 2066/3153/1072 1770/2562/1057
f 362/3154/1062 36/2556/1052 1769/2559/1052 2067/3155/1062
f 363/3156/197 11/2548/197 1765/2551/197 2068/3157/197
f 8/2545/197 364/3158/197 2069/3159/197 1762/2546/197
f 361/3152/1063 372/3160/1064 2070/3161/1073 2066/3153/1072
f 373/3162/1065 362/3154/1062 2067/3155/1062 2071/3163/1065
f 374/3164/197 363/3156/197 2068/3157/197 2072/3165/197
f 364/3158/197 375/3166/197 2073/3167/197 2069/3159/197
f 372/3160/1064 376/3168/1066 2074/3169/1074 2070/3161/1073
f 377/3170/1067 373/3162/1065 2071/3163/1065 2075/3171/1067
f 375/3166/197 378/3172/197 2076/3173/197 2073/3167/197
f 379/3174/197 374/3164/197 2072/3165/197 2077/3175/197
f 376/3168/1066 377/3170/1067 2075/3171/1067 2074/3169/1074
f 378/3172/197 379/3174/197 2077/3175/197 2076/3173/197
f 387/3176/1075 386/3177/1076 2078/3178/1077 2079/3179/1078
f 389/3180/1079 388/3181/1080 2080/3182/1080 2081/3183/1079
f 386/3177/1076 390/3184/1081 2082/3185/1082 2078/3178/1077
f 388/3181/1080 391/3186/1083 2083/3187/1083 2080/3182/1080
f 392/3188/1084 389/3180/1079 2081/3183/1079 2084/3189/1084
f 393/3190/1085 387/3176/1075 2079/3179/1078 2085/3191/1085
f 395/3192/236 394/3193/236 2086/78/236 2087/3194/236
f 394/3193/236 399/3195/236 2088/3196/236 2086/78/236
f 400/3197/236 395/3192/236 2087/3194/236 2089/3198/236
f 391/3186/1083 401/3199/1086 2090/3200/1086 2083/3187/1083
f 390/3184/1081 402/3201/1087 2091/3202/1088 2082/3185/1082
f 403/3203/1089 392/3188/1084 2084/3189/1084 2092/3204/1089
f 404/3205/1090 393/3190/1085 2085/3191/1085 2093/3206/1090
f 405/3207/236 400/3197/236 2089/3198/236 2094/3208/236
f 399/3195/236 406/3209/236 2095/3210/236 2088/3196/236
f 407/3211/1091 403/3203/1089 2092/3204/1089 2096/3212/1091
f 408/3213/1092 404/3205/1090 2093/3206/1090 2097/3214/1092
f 401/3199/1086 409/3215/1093 2098/3216/1093 2090/3200/1086
f 402/3201/1087 410/3217/1094 2099/3218/1094 2091/3202/1088
f 406/3209/236 411/3219/236 2100/3220/236 2095/3210/236
f 412/3221/236 405/3207/236 2094/3208/236 2101/3222/236
f 409/3215/1093 413/3223/1095 2102/3224/1095 2098/3216/1093
f 410/3217/1094 414/3225/1096 2103/3226/1096 2099/3218/1094
f 415/3227/1097 407/3211/1091 2096/3212/1091 2104/3228/1097
f 416/3229/1098 408/3213/1092 2097/3214/1092 2105/3230/1098
f 411/3219/236 417/3231/236 2106/3232/236 2100/3220/236
f 418/3233/236 412/3221/236 2101/3222/236 2107/3234/236
f 413/3223/1095 419/3235/1097 2108/3236/1097 2102/3224/1095
f 414/3225/1096 420/3237/1098 2109/3238/1098 2103/3226/1096
f 421/3239/1096 416/3229/1098 2105/3230/1098 2110/3240/1096
f 422/3241/1095 415/3227/1097 2104/3228/1097 2111/3242/1095
f 417/3231/236 425/3243/236 2112/3244/236 2106/3232/236
f 426/3245/236 418/3233/236 2107/3234/236 2113/3246/236
f 419/3235/1097 427/3247/1091 2114/3248/1091 2108/3236/1097
f 420/3237/1098 428/3249/1092 2115/3250/1092 2109/3238/1098
f 429/3251/1094 421/3239/1096 2110/3240/1096 2116/3252/1094
f 430/3253/1093 422/3241/1095 2111/3242/1095 2117/3254/1093
f 431/3255/236 426/3245/236 2113/3246/236 2118/3256/236
f 425/3243/236 432/3257/236 2119/3258/236 2112/3244/236
f 427/3247/1091 433/3259/1089 2120/3260/1089 2114/3248/1091
f 428/3249/1092 434/3261/1090 2121/3262/1090 2115/3250/1092
f 435/3263/1086 430/3253/1093 2117/3254/1093 2122/3264/1099
f 436/3265/1087 429/3251/1094 2116/3252/1094 2123/3266/1087
f 437/3267/236 431/3255/236 2118/3256/236 2124/3268/236
f 432/3257/236 438/3269/236 2125/3270/236 2119/3258/236
f 433/3259/1089 439/3271/1084 2126/3272/1084 2120/3260/1089
f 440/3273/1083 435/3263/1086 2122/3264/1099 2127/3274/1100
f 434/3261/1090 441/3275/1085 2128/3276/1085 2121/3262/1090
f 442/3277/1081 436/3265/1087 2123/3266/1087 2129/3278/1101
f 443/3279/236 437/3267/236 2124/3268/236 2130/3280/236
f 438/3269/236 444/3281/236 2131/134/236 2125/3270/236
f 445/3282/1080 440/3273/1083 2127/3274/1100 2132/3283/1102
f 439/3271/1084 446/3284/1079 2133/3285/1079 2126/3272/1084
f 447/3286/1076 442/3277/1081 2129/3278/1101 2134/3287/1103
f 441/3275/1085 448/3288/1075 2135/3289/1104 2128/3276/1085
f 446/3284/1079 445/3282/1080 2132/3283/1102 2133/3285/1079
f 448/3288/1075 447/3286/1076 2134/3287/1103 2135/3289/1104
f 449/3290/236 443/3279/236 2130/3280/236 2136/3291/236
f 444/3281/236 450/3292/236 2137/3293/236 2131/134/236
f 450/3292/236 449/3290/236 2136/3291/236 2137/3293/236
f 452/3294/1105 451/3295/1106 2138/3296/1107 2139/3297/1105
f 454/3298/197 453/3299/197 2140/3300/197 2141/3301/197
f 451/3295/1106 455/3302/1108 2142/3303/1109 2138/3296/1107
f 456/3304/1110 452/3294/1105 2139/3297/1105 2143/3305/1110
f 457/3306/197 454/3298/197 2141/3301/197 2144/3307/197
f 453/3299/197 458/3308/197 2145/3309/197 2140/3300/197
f 455/3302/1108 459/3310/1111 2146/3311/1112 2142/3303/1109
f 460/3312/1113 456/3304/1110 2143/3305/1110 2147/3313/1113
f 468/3314/197 457/3306/197 2144/3307/197 2148/3315/197
f 458/3308/197 469/3316/197 2149/3317/197 2145/3309/197
f 470/3318/1114 460/3312/1113 2147/3313/1113 2150/3319/1114
f 459/3310/1111 471/3320/1115 2151/3321/1115 2146/3311/1112
f 472/3322/197 468/3314/197 2148/3315/197 2152/3323/197
f 469/3316/197 473/3324/197 2153/3325/197 2149/3317/197
f 471/3320/1115 474/3326/1116 2154/3327/1116 2151/3321/1115
f 475/3328/1117 470/3318/1114 2150/3319/1114 2155/3329/1117
f 476/3330/197 472/3322/197 2152/3323/197 2156/3331/197
f 473/3324/197 477/3332/197 2157/3333/197 2153/3325/197
f 474/3326/1116 478/3334/1117 2158/3335/1117 2154/3327/1116
f 479/3336/1116 475/3328/1117 2155/3329/1117 2159/3337/1116
f 480/3338/197 476/3330/197 2156/3331/197 2160/3339/197
f 477/3332/197 481/3340/197 2161/3341/197 2157/3333/197
f 478/3334/1117 482/3342/1114 2162/3343/1114 2158/3335/1117
f 483/3344/1115 479/3336/1116 2159/3337/1116 2163/3345/1115
f 484/3346/197 480/3338/197 2160/3339/197 2164/3347/197
f 481/3340/197 485/3348/197 2165/3349/197 2161/3341/197
f 482/3342/1114 486/3350/1113 2166/3351/1113 2162/3343/1114
f 487/3352/1111 483/3344/1115 2163/3345/1115 2167/3353/1111
f 488/3354/197 484/3346/197 2164/3347/197 2168/3355/197
f 485/3348/197 489/3356/197 2169/3357/197 2165/3349/197
f 486/3350/1113 490/3358/1110 2170/3359/1110 2166/3351/1113
f 491/3360/1108 487/3352/1111 2167/3353/1111 2171/3361/1108
f 492/3362/197 488/3354/197 2168/3355/197 2172/3363/197
f 489/3356/197 493/3364/197 2173/3365/197 2169/3357/197
f 494/3366/1106 491/3360/1108 2171/3361/1108 2174/3367/1106
f 490/3358/1110 495/3368/1105 2175/3369/1105 2170/3359/1110
f 493/3364/197 496/3370/197 2176/3371/197 2173/3365/197
f 497/3372/197 492/3362/197 2172/3363/197 2177/3373/197
f 495/3368/1105 494/3366/1106 2174/3367/1106 2175/3369/1105
f 496/3370/197 497/3372/197 2177/3373/197 2176/3371/197
f 1902/2825/186 1916/2853/186 2311/3374/186 2312/3375/186
f 1916/2853/186 1923/2867/186 2310/3376/186 2311/3374/186
f 1815/2651/186 1827/2675/186 2318/3377/186 2319/3378/186
f 1827/2675/186 1836/2693/186 2317/3379/186 2318/3377/186
f 2056/3133/186 1773/2567/186 2325/3380/186 2326/3381/186
f 1773/2567/186 1772/2566/186 2324/3382/186 2325/3380/186
f 1772/2566/186 1784/2589/186 2323/3383/186 2324/3382/186
f 1784/2589/186 1785/2591/186 2322/3384/186 2323/3383/186
s 0
f 1900/2821/186 1888/2797/186 1904/2830/186 1918/2857/186
s 1
f 1800/2621/186 1806/2633/186 2320/3385/186 2321/3386/186
f 1806/2633/186 1815/2651/186 2319/3378/186 2320/3385/186
s 0
f 1785/2591/186 1775/2571/186 1786/2593/186 1800/2621/186
s 1
f 2321/3386/186 2322/3384/186 1785/2591/186 1800/2621/186
s 0
f 1960/2941/186 1958/2937/186 1962/2946/186 1966/2953/186
f 1855/2731/186 1837/2695/186 1856/2733/186 1876/2773/186
s 1
f 1836/2693/186 1854/2729/186 2316/3387/186 2317/3379/186
f 1854/2729/186 1855/2731/186 2315/3388/186 2316/3387/186
f 1855/2731/186 1876/2773/186 2314/3389/186 2315/3388/186
f 1876/2773/186 1889/2799/186 2313/3390/186 2314/3389/186
f 1889/2799/186 1902/2825/186 2312/3375/186 2313/3390/186
f 1923/2867/186 1935/2891/186 2309/3391/186 2310/3376/186
f 1935/2891/186 1936/2893/186 2308/3392/186 2309/3391/186
f 2326/3381/186 2327/3393/186 2055/3131/186 2056/3133/186
f 2327/3393/186 2328/3394/186 2054/3129/186 2055/3131/186
s 0
f 1925/2871/186 1914/2849/186 1920/2861/186 1938/2897/186
f 1914/2849/186 1900/2821/186 1918/2857/186 1920/2861/186
f 1971/2963/186 1964/2949/186 1968/2957/186 1982/2985/186
f 1964/2949/186 1960/2941/186 1966/2953/186 1968/2957/186
f 1837/2695/186 1826/2673/186 1833/2687/186 1856/2733/186
f 1826/2673/186 1814/2649/186 1828/2677/186 1833/2687/186
f 1758/2538/186 1766/2553/186 1774/2570/186 2057/3135/186
f 1766/2553/186 1786/2593/186 1775/2571/186 1774/2570/186
s 1
f 1936/2893/186 1924/2869/186 2307/3395/186 2308/3392/186
f 2328/3394/186 2329/3396/186 2053/3126/186 2054/3129/186
s 0
f 1934/2889/186 1937/2895/186 1956/2933/186 1959/2939/186
f 1937/2895/186 1925/2871/186 1938/2897/186 1956/2933/186
f 1980/2981/186 1981/2983/186 1992/3005/186 1999/3019/186
f 1981/2983/186 1971/2963/186 1982/2985/186 1992/3005/186
f 1807/2635/186 1801/2623/186 1823/2667/186 1822/2666/186
f 1814/2649/186 1807/2635/186 1822/2666/186 1828/2677/186
f 1760/2542/186 1759/2539/186 2058/3137/186 2059/3139/186
f 1759/2539/186 1758/2538/186 2057/3135/186 2058/3137/186
s 1
f 2257/3397/62 2258/3398/62 263/54/48 267/57/51
f 2256/3399/64 2257/3400/64 267/61/55 266/60/54
f 2180/3401/64 2179/3402/64 2182/3403/64 2181/3404/64
f 2179/3405/62 2178/3406/62 2183/3407/62 2182/3408/62
f 2185/3409/62 2184/3410/62 2178/3406/62 2179/3405/62
f 2186/3411/64 2185/3412/64 2179/3402/64 2180/3401/64
f 2181/3404/64 2182/3403/64 2305/3413/64 2306/3414/64
f 2182/3408/62 2183/3407/62 2304/3415/62 2305/3416/62
f 2187/3417/64 2188/3418/64 2191/3419/64 2190/3420/64
f 2188/3421/62 2189/3422/62 2192/3423/62 2191/3424/62
f 2190/3420/64 2191/3419/64 2194/3425/64 2193/3426/64
f 2191/3424/62 2192/3423/62 2195/3427/62 2194/3428/62
s 0
f 2013/3047/186 2010/3041/186 2190/3420/186 2193/3426/186
f 2010/3041/186 2004/3029/186 2187/3417/186 2190/3420/186
s 1
f 2306/3414/186 2307/3395/186 1924/2869/186 2181/3404/186
s 0
f 1924/2869/186 1915/2851/186 2180/3401/186 2181/3404/186
f 1915/2851/186 1901/2823/186 2186/3411/186 2180/3401/186
s 1
f 2266/3429/14 2267/3430/14 28/38/32 29/37/31
f 2265/3431/73 2266/3432/73 29/27/21 99/26/20
f 2200/3433/14 2199/3434/14 2196/3435/14 2197/3436/14
f 2201/3437/73 2200/3438/73 2197/3439/73 2198/3440/73
f 2198/3440/73 2197/3439/73 2203/3441/73 2202/3442/73
f 2197/3436/14 2196/3435/14 2204/3443/14 2203/3444/14
f 2202/3442/73 2203/3441/73 2331/3445/73 2332/3446/73
f 2203/3444/14 2204/3443/14 2330/3447/14 2331/3448/14
f 2209/3449/14 2208/3450/14 2207/3451/14 2206/3452/14
f 2210/3453/73 2209/3454/73 2206/3455/73 2205/3456/73
f 2205/3456/73 2206/3455/73 2212/3457/73 2211/3458/73
f 2206/3452/14 2207/3451/14 2213/3459/14 2212/3460/14
s 0
f 2065/3151/186 2052/3127/186 2196/3435/186 2199/3434/186
f 2052/3127/186 2053/3126/186 2204/3443/186 2196/3435/186
s 1
f 2053/3126/186 2329/3396/186 2330/3447/186 2204/3443/186
s 0
f 1829/2679/186 1832/2685/186 2207/3451/186 2208/3450/186
f 1832/2685/186 1857/2735/186 2213/3459/186 2207/3451/186
f 1922/2865/186 1934/2889/186 1959/2939/186 1961/2943/186
f 1970/2961/186 1980/2981/186 1999/3019/186 2005/3031/186
f 1801/2623/186 1787/2595/186 1831/2683/186 1823/2667/186
f 1761/2543/186 1760/2542/186 2059/3139/186 2060/3141/186
s 1
f 2272/3461/17 2273/3462/17 27/17/13 32/102/84
f 2271/3463/74 2272/3464/74 32/116/98 369/115/97
f 2218/3465/17 2217/3466/17 2214/3467/17 2215/3468/17
f 2219/3469/74 2218/3470/74 2215/3471/74 2216/3472/74
f 2221/3473/17 2220/3474/17 2217/3466/17 2218/3465/17
f 2222/3475/74 2221/3476/74 2218/3470/74 2219/3469/74
f 2224/3477/17 2223/3478/17 2220/3474/17 2221/3473/17
f 2225/3479/74 2224/3480/74 2221/3476/74 2222/3475/74
f 2227/3481/17 2226/3482/17 2223/3478/17 2224/3477/17
f 2228/3483/74 2227/3484/74 2224/3480/74 2225/3479/74
f 2230/3485/17 2229/3486/17 2226/3482/17 2227/3481/17
f 2231/3487/74 2230/3488/74 2227/3484/74 2228/3483/74
f 2233/3489/17 2232/3490/17 2229/3486/17 2230/3485/17
f 2234/3491/74 2233/3492/74 2230/3488/74 2231/3487/74
s 0
f 1834/2689/186 1831/2683/186 2229/3486/186 2232/3490/186
f 1831/2683/186 1787/2595/186 2226/3482/186 2229/3486/186
f 1787/2595/186 1767/2555/186 2223/3478/186 2226/3482/186
f 1767/2555/186 1761/2543/186 2220/3474/186 2223/3478/186
f 1761/2543/186 2060/3141/186 2217/3466/186 2220/3474/186
f 2060/3141/186 2061/3143/186 2214/3467/186 2217/3466/186
s 1
f 2263/3493/63 2264/3494/63 24/13/10 116/47/41
f 2262/3495/65 2263/3496/65 116/39/33 28/38/32
f 2237/3497/65 2236/3498/65 2239/3499/65 2238/3500/65
f 2236/3501/63 2235/3502/63 2240/3503/63 2239/3504/63
f 2238/3500/65 2239/3499/65 2245/3505/65 2246/3506/65
f 2239/3504/63 2240/3503/63 2244/3507/63 2245/3508/63
f 2245/3508/63 2244/3507/63 2243/3509/63 2242/3510/63
f 2246/3506/65 2245/3505/65 2242/3511/65 2241/3512/65
f 2241/3512/65 2242/3511/65 2248/3513/65 2247/3514/65
f 2242/3510/63 2243/3509/63 2249/3515/63 2248/3516/63
f 2247/3514/65 2248/3513/65 2251/3517/65 2250/3518/65
f 2248/3516/63 2249/3515/63 2252/3519/63 2251/3520/63
f 2250/3518/65 2251/3517/65 2254/3521/65 2253/3522/65
f 2251/3520/63 2252/3519/63 2255/3523/63 2254/3524/63
s 0
f 1917/2855/186 1922/2865/186 2250/3518/186 2253/3522/186
f 1922/2865/186 1961/2943/186 2247/3514/186 2250/3518/186
f 1961/2943/186 1965/2951/186 2241/3512/186 2247/3514/186
f 1965/2951/186 1970/2961/186 2246/3506/186 2241/3512/186
f 1970/2961/186 2005/3031/186 2238/3500/186 2246/3506/186
f 2005/3031/186 2011/3043/186 2237/3497/186 2238/3500/186
s 1
f 2193/3426/64 2194/3425/64 2257/3400/64 2256/3399/64
f 2194/3428/62 2195/3427/62 2258/3398/62 2257/3397/62
f 2260/73/63 2259/72/63 2235/3502/63 2236/3501/63
f 2261/77/65 2260/76/65 2236/3498/65 2237/3497/65
f 2253/3522/65 2254/3521/65 2263/3496/65 2262/3495/65
f 2254/3524/63 2255/3523/63 2264/3494/63 2263/3493/63
f 2211/3458/73 2212/3457/73 2266/3432/73 2265/3431/73
f 2212/3460/14 2213/3459/14 2267/3430/14 2266/3429/14
f 2269/19/14 2268/18/14 2199/3434/14 2200/3433/14
f 2270/89/73 2269/88/73 2200/3438/73 2201/3437/73
f 2216/3472/74 2215/3471/74 2272/3464/74 2271/3463/74
f 2215/3468/17 2214/3467/17 2273/3462/17 2272/3461/17
s 0
f 2061/3143/186 2062/3145/186 2273/3462/186 2214/3467/186
f 2064/3149/186 2065/3151/186 2199/3434/186 2268/18/186
s 1
f 2275/71/62 2274/70/62 2184/3410/62 2185/3409/62
f 2276/75/64 2275/74/64 2185/3412/64 2186/3411/64
f 2278/23/17 2277/22/17 2232/3490/17 2233/3489/17
f 2279/91/74 2278/90/74 2233/3492/74 2234/3491/74
s 0
f 1858/2737/186 1834/2689/186 2232/3490/186 2277/22/186
f 1901/2823/186 1890/2801/186 2276/75/186 2186/3411/186
f 2019/3059/186 2013/3047/186 2193/3426/186 2256/3399/186
f 2011/3043/186 2012/3045/186 2261/77/186 2237/3497/186
s 1
f 2018/3057/186 266/60/186 2261/77/186 2012/3045/186
s 0
f 1903/2827/186 1917/2855/186 2253/3522/186 2262/3495/186
f 1857/2735/186 1877/2775/186 2267/3430/186 2213/3459/186
s 1
f 1891/2803/186 28/38/186 2267/3430/186 1877/2775/186
f 2268/18/186 27/17/186 2063/3147/186 2064/3149/186
f 1879/2779/186 31/21/186 2276/75/186 1890/2801/186
f 2063/3147/186 27/17/186 2273/3462/186 2062/3145/186
f 2277/22/186 31/21/186 1879/2779/186 1858/2737/186
f 2256/3399/186 266/60/186 2018/3057/186 2019/3059/186
f 2262/3495/186 28/38/186 1891/2803/186 1903/2827/186
f 1783/2587/214 1782/2586/214 2287/3525/214 2288/3526/214
f 1782/2586/214 1794/2609/214 2286/3527/214 2287/3525/214
f 1942/2905/214 1926/2873/214 2281/3528/214 2282/3529/214
f 1926/2873/214 1907/2835/214 2280/3530/214 2281/3528/214
f 1912/2845/214 1932/2885/214 2284/3531/214 2285/3532/214
f 1932/2885/214 1946/2913/214 2283/3533/214 2284/3531/214
f 1793/2607/214 1777/2575/214 2290/3534/214 2291/3535/214
f 1777/2575/214 1776/2574/214 2289/3536/214 2290/3534/214
s 0
f 1796/2613/214 1799/2619/214 1843/2707/214 1842/2706/214
f 1893/2807/214 1882/2785/214 1883/2787/214 1898/2817/214
f 1952/2925/214 1953/2927/214 1973/2967/214 1972/2966/214
f 1892/2805/214 1886/2793/214 1881/2783/214 1895/2811/214
f 1869/2759/214 1881/2783/214 1886/2793/214 1874/2769/214
f 1794/2609/214 1796/2613/214 1842/2706/214 1850/2721/214
f 1906/2833/214 1893/2807/214 1898/2817/214 1912/2845/214
f 1882/2785/214 1872/2765/214 1871/2763/214 1883/2787/214
f 1799/2619/214 1793/2607/214 1851/2723/214 1843/2707/214
f 1907/2835/214 1892/2805/214 1895/2811/214 1910/2841/214
f 1944/2909/214 1952/2925/214 1972/2966/214 1976/2973/214
f 1953/2927/214 1941/2903/214 1977/2975/214 1973/2967/214
s 1
f 2281/3528/214 2280/3530/214 1976/2973/214 1984/2989/214
f 2282/3529/214 2281/3528/214 1984/2989/214 1989/2999/214
f 2284/3531/214 2283/3533/214 1991/3003/214 1986/2993/214
f 2285/3532/214 2284/3531/214 1986/2993/214 1977/2975/214
f 2287/3525/214 2286/3527/214 1874/2769/214 1861/2743/214
f 2288/3526/214 2287/3525/214 1861/2743/214 1846/2713/214
f 2290/3534/214 2289/3536/214 1849/2719/214 1862/2745/214
f 2291/3535/214 2290/3534/214 1862/2745/214 1871/2763/214
s 0
f 1865/2751/214 1851/2723/214 1793/2607/214 2291/3535/214
f 1850/2721/214 1864/2749/214 2286/3527/214 1794/2609/214
f 1864/2749/214 1869/2759/214 1874/2769/214 2286/3527/214
f 1872/2765/214 1865/2751/214 2291/3535/214 1871/2763/214
f 1941/2903/214 1927/2875/214 2285/3532/214 1977/2975/214
f 1927/2875/214 1906/2833/214 1912/2845/214 2285/3532/214
f 1930/2881/214 1944/2909/214 1976/2973/214 2280/3530/214
f 1910/2841/214 1930/2881/214 2280/3530/214 1907/2835/214
s 1
f 1839/2699/214 1838/2698/214 2299/3537/214 2300/3538/214
f 1841/2703/214 1840/2702/214 2301/3539/214 2302/3540/214
f 1848/2717/214 1841/2703/214 2302/3540/214 2303/3541/214
f 1838/2698/214 1847/2715/214 2298/3542/214 2299/3537/214
f 1947/2915/214 1949/2919/214 2296/3543/214 2297/3544/214
f 1949/2919/214 1955/2931/214 2295/3545/214 2296/3543/214
f 1950/2921/214 1954/2929/214 2293/3546/214 2294/3547/214
f 1954/2929/214 1943/2907/214 2292/3548/214 2293/3546/214
f 2293/3546/214 2292/3548/214 2007/3035/214 2002/3025/214
f 2294/3547/214 2293/3546/214 2002/3025/214 1997/3015/214
f 2296/3543/214 2295/3545/214 1996/3013/214 2003/3027/214
f 2297/3544/214 2296/3543/214 2003/3027/214 2009/3039/214
f 2299/3537/214 2298/3542/214 2041/3103/214 2042/3105/214
f 2300/3538/214 2299/3537/214 2042/3105/214 2043/3107/214
f 2302/3540/214 2301/3539/214 2028/3077/214 2029/3079/214
f 2303/3541/214 2302/3540/214 2029/3079/214 2030/3081/214
s 0
f 1849/2719/214 2289/3536/214 2301/3539/214 1840/2702/214
f 2289/3536/214 1776/2574/214 2028/3077/214 2301/3539/214
f 2283/3533/214 1946/2913/214 1950/2921/214 2294/3547/214
f 1991/3003/214 2283/3533/214 2294/3547/214 1997/3015/214
f 1942/2905/214 2282/3529/214 2295/3545/214 1955/2931/214
f 1989/2999/214 1996/3013/214 2295/3545/214 2282/3529/214
f 2288/3526/214 1846/2713/214 1839/2699/214 2300/3538/214
f 1783/2587/214 2288/3526/214 2300/3538/214 2043/3107/214
s 1
f 2305/3416/62 2304/3415/62 2189/3422/62 2188/3421/62
f 2306/3414/64 2305/3413/64 2188/3418/64 2187/3417/64
f 2004/3029/186 2307/3395/186 2306/3414/186 2187/3417/186
f 2308/3392/186 2307/3395/186 2004/3029/186 1998/3017/186
f 2309/3391/186 2308/3392/186 1998/3017/186 1993/3007/186
f 2310/3376/186 2309/3391/186 1993/3007/186 1983/2987/186
f 2311/3374/186 2310/3376/186 1983/2987/186 1969/2959/186
f 2312/3375/186 2311/3374/186 1969/2959/186 1967/2955/186
f 2313/3390/186 2312/3375/186 1967/2955/186 1963/2947/186
f 2314/3389/186 2313/3390/186 1963/2947/186 1962/2946/186
f 2315/3388/186 2314/3389/186 1962/2946/186 1958/2937/186
f 2316/3387/186 2315/3388/186 1958/2937/186 1957/2935/186
f 2317/3379/186 2316/3387/186 1957/2935/186 1939/2899/186
f 2318/3377/186 2317/3379/186 1939/2899/186 1921/2863/186
f 2319/3378/186 2318/3377/186 1921/2863/186 1919/2859/186
f 2320/3385/186 2319/3378/186 1919/2859/186 1905/2831/186
f 2321/3386/186 2320/3385/186 1905/2831/186 1904/2830/186
f 1888/2797/186 2322/3384/186 2321/3386/186 1904/2830/186
f 2323/3383/186 2322/3384/186 1888/2797/186 1878/2777/186
f 2324/3382/186 2323/3383/186 1878/2777/186 1859/2739/186
f 2325/3380/186 2324/3382/186 1859/2739/186 1835/2691/186
f 2326/3381/186 2325/3380/186 1835/2691/186 1830/2681/186
f 1830/2681/186 1825/2671/186 2327/3393/186 2326/3381/186
f 1825/2671/186 1824/2670/186 2328/3394/186 2327/3393/186
f 1824/2670/186 1829/2679/186 2329/3396/186 2328/3394/186
f 2330/3447/186 2329/3396/186 1829/2679/186 2208/3450/186
f 2331/3448/14 2330/3447/14 2208/3450/14 2209/3449/14
f 2332/3446/73 2331/3445/73 2209/3454/73 2210/3453/73
s 0
f 2297/3544/214 2009/3039/214 2189/3422/214 2304/3415/214
f 2009/3039/214 2017/3055/214 2192/3423/214 2189/3422/214
f 2017/3055/214 2022/3065/214 2195/3427/214 2192/3423/214
f 2022/3065/214 2025/3071/214 2258/3398/214 2195/3427/214
f 1899/2819/214 1913/2847/214 2184/3410/214 2274/70/214
f 1913/2847/214 1933/2887/214 2178/3406/214 2184/3410/214
f 1933/2887/214 1947/2915/214 2183/3407/214 2178/3406/214
f 1947/2915/214 2297/3544/214 2304/3415/214 2183/3407/214
s 1
f 2358/3549/61 2359/3550/61 268/62/56 264/65/59
f 2357/3551/60 2358/3552/60 264/55/49 263/54/48
f 2337/3553/61 2336/3554/61 2333/3555/61 2334/3556/61
f 2338/3557/60 2337/3558/60 2334/3559/60 2335/3560/60
f 2340/3561/61 2339/3562/61 2336/3554/61 2337/3553/61
f 2341/3563/60 2340/3564/60 2337/3558/60 2338/3557/60
s 0
f 2007/3035/214 2292/3548/214 2338/3557/214 2335/3560/214
f 2292/3548/214 1943/2907/214 2341/3563/214 2338/3557/214
s 1
f 2352/3565/8 2353/3566/8 21/52/46 22/51/45
f 2351/3567/77 2352/3568/77 22/31/25 101/30/24
f 2344/3569/77 2343/3570/77 2346/3571/77 2345/3572/77
f 2343/3573/8 2342/3574/8 2347/3575/8 2346/3576/8
f 2349/3577/8 2348/3578/8 2342/3574/8 2343/3573/8
f 2350/3579/77 2349/3580/77 2343/3570/77 2344/3569/77
s 0
f 2041/3103/214 2298/3542/214 2342/3574/214 2348/3578/214
f 2298/3542/214 1847/2715/214 2347/3575/214 2342/3574/214
f 2274/70/214 21/52/214 1885/2791/214 1899/2819/214
s 1
f 2345/3572/77 2346/3571/77 2355/3581/77 2356/3582/77
f 2346/3576/8 2347/3575/8 2354/3583/8 2355/3584/8
f 2355/3584/8 2354/3583/8 2353/3566/8 2352/3565/8
f 2356/3582/77 2355/3581/77 2352/3568/77 2351/3567/77
f 2335/3560/60 2334/3559/60 2361/3585/60 2362/3586/60
f 2334/3556/61 2333/3555/61 2360/3587/61 2361/3588/61
f 2361/3588/61 2360/3587/61 2359/3550/61 2358/3549/61
f 2362/3586/60 2361/3585/60 2358/3552/60 2357/3551/60
f 2367/3589/61 2368/3590/61 2339/3562/61 2340/3561/61
f 2366/3591/60 2367/3592/60 2340/3564/60 2341/3563/60
f 2365/3593/60 2364/3594/60 2367/3592/60 2366/3591/60
f 2364/3595/61 2363/3596/61 2368/3590/61 2367/3589/61
f 2373/3597/8 2374/3598/8 2348/3578/8 2349/3577/8
f 2372/3599/77 2373/3600/77 2349/3580/77 2350/3579/77
f 2371/3601/77 2370/3602/77 2373/3600/77 2372/3599/77
f 2370/3603/8 2369/3604/8 2374/3598/8 2373/3597/8
s 0
f 2039/3099/214 2040/3101/214 2374/3598/214 2369/3604/214
f 2040/3101/214 2041/3103/214 2348/3578/214 2374/3598/214
f 1943/2907/214 1928/2877/214 2366/3591/214 2341/3563/214
f 1928/2877/214 1908/2837/214 2365/3593/214 2366/3591/214
f 2021/3063/214 2014/3049/214 2362/3586/214 2357/3551/214
f 2014/3049/214 2007/3035/214 2335/3560/214 2362/3586/214
f 1860/2741/214 1868/2757/214 2353/3566/214 2354/3583/214
f 1847/2715/214 1860/2741/214 2354/3583/214 2347/3575/214
f 1868/2757/214 1885/2791/214 21/52/214 2353/3566/214
f 2025/3071/214 2027/3075/214 263/54/214 2258/3398/214
f 2357/3551/214 263/54/214 2027/3075/214 2021/3063/214
s 1
f 2395/3605/69 2396/3606/69 104/32/26 14/35/29
f 2394/3607/3 2395/3608/3 14/43/37 15/42/36
f 2377/3609/69 2101/3222/69 2094/3208/69 2375/3610/69
f 2378/3611/3 2377/3612/3 2375/3613/3 2376/3614/3
f 2376/3614/3 2375/3613/3 2380/3615/3 2379/3616/3
f 2375/3610/69 2094/3208/69 2089/3198/69 2380/3617/69
s 0
f 1848/2717/214 2303/3541/214 2376/3614/214 2379/3616/214
f 2303/3541/214 2030/3081/214 2378/3611/214 2376/3614/214
s 1
f 2381/3618/69 2107/3234/69 2101/3222/69 2377/3609/69
f 2382/3619/3 2381/3620/3 2377/3612/3 2378/3611/3
f 2384/83/69 2383/82/69 2107/3234/69 2381/3618/69
f 2385/4/3 2384/3/3 2381/3620/3 2382/3619/3
f 2387/11/8 2386/10/8 2369/3604/8 2370/3603/8
f 2388/95/77 2387/94/77 2370/3602/77 2371/3601/77
s 0
f 2031/3083/214 2036/3093/214 2385/4/214 2382/3619/214
f 2038/3097/214 2039/3099/214 2369/3604/214 2386/10/214
f 2031/3083/214 2382/3619/214 2378/3611/214 2030/3081/214
f 2036/3093/214 2037/3095/214 12/1/214 2385/4/214
f 2386/10/214 12/1/214 2037/3095/214 2038/3097/214
s 1
f 2390/69/61 2389/68/61 2363/3596/61 2364/3595/61
f 2391/67/60 2390/66/60 2364/3594/60 2365/3593/60
f 2379/3616/3 2380/3615/3 2393/3621/3 2392/3622/3
f 2380/3617/69 2089/3198/69 2087/3194/69 2393/3623/69
f 2392/3622/3 2393/3621/3 2395/3608/3 2394/3607/3
f 2393/3623/69 2087/3194/69 2396/3606/69 2395/3605/69
s 0
f 1875/2771/214 1863/2747/214 2392/3622/214 2394/3607/214
f 1863/2747/214 1848/2717/214 2379/3616/214 2392/3622/214
f 1908/2837/214 1894/2809/214 2391/67/214 2365/3593/214
f 1894/2809/214 1887/2795/214 15/42/214 2391/67/214
f 2394/3607/214 15/42/214 1887/2795/214 1875/2771/214
s 1
f 2486/3624/66 2487/3625/66 365/105/87 18/104/86
f 2485/3626/6 2486/3627/6 18/100/82 19/99/81
f 2462/3628/119 2463/3629/119 462/121/103 467/124/106
f 2461/3630/116 2462/3631/116 467/128/110 465/127/109
f 2409/3632/117 2410/3633/117 367/109/91 396/112/94
f 2119/3258/115 2409/3634/115 396/106/88 365/105/87
f 2404/3635/119 2403/3636/119 2399/3637/119 2400/3638/119
f 2118/3256/116 2404/3639/116 2400/3640/116 2124/3268/116
f 2124/3268/116 2400/3640/116 2405/3641/116 2130/3280/116
f 2400/3638/119 2399/3637/119 2406/3642/119 2405/3643/119
f 2408/138/117 2407/137/117 2401/3644/117 2402/3645/117
f 2131/134/115 2408/133/115 2402/3646/115 2125/3270/115
f 2125/3270/115 2402/3646/115 2409/3634/115 2119/3258/115
f 2402/3645/117 2401/3644/117 2410/3633/117 2409/3632/117
f 2398/3647/6 2397/3648/6 2412/3649/6 2411/3650/6
f 2397/3651/66 2095/3210/66 2100/3220/66 2412/3652/66
f 2413/3653/66 2088/3196/66 2095/3210/66 2397/3651/66
f 2414/3654/6 2413/3655/6 2397/3648/6 2398/3647/6
f 2115/3250/1118 2121/3262/1119 2428/3656/1119 2429/3657/1120
f 2121/3262/1119 2128/3276/1121 2427/3658/1122 2428/3656/1119
f 2071/3163/1123 2067/3155/1124 2467/3659/1125 2468/3660/1126
f 2067/3155/1124 1769/2559/1127 2466/3661/1128 2467/3659/1125
f 1770/2562/1057 2066/3153/1072 2435/3662/1129 2436/3663/1130
f 2066/3153/1072 2070/3161/1073 2434/3664/1131 2435/3662/1129
f 2127/3274/1100 2122/3264/1099 2473/3665/1100 2474/3666/1132
f 2122/3264/1099 2117/3254/1133 2472/3667/1134 2473/3665/1100
f 2117/3254/1133 2111/3242/1135 2471/3668/1136 2472/3667/1134
f 2109/3238/1137 2115/3250/1118 2429/3657/1120 2430/3669/1138
f 2075/3171/1139 2071/3163/1123 2468/3660/1126 2469/3670/1140
f 2070/3161/1073 2074/3169/1074 2433/3671/1141 2434/3664/1131
f 2103/3226/1142 2109/3238/1137 2430/3669/1138 2431/3672/1143
f 2074/3169/1074 2075/3171/1139 2432/3673/1144 2433/3671/1141
f 2469/3670/1140 2470/3674/1145 2432/3673/1144 2075/3171/1139
f 2128/3276/1121 2135/3289/1104 2426/3675/1146 2427/3658/1122
f 2135/3289/1104 2134/3287/1103 2425/3676/1147 2426/3675/1146
f 1771/2563/1058 1770/2562/1057 2436/3663/1130 2437/3677/1148
f 1791/2603/1060 1771/2563/1058 2437/3677/1148 2438/3678/1149
f 1768/2558/1054 1790/2601/1059 2464/3679/1150 2465/3680/1151
f 1769/2559/1127 1768/2558/1054 2465/3680/1151 2466/3661/1128
f 2133/3285/1152 2132/3283/1102 2475/3681/1153 2476/3682/1154
f 2132/3283/1102 2127/3274/1100 2474/3666/1132 2475/3681/1153
f 1805/2631/1061 1791/2603/1060 2438/3678/1149 2439/3683/1155
f 2134/3287/1103 2129/3278/1101 2424/3684/1156 2425/3676/1147
s 0
f 2097/3214/1157 2093/3206/1157 2216/3472/1157 2271/3463/1157
f 2093/3206/1158 2085/3191/1158 2219/3469/1158 2216/3472/1158
f 1804/2629/1159 1811/2643/1159 2234/3491/1159 2231/3487/1159
f 1811/2643/1160 1816/2653/1160 2279/91/1160 2234/3491/1160
s 1
f 2447/3685/118 2448/3686/118 466/131/113 463/130/112
f 2446/3687/120 2447/3688/120 463/122/104 462/121/103
f 2417/3689/120 2416/3690/120 2422/3691/120 2423/3692/120
f 2416/3693/118 2415/3694/118 2421/3695/118 2422/3696/118
f 2423/3692/1161 2424/3684/1156 2129/3278/1101 2417/3689/1162
s 0
f 1817/2655/1163 1810/2641/1163 2356/3582/1163 2351/3567/1163
f 1810/2641/1164 1805/2631/1164 2345/3572/1164 2356/3582/1164
f 2083/3187/1165 2090/3200/1165 2372/3599/1165 2350/3579/1165
f 2090/3200/1166 2098/3216/1166 2371/3601/1166 2372/3599/1166
f 2098/3216/1167 2102/3224/1167 2388/95/1167 2371/3601/1167
s 1
f 2422/3696/118 2421/3695/118 2420/3697/118 2419/3698/118
f 2423/3692/120 2422/3691/120 2419/3699/120 2418/3700/120
f 2163/3345/1168 2424/3684/1156 2423/3692/1161 2418/3700/1169
f 2425/3676/1147 2424/3684/1156 2163/3345/1168 2159/3337/1170
f 2426/3675/1146 2425/3676/1147 2159/3337/1170 2155/3329/1171
f 2427/3658/1122 2426/3675/1146 2155/3329/1171 2150/3319/1172
f 2428/3656/1119 2427/3658/1122 2150/3319/1172 2147/3313/1119
f 2429/3657/1120 2428/3656/1119 2147/3313/1119 2143/3305/1173
f 2430/3669/1138 2429/3657/1120 2143/3305/1173 2139/3297/1174
f 2431/3672/1143 2430/3669/1138 2139/3297/1174 2138/3296/1107
f 2470/3674/1145 2471/3668/1136 2111/3242/1135 2432/3673/1144
f 2433/3671/1141 2432/3673/1144 2111/3242/1135 2104/3228/1175
f 2434/3664/1131 2433/3671/1141 2104/3228/1175 2096/3212/1176
f 2435/3662/1129 2434/3664/1131 2096/3212/1176 2092/3204/1177
f 2436/3663/1130 2435/3662/1129 2092/3204/1177 2084/3189/1178
f 2437/3677/1148 2436/3663/1130 2084/3189/1178 2081/3183/1179
f 2438/3678/1149 2437/3677/1148 2081/3183/1179 2080/3182/1180
f 2439/3683/1155 2438/3678/1149 2080/3182/1180 2083/3187/1181
s 0
f 2439/3683/1182 2083/3187/1182 2350/3579/1182 2344/3569/1182
f 1805/2631/1183 2439/3683/1183 2344/3569/1183 2345/3572/1183
s 1
f 2418/3700/120 2419/3699/120 2441/3701/120 2440/3702/120
f 2419/3698/118 2420/3697/118 2442/3703/118 2441/3704/118
f 2440/3702/120 2441/3701/120 2444/3705/120 2443/3706/120
f 2441/3704/118 2442/3703/118 2445/3707/118 2444/3708/118
s 0
f 2440/3702/1184 2167/3353/1184 2163/3345/1184 2418/3700/1184
f 2443/3706/1185 2171/3361/1185 2167/3353/1185 2440/3702/1185
s 1
f 2443/3706/120 2444/3705/120 2447/3688/120 2446/3687/120
f 2444/3708/118 2445/3707/118 2448/3686/118 2447/3685/118
s 0
f 2446/3687/1186 2174/3367/1186 2171/3361/1186 2443/3706/1186
s 1
f 2450/3709/119 2449/3710/119 2403/3636/119 2404/3635/119
f 2113/3246/116 2450/3711/116 2404/3639/116 2118/3256/116
f 2452/3712/119 2451/3713/119 2449/3710/119 2450/3709/119
f 2453/3714/116 2452/3715/116 2450/3711/116 2113/3246/116
f 2455/142/119 2454/141/119 2451/3713/119 2452/3712/119
f 2456/136/116 2455/135/116 2452/3715/116 2453/3714/116
s 0
f 2120/3260/1187 2451/3713/1187 2454/141/1187 2114/3248/1187
f 2126/3272/1188 2449/3710/1188 2451/3713/1188 2120/3260/1188
s 1
f 2130/3280/116 2405/3641/116 2460/3716/116 2136/3291/116
f 2405/3643/119 2406/3642/119 2459/3717/119 2460/3718/119
f 2460/3718/119 2459/3717/119 2458/3719/119 2457/3720/119
f 2136/3291/116 2460/3716/116 2457/3721/116 2137/3293/116
f 2137/3293/116 2457/3721/116 2462/3631/116 2461/3630/116
f 2457/3720/119 2458/3719/119 2463/3629/119 2462/3628/119
s 0
f 2170/3359/1189 2463/3629/1189 2458/3719/1189 2166/3351/1189
f 2166/3351/1190 2458/3719/1190 2459/3717/1190 2162/3343/1190
f 2162/3343/1191 2459/3717/1191 2406/3642/1191 2158/3335/1191
f 2449/3710/1192 2126/3272/1192 2133/3285/1192 2403/3636/1192
s 1
f 2465/3680/1151 2464/3679/1150 2079/3179/1078 2078/3178/1077
f 2466/3661/1128 2465/3680/1151 2078/3178/1077 2082/3185/1082
f 2467/3659/1125 2466/3661/1128 2082/3185/1082 2091/3202/1088
f 2468/3660/1126 2467/3659/1125 2091/3202/1088 2099/3218/1193
f 2469/3670/1140 2468/3660/1126 2099/3218/1193 2103/3226/1142
f 2431/3672/1143 2470/3674/1145 2469/3670/1140 2103/3226/1142
f 2138/3296/1107 2471/3668/1136 2470/3674/1145 2431/3672/1143
f 2472/3667/1134 2471/3668/1136 2138/3296/1107 2142/3303/1109
f 2473/3665/1100 2472/3667/1134 2142/3303/1109 2146/3311/1112
f 2474/3666/1132 2473/3665/1100 2146/3311/1112 2151/3321/1194
f 2475/3681/1153 2474/3666/1132 2151/3321/1194 2154/3327/1195
f 2476/3682/1154 2475/3681/1153 2154/3327/1195 2158/3335/1196
s 0
f 2133/3285/1197 2476/3682/1197 2399/3637/1197 2403/3636/1197
f 2406/3642/1198 2399/3637/1198 2476/3682/1198 2158/3335/1198
f 2079/3179/1199 2464/3679/1199 2225/3479/1199 2222/3475/1199
f 1790/2601/1200 2228/3483/1200 2225/3479/1200 2464/3679/1200
f 2228/3483/1201 1790/2601/1201 1804/2629/1201 2231/3487/1201
f 2079/3179/1202 2222/3475/1202 2219/3469/1202 2085/3191/1202
s 1
f 2481/3722/118 2482/3723/118 2415/3694/118 2416/3693/118
f 2480/3724/120 2481/3725/120 2416/3690/120 2417/3689/120
f 2479/144/120 2478/143/120 2481/3725/120 2480/3724/120
f 2478/140/118 2477/139/118 2482/3723/118 2481/3722/118
s 0
f 2480/3724/1203 2123/3266/1203 2116/3252/1203 2479/144/1203
f 2123/3266/1204 2480/3724/1204 2417/3689/1204 2129/3278/1204
f 101/30/1205 1821/2663/1205 1817/2655/1205 2351/3567/1205
f 2110/3240/1206 369/115/1206 2479/144/1206 2116/3252/1206
f 2271/3463/1207 369/115/1207 2105/3230/1207 2097/3214/1207
f 101/30/1208 2279/91/1208 1816/2653/1208 1820/2661/1208
f 1821/2663/1209 101/30/1209 1820/2661/1209
f 369/115/1210 2110/3240/1210 2105/3230/1210
f 2463/3629/1211 2170/3359/1211 2175/3369/1211 462/121/1211
f 2174/3367/1212 2446/3687/1212 462/121/1212 2175/3369/1212
f 2114/3248/1213 2454/141/1213 370/92/1213 2108/3236/1213
f 2108/3236/1214 370/92/1214 2388/95/1214 2102/3224/1214
f 2259/72/216 2023/3067/216 2016/3053/216 2235/3502/216
f 2235/3502/216 2016/3053/216 2008/3037/216 2240/3503/216
f 2020/3061/216 2359/3550/216 2360/3587/216 2015/3051/216
f 2015/3051/216 2360/3587/216 2333/3555/216 2006/3033/216
f 2259/72/216 268/62/216 2026/3073/216 2023/3067/216
f 268/62/216 2359/3550/216 2020/3061/216 2024/3069/216
f 2026/3073/216 268/62/216 2024/3069/216
s 1
f 2411/3650/6 2412/3649/6 2488/3726/6 2489/3727/6
f 2412/3652/66 2100/3220/66 2106/3232/66 2488/3728/66
f 2483/3729/6 2484/3730/6 2486/3627/6 2485/3626/6
f 2484/3731/66 2112/3244/66 2487/3625/66 2486/3624/66
f 2488/3728/66 2106/3232/66 2112/3244/66 2484/3731/66
f 2489/3727/6 2488/3726/6 2484/3730/6 2483/3729/6
s 0
f 2033/3086/216 2489/3727/216 2483/3729/216 2032/3087/216
f 2032/3087/216 2483/3729/216 2485/3626/216 2051/3123/216
f 2119/3258/236 365/105/236 2487/3625/236 2112/3244/236
f 2051/3123/216 2485/3626/216 19/99/216 2050/3121/216
s 1
f 2491/3732/11 2490/3733/11 19/99/81 25/98/80
f 2492/3734/70 2491/3735/70 25/110/92 367/109/91
s 0
f 2490/3733/216 2049/3119/216 2050/3121/216 19/99/216
s 1
f 2494/3736/11 2493/3737/11 2490/3733/11 2491/3732/11
f 2495/3738/70 2494/3739/70 2491/3735/70 2492/3734/70
f 2497/3740/11 2496/3741/11 2493/3737/11 2494/3736/11
f 2498/3742/70 2497/3743/70 2494/3739/70 2495/3738/70
f 2500/3744/11 2499/3745/11 2496/3741/11 2497/3740/11
f 2501/3746/70 2500/3747/70 2497/3743/70 2498/3742/70
s 0
f 2047/3115/216 2496/3741/216 2499/3745/216 2046/3113/216
f 2496/3741/216 2047/3115/216 2048/3117/216 2493/3737/216
f 2493/3737/216 2048/3117/216 2049/3119/216 2490/3733/216
s 1
f 2503/3748/11 2502/3749/11 2499/3745/11 2500/3744/11
f 2504/3750/70 2503/3751/70 2500/3747/70 2501/3746/70
s 0
f 2046/3113/216 2499/3745/216 2502/3749/216 2045/3111/216
s 1
f 2506/3752/11 2505/3753/11 2502/3749/11 2503/3748/11
f 2507/3754/70 2506/3755/70 2503/3751/70 2504/3750/70
s 0
f 2505/3753/216 2044/3109/216 2045/3111/216 2502/3749/216
f 1798/2617/216 1845/2711/216 1844/2710/216 1797/2615/216
f 1845/2711/216 1798/2617/216 1795/2611/216 1853/2727/216
f 1797/2615/216 1844/2710/216 1852/2725/216 1792/2605/216
f 1792/2605/216 1852/2725/216 1866/2753/216 1778/2578/216
f 1853/2727/216 1795/2611/216 1781/2583/216 1867/2755/216
f 1974/2970/216 1948/2917/216 1951/2923/216 1975/2971/216
f 1975/2971/216 1951/2923/216 1945/2911/216 1979/2979/216
f 1979/2979/216 1945/2911/216 1931/2883/216 1985/2991/216
f 1948/2917/216 1974/2970/216 1978/2977/216 1940/2901/216
f 1940/2901/216 1978/2977/216 1987/2995/216 1929/2879/216
f 1929/2879/216 1987/2995/216 1990/3001/216 1909/2839/216
f 1985/2991/216 1931/2883/216 1911/2843/216 1988/2997/216
f 1867/2755/216 1781/2583/216 1780/2582/216 1870/2761/216
f 2489/3727/216 2033/3086/216 2034/3089/216 2411/3650/216
s 1
f 2512/3756/11 2513/3757/11 2505/3753/11 2506/3752/11
f 2511/3758/70 2512/3759/70 2506/3755/70 2507/3754/70
f 2510/3760/70 2509/3761/70 2512/3759/70 2511/3758/70
f 2509/3762/11 2508/3763/11 2513/3757/11 2512/3756/11
s 0
f 2044/3109/216 2505/3753/216 2513/3757/216 1780/2582/216
f 1780/2582/216 2513/3757/216 2508/3763/216 1870/2761/216
s 1
f 2515/3764/11 2514/3765/11 2508/3763/11 2509/3762/11
f 2516/3766/70 2515/3767/70 2509/3761/70 2510/3760/70
f 2518/3768/11 2517/3769/11 2514/3765/11 2515/3764/11
f 2519/3770/70 2518/3771/70 2515/3767/70 2516/3766/70
s 0
f 2517/3769/216 1896/2813/216 1880/2781/216 2514/3765/216
f 2514/3765/216 1880/2781/216 1870/2761/216 2508/3763/216
s 1
f 2535/3772/11 2536/3773/11 2517/3769/11 2518/3768/11
f 2518/3771/70 2519/3770/70 2534/3774/70 2535/3775/70
f 2524/3776/11 2523/3777/11 2520/3778/11 2521/3779/11
f 2525/3780/70 2524/3781/70 2521/3782/70 2522/3783/70
s 0
f 2008/3037/216 2000/3021/216 2244/3507/216 2240/3503/216
f 2244/3507/216 2000/3021/216 1994/3009/216 2243/3509/216
f 2243/3509/216 1994/3009/216 1988/2997/216 2249/3515/216
f 1896/2813/216 2249/3515/216 1988/2997/216 1911/2843/216
f 2264/3494/216 2255/3523/216 2520/3778/216 2523/3777/216
f 2523/3777/216 2526/14/216 24/13/216 2264/3494/216
s 1
f 2527/15/11 2526/14/11 2523/3777/11 2524/3776/11
f 2528/85/70 2527/84/70 2524/3781/70 2525/3780/70
f 2529/79/66 2086/78/66 2088/3196/66 2413/3653/66
f 2530/8/6 2529/7/6 2413/3655/6 2414/3654/6
s 0
f 104/32/236 2396/3606/236 2087/3194/236 2086/78/236
f 2453/3714/236 2113/3246/236 2107/3234/236 2383/82/236
f 366/81/236 2456/136/236 2453/3714/236 2383/82/236
f 465/127/236 2131/134/236 2137/3293/236 2461/3630/236
f 2398/3647/216 2411/3650/216 2034/3089/216 2035/3091/216
f 2035/3091/216 1779/2579/216 1778/2578/216 2398/3647/216
f 1778/2578/216 1866/2753/216 1873/2767/216 2398/3647/216
f 1884/2789/216 2414/3654/216 2398/3647/216 1873/2767/216
f 2006/3033/216 2333/3555/216 2336/3554/216 2001/3023/216
f 1995/3011/216 2001/3023/216 2336/3554/216 1990/3001/216
f 1909/2839/216 1990/3001/216 2336/3554/216 1897/2815/216
f 2336/3554/216 2339/3562/216 2368/3590/216 1897/2815/216
f 1897/2815/216 2368/3590/216 2363/3596/216 1884/2789/216
f 2530/8/216 2414/3654/216 1884/2789/216 2363/3596/216
f 2389/68/216 16/5/216 2530/8/216 2363/3596/216
f 2076/3173/197 2077/3175/197 2141/3301/197 2140/3300/197
f 2077/3175/197 2072/3165/197 2144/3307/197 2141/3301/197
f 2072/3165/197 2068/3157/197 2148/3315/197 2144/3307/197
f 2069/3159/197 2073/3167/197 2145/3309/197 2149/3317/197
f 2073/3167/197 2076/3173/197 2140/3300/197 2145/3309/197
f 1818/2657/197 1812/2645/197 2211/3458/197 2265/3431/197
f 1812/2645/197 1809/2639/197 2205/3456/197 2211/3458/197
f 1809/2639/197 1802/2625/197 2210/3453/197 2205/3456/197
f 2169/3357/197 2442/3703/197 2420/3697/197 2165/3349/197
f 2442/3703/197 2169/3357/197 2173/3365/197 2445/3707/197
f 2445/3707/197 2173/3365/197 2176/3371/197 2448/3686/197
f 1819/2659/197 2528/85/197 2525/3780/197 1813/2647/197
f 1813/2647/197 2525/3780/197 2522/3783/197 1808/2637/197
f 2528/85/197 1819/2659/197 1818/2657/197 99/26/197
f 2265/3431/197 99/26/197 1818/2657/197
s 1
f 2532/3784/70 2531/3785/70 2522/3783/70 2521/3782/70
f 2520/3778/11 2533/3786/11 2532/3787/11 2521/3779/11
s 0
f 2522/3783/197 2531/3785/197 1803/2627/197 1808/2637/197
f 2520/3778/216 2255/3523/216 2252/3519/216 2533/3786/216
f 2533/3786/216 2252/3519/216 2249/3515/216 1896/2813/216
s 1
f 2535/3775/70 2534/3774/70 2531/3785/70 2532/3784/70
f 2532/3787/11 2533/3786/11 2536/3773/11 2535/3772/11
s 0
f 2534/3774/197 1789/2599/197 1803/2627/197 2531/3785/197
f 2517/3769/216 2536/3773/216 2533/3786/216 1896/2813/216
f 1789/2599/197 2534/3774/197 2519/3770/197 1764/2550/197
f 1764/2550/197 2519/3770/197 2516/3766/197 1765/2551/197
f 1765/2551/197 2516/3766/197 2510/3760/197 2068/3157/197
f 2210/3453/197 1802/2625/197 1788/2597/197 2332/3446/197
f 2421/3695/197 2161/3341/197 2165/3349/197 2420/3697/197
s 1
f 2149/3317/197 2153/3325/197 2547/3788/197 2548/3789/197
f 2153/3325/197 2157/3333/197 2546/3790/197 2547/3788/197
f 2538/3791/197 2537/3792/197 2270/89/197 2201/3437/197
f 2539/3793/197 2538/3791/197 2201/3437/197 2198/3440/197
f 2541/3794/197 2540/3795/197 2537/3792/197 2538/3791/197
f 2542/3796/197 2541/3794/197 2538/3791/197 2539/3793/197
f 2544/3797/197 2543/3798/197 2540/3795/197 2541/3794/197
f 2545/3799/197 2544/3797/197 2541/3794/197 2542/3796/197
s 0
f 2540/3795/197 2482/3723/197 2477/139/197 2537/3792/197
f 2482/3723/197 2540/3795/197 2543/3798/197 2415/3694/197
f 2545/3799/197 2542/3796/197 1762/2546/197 2069/3159/197
f 1763/2547/197 1762/2546/197 2542/3796/197 2539/3793/197
f 2332/3446/197 1788/2597/197 1763/2547/197 2202/3442/197
f 1763/2547/197 2539/3793/197 2198/3440/197 2202/3442/197
f 2270/89/197 2537/3792/197 2477/139/197 368/86/197
s 1
f 2547/3788/197 2546/3790/197 2543/3798/197 2544/3797/197
f 2548/3789/197 2547/3788/197 2544/3797/197 2545/3799/197
s 0
f 2546/3790/197 2157/3333/197 2161/3341/197 2421/3695/197
f 2543/3798/197 2546/3790/197 2421/3695/197 2415/3694/197
f 2548/3789/197 2545/3799/197 2069/3159/197 2149/3317/197
f 2448/3686/197 2176/3371/197 2177/3373/197 466/131/197
f 2164/3347/197 2160/3339/197 2401/3644/197 2407/137/197
f 2177/3373/197 2172/3363/197 2168/3355/197 466/131/197
f 466/131/197 2168/3355/197 2164/3347/197 2407/137/197
f 2156/3331/197 2152/3323/197 2495/3738/197 2492/3734/197
f 2401/3644/197 2160/3339/197 2156/3331/197 2410/3633/197
f 367/109/197 2410/3633/197 2156/3331/197 2492/3734/197
f 2152/3323/197 2148/3315/197 2498/3742/197 2495/3738/197
f 2510/3760/197 2511/3758/197 2507/3754/197 2068/3157/197
f 2068/3157/197 2507/3754/197 2504/3750/197 2501/3746/197
f 2068/3157/197 2501/3746/197 2498/3742/197 2148/3315/197
